{"type": "FeatureCollection", "generated": "2026-09-17T00:00:00+00:00", "features": [{"type": "Feature", "geometry": {"type": "Point", "coordinates": [10.75203, 59.91421]}, "properties": {"id": "4aWGnqoHTynSHE3gCm5D", "country": "NO", "name": "Ulsrudvann Rundt - 6. løp", "date": "2026-09-17T10:00:00Z", "town": "Oslo", "area": "Oslo", "distanceSummary": "2,97 km", "distances_km": [2.97], "categories": ["trail"], "url": null, "description": "Terrengløp på grusvei og smal sti. Løypekart under arrangementets hjemmesider"}}, {"type": "Feature", "geometry": {"type": "Point", "coordinates": [7.9997, 58.14998]}, "properties": {"id": "4jYDy4bnDr4PzUAVXYnm", "country": "NO", "name": "ABIK Terrengkarusell  løp 17 - Roligheten/Marvika", "date": "2026-09-17T10:00:00Z", "town": "Kristiansand", "area": "Agder", "distanceSummary": "3,5 km, 7,1 km", "distances_km": [3.5, 7.1], "categories": ["trail"], "url": null, "description": "Helt ny spennende løype fra  2016  inne på den nedlagte marinebasen  Marvika ,  Lundsiden i Kristiansand  og på Roligheten Camping/Bertesbukta.   Distanse 2  =  Milslukeren,  dvs. løypa  x 2   "}}, {"type": "Feature", "geometry": {"type": "Point", "coordinates": [5.64318, 58.74245]}, "properties": {"id": "7avd1wNmGDgKR6p7AMB8", "country": "NO", "name": "Siste test før Berlin Maraton", "date": "2026-09-17T10:00:00Z", "town": "Time", "area": "Rogaland", "distanceSummary": "10 km", "distances_km": [10.0], "categories": ["road"], "url": null, "description": "Tradisjonen på Undheim er å ha ein 10 km 10 dager før Berlin Maraton som siste oppkjøring før løpet. Løypa er i den tradisjonelle 8-tals løypa som me har brukt i 10 år."}}, {"type": "Feature", "geometry": {"type": "Point", "coordinates": [10.38789, 63.43323]}, "properties": {"id": "7fSbW0Lihfh2IhMjIBpI", "country": "NO", "name": "Terrengløp Nilsbyen", "date": "2026-09-17T10:00:00Z", "town": "Trondheim", "area": "Trøndelag", "distanceSummary": "4,8 km", "distances_km": [4.8], "categories": ["road", "trail"], "url": "https://terrengkarusellentrondheim.no/", "description": "All informasjon om Terrengkarusellen finner du på terrengkarusellentrondheim.no"}}, {"type": "Feature", "geometry": {"type": "Point", "coordinates": [10.65663, 59.44416]}, "properties": {"id": "9xl3jU7YZBeB0PmuhK6A", "country": "NO", "name": "Ryggejoggen, løp nr. 2298", "date": "2026-09-17T10:00:00Z", "town": "Moss", "area": "Østfold", "distanceSummary": "2 km, 4,3 km, 7,2 km", "distances_km": [2.0, 4.3, 7.2], "categories": ["road", "trail"], "url": "https://www.facebook.com/profile.php?id=100064907401190", "description": "Start fra Ryggejoggenhytta v/Rygge krk.\nkl.17:00 til 19:00\nEventuell fellesstart kl.17:30\n\nFørste 500m går på sykelsti langs Kurefjordveien, deretter første gårdsvei til høyre inn i skogsløypa!"}}, {"type": "Feature", "geometry": {"type": "Point", "coordinates": [11.14957, 59.58505]}, "properties": {"id": "JE0SQFttL1V4nHEMZD0j", "country": "NO", "name": "Linnatrimmen", "date": "2026-09-17T10:00:00Z", "town": "Indre Østfold", "area": "Østfold", "distanceSummary": "2 km, 5 km", "distances_km": [2.0, 5.0], "categories": ["road"], "url": null, "description": "På Solbergfosslinna i Askim. Start og mål ovenfor Askim brannstasjon. Man kan delta på fellesstart eller gå/løpe for seg selv uten tidtaking. Fellesstart kl. 18.00. Påmelding fra kl. 17.45. Distanser på 5 km og 2 km. "}}, {"type": "Feature", "geometry": {"type": "Point", "coordinates": [11.10707, 59.28365]}, "properties": {"id": "OMMD9u0SJkEsLGZmd1wO", "country": "NO", "name": "Torsdagsløpet", "date": "2026-09-17T10:00:00Z", "town": "Sarpsborg", "area": "Østfold", "distanceSummary": "5,1 km", "distances_km": [5.1], "categories": ["road", "trail"], "url": "https://www.torsdagstrimmen.no", "description": "5,1 km mosjonsløp i Kalnesskogens blå løype"}}, {"type": "Feature", "geometry": {"type": "Point", "coordinates": [8.24009, 58.332]}, "properties": {"id": "cGaqkf0z37bxyimhIjAq", "country": "NO", "name": "Espe Rundt   Finale", "date": "2026-09-17T10:00:00Z", "town": "Birkenes", "area": "Agder", "distanceSummary": "7,05 km", "distances_km": [7.05], "categories": ["road", "trail"], "url": "http://www.skaare.nl/espe/espe.html", "description": "For å bli med i finalen må du ha gjennomført 3 løp, Vi bruker gjennomsnittstida for å lage staarttid. har du f.eks en gjennomsnittstid på 40 min vil du starte kl 018.20. Første mann i mål vinner. Lykke til!"}}, {"type": "Feature", "geometry": {"type": "Point", "coordinates": [5.33219, 60.38768]}, "properties": {"id": "hDFGjIUgOkMooomQOrpV", "country": "NO", "name": "Åsane løpskarusell  2026 | løp 6", "date": "2026-09-17T10:00:00Z", "town": "Bergen", "area": "Vestland", "distanceSummary": "5 km", "distances_km": [5.0], "categories": ["road"], "url": "https://aasane-lopskarusell.no/", "description": ""}}, {"type": "Feature", "geometry": {"type": "Point", "coordinates": [10.44025, 59.84138]}, "properties": {"id": "ukJ9ogVyVkJDaMIUvpOx", "country": "NO", "name": "AskerSpurten", "date": "2026-09-17T10:00:00Z", "town": "Asker", "area": "Akershus", "distanceSummary": "5 km, 10 km", "distances_km": [5.0, 10.0], "categories": ["road"], "url": "https://racetracker.no/events/2026/askerspurten/", "description": ""}}, {"type": "Feature", "geometry": {"type": "Point", "coordinates": [10.93661, 59.2172]}, "properties": {"id": "z8QROXg5cJHo2owOFtNp", "country": "NO", "name": "GIF-joggen", "date": "2026-09-18T10:00:00Z", "town": "Fredrikstad", "area": "Østfold", "distanceSummary": "4 km", "distances_km": [4.0], "categories": ["trail"], "url": "https://gresvikif.no/gif-joggen/", "description": "GIF-joggen er et fast ukentlig arrangement i sommerhalvåret (unntatt juli). En 4,0 km lang løype i variert og tidvis krevende terreng. Fellesstarter på grusbanen i Trondalen fredager, 17:15 for de som går og 17:30 for de som løper. Oppmøte 15 min før start."}}, {"type": "Feature", "geometry": {"type": "Point", "coordinates": [16.16386, 68.76888]}, "properties": {"id": "0wuh4yT3LeDnrIsPqTsc", "country": "NO", "name": "Håndtverksløpet Straumsbotn Rundt", "date": "2026-09-19T10:00:00Z", "town": "Kvæfjord", "area": "Troms", "distanceSummary": "9,3 km", "distances_km": [9.3], "categories": ["road"], "url": null, "description": ""}}, {"type": "Feature", "geometry": {"type": "Point", "coordinates": [10.96001, 59.93948]}, "properties": {"id": "10JMz53IbKJJZVoFhj9w", "country": "NO", "name": "Lørenskog Cannon ball Ultra", "date": "2026-09-19T10:00:00Z", "town": "Lørenskog", "area": "Akershus", "distanceSummary": "Halvmaraton, Maraton, 47,5 km", "distances_km": [21.098, 42.195, 47.5], "categories": ["road"], "url": "https://www.facebook.com/events/1239881514220499/1239881560887161?acontext=%7B%22event_action_history%22%3A[%7B%22mechanism%22%3A%22surface%22%2C%22surface%22%3A%22permalink%22%7D]%2C%22ref_notif_type%22%3Anull%7D", "description": "Cannon ball løp. Lavterskel! Deltagerne sørger for seg med mat, drikke og forsikring. Halvmaraton, helmaraton og ultradistanse. 5K x 4 eller 8 eller 9 runder. Løpet er gratis, men du kan vippse valgfritt beløp til 99375432 merket Cannon ball. Alle pengene går til årets TV-aksjon. Mer info? 99375432"}}, {"type": "Feature", "geometry": {"type": "Point", "coordinates": [10.25735, 60.15737]}, "properties": {"id": "3FxX8PWmecyiv6HdHQnP", "country": "NO", "name": "Soknaløpet", "date": "2026-09-19T10:00:00Z", "town": "Ringerike", "area": "Buskerud", "distanceSummary": "1 km, 5 km", "distances_km": [1.0, 5.0], "categories": ["road"], "url": "https://soknalopet.no/", "description": ""}}, {"type": "Feature", "geometry": {"type": "Point", "coordinates": [10.74661, 59.91367]}, "properties": {"id": "72foFUkmZ20muTdQzwJb", "country": "NO", "name": "Oslos bratteste", "date": "2026-09-19T10:00:00Z", "town": "Oslo", "area": "Oslo", "distanceSummary": "2,7 km", "distances_km": [2.7], "categories": ["trail"], "url": "https://oslosbratteste.no", "description": "Oslos Bratteste 2026 – utfordringen alle kan klare!\nLøpet starter som vanlig i bunn av Wyllerløypa og tar deg opp 407 herlige høydemeter til toppen av bakken og Tryvannstårnet!\n\n2,7 km lang løype – 407 høydemeter!"}}, {"type": "Feature", "geometry": {"type": "Point", "coordinates": [10.79631, 63.41117]}, "properties": {"id": "GKzbsaowMDVwQi8qTgz8", "country": "NO", "name": "Muruvik Backyard Ultra", "date": "2026-09-19T10:00:00Z", "town": "Malvik", "area": "Trøndelag", "distanceSummary": "6,704 km, 80 km", "distances_km": [6.704, 80.0], "categories": ["road"], "url": "https://www.facebook.com/groups/737873317402555", "description": "Runde på 6,7 km. Start hver hele time.\nSiste person som står igjen, vinner løpet."}}, {"type": "Feature", "geometry": {"type": "Point", "coordinates": [11.03136, 59.03022]}, "properties": {"id": "OG7nFtexdFqrCjq2HdaR", "country": "NO", "name": "Hvalermila", "date": "2026-09-19T10:00:00Z", "town": "Hvaler", "area": "Østfold", "distanceSummary": "0,5 km, 5 km, 10 km", "distances_km": [0.5, 5.0, 10.0], "categories": ["trail"], "url": null, "description": ""}}, {"type": "Feature", "geometry": {"type": "Point", "coordinates": [6.15713, 62.47344]}, "properties": {"id": "QIhBrMdhBK7h3lbP5GN9", "country": "NO", "name": "Ålesund Backyard Ultra", "date": "2026-09-19T10:00:00Z", "town": "Ålesund", "area": "Møre og Romsdal", "distanceSummary": "6,7 km", "distances_km": [6.7], "categories": ["road"], "url": "https://midtnorge.bedriftsidretten.no/next/p/102914/backyard-ultra-aalesund", "description": "Backyard Ultra rundt Hessa i Ålesund. (Maks 10 runder siden det er første gang vi arrangerer dette her.) "}}, {"type": "Feature", "geometry": {"type": "Point", "coordinates": [5.93443, 59.6646]}, "properties": {"id": "QewCWiyy53cJkzp8jKoh", "country": "NO", "name": "Bondespretten", "date": "2026-09-19T10:00:00Z", "town": "Etne", "area": "Vestland", "distanceSummary": "0,4 km, 0,8 km, 8 km", "distances_km": [0.4, 0.8, 8.0], "categories": ["trail"], "url": "https://www.facebook.com/EtneSenter", "description": "8 km terrengløp, pluss barneløp. \nStart og mål: Etne Senter. \nArrangør: Etne Senter. \ni samarbeid med IF Klypetussen. \nPåmelding: eq-timing."}}, {"type": "Feature", "geometry": {"type": "Point", "coordinates": [6.35807, 59.65181]}, "properties": {"id": "QiosxDOLSBREKbR7tX9x", "country": "NO", "name": "Saudamilå", "date": "2026-09-19T10:00:00Z", "town": "Sauda", "area": "Rogaland", "distanceSummary": "10 km", "distances_km": [10.0], "categories": ["road"], "url": null, "description": " "}}, {"type": "Feature", "geometry": {"type": "Point", "coordinates": [10.58911, 60.31548]}, "properties": {"id": "SxfybItCGM7vc933wCsM", "country": "NO", "name": "Oppdalsløpet 2026", "date": "2026-09-19T10:00:00Z", "town": "Lunner", "area": "Akershus", "distanceSummary": "3,3 km", "distances_km": [3.3], "categories": ["road", "trail"], "url": null, "description": "Oppdalsløpet går av stabelen lørdag 19.september med start kl. 13.00. Det er gratis påmelding på Noil.no eller på selve løpsdagen fra kl. 12.00.\nLøpet er 3,5km langt på grusvei og sti. Du kan gå eller løpe. Vandrepokal til raskeste kvinne og mann\nPåmelding: https://www.webscorer.com/register?raceid="}}, {"type": "Feature", "geometry": {"type": "Point", "coordinates": [14.37327, 67.27931]}, "properties": {"id": "V0jUtdAD7irl91SGHlce", "country": "NO", "name": "Bodøstafetten", "date": "2026-09-19T10:00:00Z", "town": "Bodø", "area": "Nordland", "distanceSummary": "11 km", "distances_km": [11.0], "categories": ["road"], "url": null, "description": ""}}, {"type": "Feature", "geometry": {"type": "Point", "coordinates": [5.65673, 58.73426]}, "properties": {"id": "WCqGV4fGR0XaKyLMZjSO", "country": "NO", "name": "Bryneløpet", "date": "2026-09-19T10:00:00Z", "town": "Time", "area": "Rogaland", "distanceSummary": "0,644 km, 0,644 km, 6,44 km, 11,44 km", "distances_km": [0.644, 6.44, 11.44], "categories": ["road"], "url": null, "description": "Løpet starter utenfor Kjøpesenteret M44. Det er gratis å melde seg på barneløpene (44m for de opp til 1. klasse) og 544m (1-7. klasse). Vi kjører 4 heat (1-3. klasse gutter, 1. - 3. klasse jenter osv). Løpet går på asfalt og grus. \r\n\r\nVi har også familiepåmelding på maks kr 500 for de som skal løpe "}}, {"type": "Feature", "geometry": {"type": "Point", "coordinates": [7.98909, 58.1478]}, "properties": {"id": "aUjcw1tR9w3Du22wDYrw", "country": "NO", "name": "Backyard Kristiansand ultra", "date": "2026-09-19T10:00:00Z", "town": "Kristiansand", "area": "Agder", "distanceSummary": "6,7 km, 80,4 km", "distances_km": [6.7, 80.4], "categories": ["road"], "url": "https://www.backyardultra.no/kristiansand/", "description": "Backyard"}}, {"type": "Feature", "geometry": {"type": "Point", "coordinates": [8.56478, 60.86783]}, "properties": {"id": "ckJdgkXZnzc2OxHi5Fge", "country": "NO", "name": "Fýri Trail by Salomon", "date": "2026-09-19T10:00:00Z", "town": "Hemsedal", "area": "Buskerud", "distanceSummary": "18 km, 29 km, 56 km", "distances_km": [18.0, 29.0, 56.0], "categories": ["trail"], "url": "https://fyriresort.com/fyri-trail-by-salomon/", "description": ""}}, {"type": "Feature", "geometry": {"type": "Point", "coordinates": [5.50731, 60.52265]}, "properties": {"id": "dJknbSqH7apciwXMLtKR", "country": "NO", "name": "BERGAN BYGG Brakvatnet halvmaraton + stafett", "date": "2026-09-19T10:00:00Z", "town": "Osterøy", "area": "Vestland", "distanceSummary": "Halvmaraton, Halvmaraton", "distances_km": [21.098], "categories": ["road", "trail"], "url": "https://osteroyil.no/bergen-bygg-brakvatnet-halvmaraton/", "description": "Løpet består av 8 runder rundt Brakvatnet, hovedsakleg på grusveg. Sjå  http://ny.osteroyil.no.web.argo.no/?mapping=458\nKupert. kl. 10.00 Halvmaraton u.t. Barneløp 1 runde 2,6 km kl. 11.00. og kl. 12.00  halvmaraton og halvmaraton stafett. Påmelding i eqtiming.\n"}}, {"type": "Feature", "geometry": {"type": "Point", "coordinates": [5.50766, 59.78911]}, "properties": {"id": "djgOVB5gqXHIGb5XA2R9", "country": "NO", "name": "Flyplassmila", "date": "2026-09-19T10:00:00Z", "town": "Stord", "area": "Vestland", "distanceSummary": "5 km, 10 km", "distances_km": [5.0, 10.0], "categories": ["road"], "url": "https://www.flyplassmila.no/", "description": "5 km og 10 km i verdas raskaste løypetrasé på Stord lufthamn. Rundar på 2,5 km med paddeflatt og nydelig asfalt."}}, {"type": "Feature", "geometry": {"type": "Point", "coordinates": [10.28013, 63.27641]}, "properties": {"id": "ilRVRIUePQxjD1kcHBjR", "country": "NO", "name": "Håen Rundt", "date": "2026-09-19T10:00:00Z", "town": "Melhus", "area": "Trøndelag", "distanceSummary": "1 km, 11 km", "distances_km": [1.0, 11.0], "categories": ["road", "trail"], "url": "https://www.facebook.com/events/998106376190499?active_tab=about", "description": "Løpet går rundt innsjøen Håen, Lundamo\nCa 11 km rundt vannet \nPremiering til de tre beste i hvert kjønn\n"}}, {"type": "Feature", "geometry": {"type": "Point", "coordinates": [6.02315, 62.37]}, "properties": {"id": "je6jxQxQHlSJPcl4Tixh", "country": "NO", "name": "Hareidlandet Bakgårdsløp", "date": "2026-09-19T10:00:00Z", "town": "Hareid", "area": "Møre og Romsdal", "distanceSummary": "6,7 km, 80,4 km", "distances_km": [6.7, 80.4], "categories": ["trail"], "url": "https://www.racetracker.one/2026/hareidlandet-bakgardslop", "description": "Løpet følger Backyard-konseptet og består av tolv runder, start hver time, i en 6,7 kilometer lang trasé."}}, {"type": "Feature", "geometry": {"type": "Point", "coordinates": [5.33369, 60.39852]}, "properties": {"id": "nGaO6eqpOozmOzrHLCob", "country": "NO", "name": "Team Macody / Bergen Halvmaraton", "date": "2026-09-19T10:00:00Z", "town": "Bergen", "area": "Vestland", "distanceSummary": "Halvmaraton", "distances_km": [21.098], "categories": ["road"], "url": "https://www.facebook.com/events/1477881447704825", "description": "Kvalømilen x 2 + 1,1 km"}}, {"type": "Feature", "geometry": {"type": "Point", "coordinates": [14.91546, 68.56546]}, "properties": {"id": "pxF85yAF4FdemxioivI6", "country": "NO", "name": "Ulvøyløpet", "date": "2026-09-19T10:00:00Z", "town": "Hadsel", "area": "Nordland", "distanceSummary": "13 km, 26 km", "distances_km": [13.0, 26.0], "categories": ["trail"], "url": null, "description": ""}}, {"type": "Feature", "geometry": {"type": "Point", "coordinates": [10.20379, 59.736]}, "properties": {"id": "qvM1WTdhGYgkw04uj1SU", "country": "NO", "name": "Hauernløpet/ultra", "date": "2026-09-19T10:00:00Z", "town": "Drammen", "area": "Buskerud", "distanceSummary": "10 km, 18 km, 54 km", "distances_km": [10.0, 18.0, 54.0], "categories": ["trail"], "url": null, "description": "Løypa går forbi barndomshjemmet til Haug på Årkvisla, rundt Panteguten og opp til Tverken før den returnerer til Spiralen via Landfallhytta og Theo Thornes sti, ca 18 km.\r\n\r\nDet er tre drikkestasjoner underveis. Første drikkestasjon er etter 5km på Årkvisla/Haugstua. Andre drikkestasjon er etter 10k"}}, {"type": "Feature", "geometry": {"type": "Point", "coordinates": [6.66234, 58.29699]}, "properties": {"id": "tbnuonP4r9TP2ocen57t", "country": "NO", "name": "Stjernemila", "date": "2026-09-19T10:00:00Z", "town": "Flekkefjord", "area": "Agder", "distanceSummary": "12,21 km, 12,21 km, 0,34 km", "distances_km": [0.34, 12.21], "categories": ["road"], "url": "https://www.stjernemila.no/", "description": "Løpet foregår i en stjerne ut fra Flekkefjord sentrum og startområdet er i Elvegaten ved Fiskebrygga."}}, {"type": "Feature", "geometry": {"type": "Point", "coordinates": [5.06967, 60.98435]}, "properties": {"id": "vIu6v06Jj3NQwzMXNtod", "country": "NO", "name": "Kongeløpet", "date": "2026-09-19T10:00:00Z", "town": "Gulen", "area": "Vestland", "distanceSummary": "13 km", "distances_km": [13.0], "categories": ["road"], "url": "https://www.ygil.no/kongelpet", "description": "Kongeløpet starter ved Joker på Byrknes og så venter cirka 13 varierte kilometer langs vegen og over 3 bruer inn til Skjerjehamn. Kongemarsjen er for store og små, og går frå parkeringsplassen på Randal og inn til Skjerjehamn, cirka 5km."}}, {"type": "Feature", "geometry": {"type": "Point", "coordinates": [7.69864, 61.24059]}, "properties": {"id": "yMYxhCe5K9OWaP10Vh8z", "country": "NO", "name": "Hydro Rundt, Øvre Årdal", "date": "2026-09-19T10:00:00Z", "town": "Årdal", "area": "Vestland", "distanceSummary": "7 km", "distances_km": [7.0], "categories": ["road", "trail"], "url": "https://live.eqtiming.com/78354#dashboard", "description": "Start på Torget i Øvre Årdal. Fram og opp trappene til Ytre Moa. Over Ytre Moa og ned mot gamle kraft stasjonen. Opp og ned langs Hydro Aluminium. Videre Bungalowvegen til Buktabrui. Opp bak Jotun stadion-Rallaren og mål på Torget."}}, {"type": "Feature", "geometry": {"type": "Point", "coordinates": [11.11066, 59.28554]}, "properties": {"id": "DekllPeD6dt7kvH0VNS6", "country": "NO", "name": "Søndagsløpet, Sarpsborg - Rød løype  ", "date": "2026-09-20T10:00:00Z", "town": "Sarpsborg", "area": "Østfold", "distanceSummary": "10,2 km", "distances_km": [10.2], "categories": ["trail"], "url": null, "description": ""}}, {"type": "Feature", "geometry": {"type": "Point", "coordinates": [5.85517, 58.76447]}, "properties": {"id": "Hk8DQfTwHFuuHgYqQPGE", "country": "NO", "name": "Gjesdalmilå", "date": "2026-09-20T10:00:00Z", "town": "Gjesdal", "area": "Rogaland", "distanceSummary": "0,65 km, 5 km, 10 km", "distances_km": [0.65, 5.0, 10.0], "categories": ["road"], "url": "https://www.gjesdalmilå.no", "description": "Løp 10 km i naturskjønne omgivelser rundt Edlandsvatnet på Ålgård. \nLøypen på 5km går rundt idrettsparken på Ålgård."}}, {"type": "Feature", "geometry": {"type": "Point", "coordinates": [8.92824, 58.61909]}, "properties": {"id": "JzwuZfOIYRZ4NUh5n4xH", "country": "NO", "name": "Fagerheikongen", "date": "2026-09-20T10:00:00Z", "town": "Tvedestrand", "area": "Agder", "distanceSummary": "14 km, 24 km", "distances_km": [14.0, 24.0], "categories": ["trail"], "url": "https://fagerheikongen.no/", "description": "Skogsløp i Tvedestrand. 24 km løype: Klasser for senior (f.o.m. 21 år t.o.m.34 år) + 5-årsklasser for veteraner av begge kjønn. 14 km: Juniorklasse for herrer (t.o.m. 20 år) + alle dameklasser (inkl. veteraner). "}}, {"type": "Feature", "geometry": {"type": "Point", "coordinates": [10.45561, 61.1157]}, "properties": {"id": "V4bbtnrTB8Du63UAJ6vO", "country": "NO", "name": "Roteruds Råeste", "date": "2026-09-20T10:00:00Z", "town": "Lillehammer", "area": "Innlandet", "distanceSummary": "1 km, 5 km, 10 km, 53,6 km", "distances_km": [1.0, 5.0, 10.0, 53.6], "categories": ["trail"], "url": "https://www.roterud.no/roteruds-raeste/", "description": "Et nytt terrengløp i 2025 med bratte kneiker, tekniske stier og rå natur som innbyr til en unik opplevelse langt fra asfalt og flatmark. I 2026 også med en backyard med inntil 8 runder. \n"}}, {"type": "Feature", "geometry": {"type": "Point", "coordinates": [10.73554, 59.91106]}, "properties": {"id": "WUF5Cruigp7JpFYF3ZKR", "country": "NO", "name": "Oslo Løpsfestival - Fornebu", "date": "2026-09-20T10:00:00Z", "town": "Oslo", "area": "Oslo", "distanceSummary": "10 km", "distances_km": [10.0], "categories": ["road"], "url": "https://oslolopsfestival.no/", "description": "Hvert løp i Oslo Løpsfestival settes opp en annonsert fredag. Deretter er løypen åpen til søndag helgen etter. Da avsluttes løpet med fellesstart."}}, {"type": "Feature", "geometry": {"type": "Point", "coordinates": [10.96866, 59.92334]}, "properties": {"id": "YCBZPPr1fQdyD11nzcxC", "country": "NO", "name": "Lørenskog Cannon ball Ultra", "date": "2026-09-20T10:00:00Z", "town": "Lørenskog", "area": "Akershus", "distanceSummary": "Halvmaraton, Maraton, 47,5 km", "distances_km": [21.098, 42.195, 47.5], "categories": ["road"], "url": "https://www.facebook.com/events/1239881514220499/1239881577553826?acontext=%7B%22event_action_history%22%3A[%7B%22extra_data%22%3A%22%22%2C%22mechanism%22%3A%22surface%22%2C%22surface%22%3A%22permalink%22%7D%2C%7B%22extra_data%22%3A%22%22%2C%22mechanism%22%3A%22surface%22%2C%22surface%22%3A%22permalink%22%7D]%2C%22ref_notif_type%22%3Anull%7D", "description": "Cannon ball løp. Lavterskel! Deltagerne sørger for seg med mat, drikke og forsikring. Halvmaraton, helmaraton og ultradistanse. 5K x 4 eller 8 eller 9 runder. Løpet er gratis, men du kan vippse valgfritt beløp til 99375432 merket Cannon ball. Alle pengene går til årets TV-aksjon. Mer info? 99375432"}}, {"type": "Feature", "geometry": {"type": "Point", "coordinates": [9.98098, 60.56823]}, "properties": {"id": "khWBqMhpxrnsK9oACtZj", "country": "NO", "name": "Neskollen opp/ned og 10 km", "date": "2026-09-20T10:00:00Z", "town": "Nes", "area": "Akershus", "distanceSummary": "1 km, 4,4 km, 10 km", "distances_km": [1.0, 4.4, 10.0], "categories": ["road", "trail"], "url": "https://hvamil.no/neskollen-oppned/article/neskollen-oppned-soendag-22-september-2024", "description": "Neskollen opp/ned ble i 2024 arrangert for 10. gang. "}}, {"type": "Feature", "geometry": {"type": "Point", "coordinates": [10.24609, 59.78694]}, "properties": {"id": "ohFcLKZa3mWLR6ciAtjP", "country": "NO", "name": "Lierløpet 9", "date": "2026-09-20T10:00:00Z", "town": "Lier", "area": "Buskerud", "distanceSummary": "5 km, 10 km, Halvmaraton", "distances_km": [5.0, 10.0, 21.098], "categories": ["road"], "url": "https://rundrm.no/nb/lierlopet/", "description": "Lierløpet går i den etterhvert kjente Linnesrunden, en svært lettløpt trasé som passer alle. Løpet går på bred gangvei og er velbrukt av mosjonister i Drammensområdet. Målgang er ved Lier Stasjon, mens startstedet varierer utifra distanse."}}, {"type": "Feature", "geometry": {"type": "Point", "coordinates": [9.20433, 63.05906]}, "properties": {"id": "sm4Q2cEdOj3LC08y5EZ9", "country": "NO", "name": "Lina Roindt", "date": "2026-09-20T10:00:00Z", "town": "Rindal", "area": "Trøndelag", "distanceSummary": "3 km, 6,7 km, 10,805 km", "distances_km": [3.0, 6.7, 10.805], "categories": ["road"], "url": "http://www.rindalil.no/lina-roindt.284873.no.html", "description": "For konkurranseløpere: En distanse 10,8 km.\n\nI trimklassen, uten tidtaking,  tre akternative løyper: 3km, 6,7 km og 10,8km."}}, {"type": "Feature", "geometry": {"type": "Point", "coordinates": [11.15929, 59.58723]}, "properties": {"id": "szfzxtiEEl7JZgmkzSpl", "country": "NO", "name": "Slitusprinten inkl. NM 5 km", "date": "2026-09-20T10:00:00Z", "town": "Indre Østfold", "area": "Østfold", "distanceSummary": "1 km, 5 km, 10 km", "distances_km": [1.0, 5.0, 10.0], "categories": ["road"], "url": "https://www.slitusprinten.no", "description": ""}}, {"type": "Feature", "geometry": {"type": "Point", "coordinates": [11.39406, 59.12221]}, "properties": {"id": "tHBuaDh1pBTYKvnOcUJr", "country": "NO", "name": "Karl XIIs løp", "date": "2026-09-20T10:00:00Z", "town": "Halden", "area": "Østfold", "distanceSummary": "4,8 km, 0,6 km, 8 km, 9,6 km", "distances_km": [0.6, 4.8, 8.0, 9.6], "categories": ["trail"], "url": "https://www.facebook.com/events/1322233179633032/", "description": "Ble arrangert for første gang i 2025. Barneløp (600 m), 5 km (3 x 1600 m) og 10 km (6 x 1600 m). Nytt i 2026 er stafett på 5 x 1600 m. "}}, {"type": "Feature", "geometry": {"type": "Point", "coordinates": [11.26208, 60.33037]}, "properties": {"id": "uOEjMaAuns8XVAyECnXa", "country": "NO", "name": "Perseløpet 3km, 10 km", "date": "2026-09-20T10:00:00Z", "town": "Eidsvoll", "area": "Akershus", "distanceSummary": "3 km, 10 km", "distances_km": [3.0, 10.0], "categories": ["road"], "url": "https://signup.eqtiming.com/?Event=perselopet&lang=norwegian", "description": "Rask rundløype på 2.6km"}}, {"type": "Feature", "geometry": {"type": "Point", "coordinates": [6.42414, 60.6368]}, "properties": {"id": "29mpnJ1yQ2zPWaGAG1Ql", "country": "NO", "name": "Voss Løpskarusell 6", "date": "2026-09-21T10:00:00Z", "town": "Voss", "area": "Vestland", "distanceSummary": "5 km", "distances_km": [5.0], "categories": ["road"], "url": "https://vossil.no/friidrett/vossakarusellen", "description": "5 km løpskarusell. \nStart frå idrettsplassen.\nAll påmelding på eqtiming. Sjå info på http://www.vossil.no"}}, {"type": "Feature", "geometry": {"type": "Point", "coordinates": [9.64821, 59.66401]}, "properties": {"id": "2xD6ZPZEIut3LnTLeTal", "country": "NO", "name": "Kongsberg-IF Mosjonskarusellen - 8. løp Skrim idrettspark", "date": "2026-09-21T10:00:00Z", "town": "Kongsberg", "area": "Buskerud", "distanceSummary": "1,5 km", "distances_km": [1.5], "categories": [], "url": null, "description": "Inngår i Kongsberg-IF-Mosjonskarusellen (8 løp)"}}, {"type": "Feature", "geometry": {"type": "Point", "coordinates": [4.83287, 60.5935]}, "properties": {"id": "ghVrFR9s6TYIThS4vfz6", "country": "NO", "name": "Øygardskarusellen - Løp 5", "date": "2026-09-21T10:00:00Z", "town": "Øygarden", "area": "Vestland", "distanceSummary": "3 km, 10 km", "distances_km": [3.0, 10.0], "categories": ["road"], "url": "https://www.facebook.com/oygardskarusellen", "description": "Toftøy idrettsbane"}}, {"type": "Feature", "geometry": {"type": "Point", "coordinates": [11.02578, 60.06768]}, "properties": {"id": "3MMsPmU9wjSnfCpbWtll", "country": "NO", "name": "Kniplia Opp", "date": "2026-09-22T10:00:00Z", "town": "Gjerdrum", "area": "Akershus", "distanceSummary": "1,1 km", "distances_km": [1.1], "categories": ["road", "trail"], "url": null, "description": "Kniplia Opp er et lokalt motbakkeløp i Gjerdrum. Total lengde på løype er ca 1,1 km. Ca 110 høydemeter. Målgang på toppen av det lokale alpinanlegget. "}}, {"type": "Feature", "geometry": {"type": "Point", "coordinates": [10.6015, 60.72947]}, "properties": {"id": "5ZIsjNHOpsekTTkkZ4Nn", "country": "NO", "name": "GT-Karusellen Løp 9 - Lauvhøgda Motbakkeløp", "date": "2026-09-22T10:00:00Z", "town": "Vestre Toten", "area": "Innlandet", "distanceSummary": "2,4 km, 3,6 km, 6 km", "distances_km": [2.4, 3.6, 6.0], "categories": ["trail"], "url": "https://www.facebook.com/profile.php?id=100063507222486#", "description": "Terrengkarusell arrangert av Vind IL, Raufoss IL, Østre Toten Skilag og Gjøvik Skiklubb."}}, {"type": "Feature", "geometry": {"type": "Point", "coordinates": [9.06634, 59.40819]}, "properties": {"id": "7jufVioxMPm3VsPG8mCW", "country": "NO", "name": "Sport1 Glexe 10 KM høst", "date": "2026-09-22T10:00:00Z", "town": "Midt-Telemark", "area": "Telemark", "distanceSummary": "", "distances_km": [], "categories": ["road"], "url": "https://signup.eqtiming.com/arrangement/10-km-sport-1-glexe-host/g295.60491?event=sport_1_karusellen", "description": "Løpet har blitt kontrollmålt og er en kjapp trase på nye gang og sykkelvei på vegen mot Gvarv. Start og mål ved MSG Bilvask retning Gvarv fra Bø. Toalett kan man bruke på Bøsenteret  Circkle K. Ikke dusjmuligheter.Løypa er lettløpt på gang og sykkelsti. Ubetjent drikkestasjon etter cirka 3,4 , 6,6 o"}}, {"type": "Feature", "geometry": {"type": "Point", "coordinates": [10.93813, 59.21015]}, "properties": {"id": "8CBT0cpL2N9tgvpihaHh", "country": "NO", "name": "Borredalen Rundt ", "date": "2026-09-22T10:00:00Z", "town": "Fredrikstad", "area": "Østfold", "distanceSummary": "5,5 km", "distances_km": [5.5], "categories": ["road", "trail"], "url": "https://www.facebook.com/groups/389228317759689/?multi_permalinks=8061410920541352&notif_id=1711272956904859&notif_t=feedback_reaction_generic&ref=notif", "description": "Borredalen Rundt arrangeres hver tirsdag fra mars/april til slutten av oktober, og med juleløp i desember. Løpet er arrangert siden 1962. \n\nStart/mål: Ved paviljongen i sydenden av Borredalsdammen.\n\nStarttidspunkt: 18.00"}}, {"type": "Feature", "geometry": {"type": "Point", "coordinates": [11.99602, 60.18831]}, "properties": {"id": "A2c2ybSNToeKslmeB3N6", "country": "NO", "name": "Kongsvingerkarusellen - 10. løp: Bruløpet", "date": "2026-09-22T10:00:00Z", "town": "Kongsvinger", "area": "Innlandet", "distanceSummary": "5 km", "distances_km": [5.0], "categories": ["road"], "url": "https://www.facebook.com/kongsvingerkarusellen", "description": ""}}, {"type": "Feature", "geometry": {"type": "Point", "coordinates": [11.07107, 60.79451]}, "properties": {"id": "GfL6lmFmdFX534DRwTsi", "country": "NO", "name": "Moelven, Hamarkarusellens 9. løp", "date": "2026-09-22T10:00:00Z", "town": "Hamar", "area": "Innlandet", "distanceSummary": "3 km, 10 km", "distances_km": [3.0, 10.0], "categories": [], "url": null, "description": "Baneløp på Skarpsno Arena i Moelv. 10 000m eller 3000m. Løpet inngår som Hamarkarusellens 9. løp for sesongen."}}, {"type": "Feature", "geometry": {"type": "Point", "coordinates": [8.76427, 58.46009]}, "properties": {"id": "aHWyw9SzbYuFbox9A73A", "country": "NO", "name": "Sparebanken Norge Terrengkarusellen - Hove", "date": "2026-09-22T10:00:00Z", "town": "Arendal", "area": "Agder", "distanceSummary": "4,3 km, 8,6 km", "distances_km": [4.3, 8.6], "categories": ["trail"], "url": null, "description": ""}}, {"type": "Feature", "geometry": {"type": "Point", "coordinates": [28.18466, 70.20025]}, "properties": {"id": "fkSR9MZxst9hMloS6dkm", "country": "NO", "name": "SNN Ráidoviehkamat/Løpskarusell", "date": "2026-09-22T10:00:00Z", "town": "Tana", "area": "Finnmark", "distanceSummary": "0,8 km, 1,11 km, 3 km", "distances_km": [0.8, 1.11, 3.0], "categories": ["road"], "url": null, "description": ""}}, {"type": "Feature", "geometry": {"type": "Point", "coordinates": [10.21485, 59.74188]}, "properties": {"id": "orqiZBGJO8b76yiXShv6", "country": "NO", "name": "Aron Opp", "date": "2026-09-22T10:00:00Z", "town": "Drammen", "area": "Buskerud", "distanceSummary": "1,75 km, 0,38 km", "distances_km": [0.38, 1.75], "categories": ["road", "trail"], "url": "https://buskerud.bedriftsidretten.no/p/100037/aron-opp", "description": "Et motbakkeløp som arrangeres av Bedriftsidretten Buskerud i samarbeid med Skimore Drammen, Arontunet Lodge og La Sportiva. Starten går i bunnen av slalombakken og følger grusveien i en slynge til toppen hvor målgang vil være ved heishuset. Løypa er på ca 1,75 km. GRATIS for barn under 12 år."}}, {"type": "Feature", "geometry": {"type": "Point", "coordinates": [11.50014, 64.47638]}, "properties": {"id": "xwt98qTqOSfLq5FYrKc1", "country": "NO", "name": "Namdalskarusellen løp 9 - 3 km", "date": "2026-09-22T10:00:00Z", "town": "Namsos", "area": "Trøndelag", "distanceSummary": "3 km", "distances_km": [3.0], "categories": ["road"], "url": null, "description": ""}}, {"type": "Feature", "geometry": {"type": "Point", "coordinates": [18.96691, 69.64759]}, "properties": {"id": "4xa1NPezvVTLJ0QIuURE", "country": "NO", "name": "Tromsøkarusell 16. løp - Prestvannet - skibua t/r", "date": "2026-09-23T10:00:00Z", "town": "Tromsø", "area": "Troms", "distanceSummary": "5,2 km", "distances_km": [5.2], "categories": ["road"], "url": null, "description": ""}}, {"type": "Feature", "geometry": {"type": "Point", "coordinates": [10.92629, 59.22026]}, "properties": {"id": "51rXlptEgWPzrncyCe4E", "country": "NO", "name": "Begbyjoggen", "date": "2026-09-23T10:00:00Z", "town": "Fredrikstad", "area": "Østfold", "distanceSummary": "4,6 km, 6,8 km", "distances_km": [4.6, 6.8], "categories": ["road"], "url": "https://www.strava.com/clubs/1444253", "description": "Ukentlig mosjonsløp hver onsdag kl 1800. Lavterskel tilbud for alle. Løype på 6,8 km på grusstier i lysløpe. Start fra Begbyportalen \"klubbhuset\" opp forbi Bjørneklova, ned alleen, rundt golfbanen så tilbake til portalen via Bjørneklova. Egen løype \"4,6km\" for de som ønsker å gå eller gogge. "}}, {"type": "Feature", "geometry": {"type": "Point", "coordinates": [16.54434, 68.80339]}, "properties": {"id": "c9gYgixsaas86YPjtxCh", "country": "NO", "name": "Harstadkarusellen - Stangnes idrettspark", "date": "2026-09-23T10:00:00Z", "town": "Harstad", "area": "Troms", "distanceSummary": "3 km", "distances_km": [3.0], "categories": [], "url": null, "description": ""}}, {"type": "Feature", "geometry": {"type": "Point", "coordinates": [11.10988, 59.28482]}, "properties": {"id": "AONXlimjof3QO6yEMMFP", "country": "NO", "name": "Torsdagsløpet", "date": "2026-09-24T10:00:00Z", "town": "Sarpsborg", "area": "Østfold", "distanceSummary": "5,1 km", "distances_km": [5.1], "categories": ["road", "trail"], "url": "https://www.torsdagstrimmen.no", "description": "5,1 km mosjonsløp i Kalnesskogens blå løype"}}, {"type": "Feature", "geometry": {"type": "Point", "coordinates": [7.99527, 58.14603]}, "properties": {"id": "HswYSarDYcIgG3264U78", "country": "NO", "name": "ABIK Terrengkarusell  løp 18 - Kanonmuseums  løpet ", "date": "2026-09-24T10:00:00Z", "town": "Kristiansand", "area": "Agder", "distanceSummary": "4,4 km, 8 km", "distances_km": [4.4, 8.0], "categories": ["trail"], "url": null, "description": "Løypa var ny i 2020.   Flott løype fra Kanonmuseet  i nokså ukjent terreng for  de fleste.   Middels krevende løype.  Utsikten fra Kanonmuseet er formidabel.  Kanonen skjøt  halvveis til Danmark under 2. verdenskrig. \r\n\r\n "}}, {"type": "Feature", "geometry": {"type": "Point", "coordinates": [8.00427, 58.13994]}, "properties": {"id": "LhvAN9ohWNTng1vG4R1l", "country": "NO", "name": "Vom Dogrun - Kristiansand", "date": "2026-09-24T10:00:00Z", "town": "Kristiansand", "area": "Agder", "distanceSummary": "3,5 km, 7 km", "distances_km": [3.5, 7.0], "categories": ["road"], "url": null, "description": "Vom Dogrun er åpent for alle som har lyst til å være med på en hyggelig aktivitet sammen med hunden sin.\nLøp eller gå, store og små, alle er velkomne!"}}, {"type": "Feature", "geometry": {"type": "Point", "coordinates": [10.65782, 59.43403]}, "properties": {"id": "fTlThQeClk9cW8dLa2BQ", "country": "NO", "name": "Ryggejoggen, løp nr. 2299", "date": "2026-09-24T10:00:00Z", "town": "Moss", "area": "Østfold", "distanceSummary": "2 km, 4,3 km, 7,2 km", "distances_km": [2.0, 4.3, 7.2], "categories": ["road", "trail"], "url": "https://www.facebook.com/profile.php?id=100064907401190", "description": "Start fra Ryggejoggenhytta v/Rygge krk.\nkl.17:00 til 19:00\nEventuell fellesstart kl.17:30\n\nFørste 500m går på sykelsti langs Kurefjordveien, deretter første gårdsvei til høyre inn i skogsløypa!"}}, {"type": "Feature", "geometry": {"type": "Point", "coordinates": [10.39427, 63.43957]}, "properties": {"id": "uxGgDHOxIQ6GMz7LaMV2", "country": "NO", "name": "Terrengløp Lianvannet ", "date": "2026-09-24T10:00:00Z", "town": "Trondheim", "area": "Trøndelag", "distanceSummary": "3,7 km", "distances_km": [3.7], "categories": ["road", "trail"], "url": "https://terrengkarusellentrondheim.no/", "description": "All informasjon om Terrengkarusellen finner du på terrengkarusellentrondheim.no"}}, {"type": "Feature", "geometry": {"type": "Point", "coordinates": [11.15678, 59.58673]}, "properties": {"id": "vPBOgtj0moNFw81fqPRd", "country": "NO", "name": "Linnatrimmen", "date": "2026-09-24T10:00:00Z", "town": "Indre Østfold", "area": "Østfold", "distanceSummary": "2 km, 5 km", "distances_km": [2.0, 5.0], "categories": ["road"], "url": null, "description": "På Solbergfosslinna i Askim. Start og mål ovenfor Askim brannstasjon. Man kan delta på fellesstart eller gå/løpe for seg selv uten tidtaking. Fellesstart kl. 18.00. Påmelding fra kl. 17.45. Distanser på 5 km og 2 km. "}}, {"type": "Feature", "geometry": {"type": "Point", "coordinates": [10.74255, 59.91615]}, "properties": {"id": "2FQPD00sf9a5Sh3jKnO6", "country": "NO", "name": "Oslo Trail Challenge", "date": "2026-09-25T10:00:00Z", "town": "Oslo", "area": "Oslo", "distanceSummary": "Halvmaraton, 55 km, 100 km, 200 km", "distances_km": [21.0, 55.0, 100.0, 200.0], "categories": ["trail"], "url": "https://www.facebook.com/oslotrailchallenge", "description": "Ultraløp på stier gjennom Nordmarka, Lillomarka og Romeriksåsen. Fullstendig selv-support. Navigering etter GPS-spor eller kart."}}, {"type": "Feature", "geometry": {"type": "Point", "coordinates": [5.7362, 58.97226]}, "properties": {"id": "9TQvrKDobpX5K6wnYiLH", "country": "NO", "name": "Vom Dogrun - Stavanger", "date": "2026-09-25T10:00:00Z", "town": "Stavanger", "area": "Rogaland", "distanceSummary": "3,5 km, 7 km", "distances_km": [3.5, 7.0], "categories": ["road"], "url": null, "description": "Vom Dogrun er åpent for alle som har lyst til å være med på en hyggelig aktivitet sammen med hunden sin.\nLøp eller gå, store og små, alle er velkomne!"}}, {"type": "Feature", "geometry": {"type": "Point", "coordinates": [5.32621, 60.39043]}, "properties": {"id": "hysbeTfFnfW6zzixmsbT", "country": "NO", "name": "Stoltzekleiven Opp - dag 1", "date": "2026-09-25T10:00:00Z", "town": "Bergen", "area": "Vestland", "distanceSummary": "1 km", "distances_km": [1.0], "categories": ["trail"], "url": "http://stoltzen.no/", "description": "Verdens bratteste løp"}}, {"type": "Feature", "geometry": {"type": "Point", "coordinates": [10.93482, 59.2142]}, "properties": {"id": "knK1DegA57WfkKspiIbh", "country": "NO", "name": "GIF-joggen", "date": "2026-09-25T10:00:00Z", "town": "Fredrikstad", "area": "Østfold", "distanceSummary": "4 km", "distances_km": [4.0], "categories": ["trail"], "url": "https://gresvikif.no/gif-joggen/", "description": "GIF-joggen er et fast ukentlig arrangement i sommerhalvåret (unntatt juli). En 4,0 km lang løype i variert og tidvis krevende terreng. Fellesstarter på grusbanen i Trondalen fredager, 17:15 for de som går og 17:30 for de som løper. Oppmøte 15 min før start."}}, {"type": "Feature", "geometry": {"type": "Point", "coordinates": [5.32761, 60.39363]}, "properties": {"id": "7IJAQgKEgVypYdlUzXfN", "country": "NO", "name": "Stoltzekleiven Opp - dag 2", "date": "2026-09-26T10:00:00Z", "town": "Bergen", "area": "Vestland", "distanceSummary": "1 km", "distances_km": [1.0], "categories": ["trail"], "url": "http://stoltzen.no/", "description": "Verdens bratteste løp"}}, {"type": "Feature", "geometry": {"type": "Point", "coordinates": [7.67645, 62.5636]}, "properties": {"id": "Aw9yPSYfjgPJYucZ9mSh", "country": "NO", "name": "Rauma Backyard Ultra", "date": "2026-09-26T10:00:00Z", "town": "Rauma", "area": "Møre og Romsdal", "distanceSummary": "6,7 km, 80,4 km", "distances_km": [6.7, 80.4], "categories": ["trail"], "url": "https://www.facebook.com/events/973119712447348", "description": "Løpet pågår i 12 timer (12 runder á 6,7 km med start hver time). I 2026 er det fjerde gang løpet arrangeres."}}, {"type": "Feature", "geometry": {"type": "Point", "coordinates": [10.64726, 59.43384]}, "properties": {"id": "CqlI3shQunp6zkkAr3h4", "country": "NO", "name": "Årefjorden Rundt", "date": "2026-09-26T10:00:00Z", "town": "Moss", "area": "Østfold", "distanceSummary": "13 km, 8,3 km", "distances_km": [8.3, 13.0], "categories": ["trail"], "url": null, "description": "Terrengløp for alle. Inngår i Mossekarusellen der 3 av 4 løp må fullføres for tellende karusell."}}, {"type": "Feature", "geometry": {"type": "Point", "coordinates": [11.07309, 60.79332]}, "properties": {"id": "DmoObHQDJzG5mjo9QHsl", "country": "NO", "name": "Ankerskogen Parkrun", "date": "2026-09-26T10:00:00Z", "town": "Hamar", "area": "Innlandet", "distanceSummary": "5 km", "distances_km": [5.0], "categories": ["road"], "url": "https://www.parkrun.no/ankerskogen/", "description": "Gjennomføres på Ankerskogen tur og parkområde, Hamar."}}, {"type": "Feature", "geometry": {"type": "Point", "coordinates": [9.97972, 60.5632]}, "properties": {"id": "F5lFmtRgu9pojM5N8THc", "country": "NO", "name": "Baki Hagan, Backyard Ultra på Årnes", "date": "2026-09-26T10:00:00Z", "town": "Nes", "area": "Akershus", "distanceSummary": "6,7 km, 80,4 km", "distances_km": [6.7, 80.4], "categories": ["road"], "url": null, "description": ""}}, {"type": "Feature", "geometry": {"type": "Point", "coordinates": [9.10149, 60.55773]}, "properties": {"id": "IbNVnbUIGDu8ok9UQ7pT", "country": "NO", "name": "Bergheim Opp", "date": "2026-09-26T10:00:00Z", "town": "Nesbyen", "area": "Buskerud", "distanceSummary": "4,5 km", "distances_km": [4.5], "categories": ["road", "trail"], "url": null, "description": ""}}, {"type": "Feature", "geometry": {"type": "Point", "coordinates": [10.95749, 59.92911]}, "properties": {"id": "JhOgpIO9UEBr4Rq2kk5a", "country": "NO", "name": "Lørenskog Cannon ball Ultra", "date": "2026-09-26T10:00:00Z", "town": "Lørenskog", "area": "Akershus", "distanceSummary": "Halvmaraton, Maraton, 47,5 km", "distances_km": [21.098, 42.195, 47.5], "categories": ["road"], "url": "https://www.facebook.com/events/1239881514220499/1239881597553824?acontext=%7B%22event_action_history%22%3A[%7B%22extra_data%22%3A%22%22%2C%22mechanism%22%3A%22surface%22%2C%22surface%22%3A%22permalink%22%7D%2C%7B%22extra_data%22%3A%22%22%2C%22mechanism%22%3A%22surface%22%2C%22surface%22%3A%22permalink%22%7D%2C%7B%22extra_data%22%3A%22%22%2C%22mechanism%22%3A%22surface%22%2C%22surface%22%3A%22permalink%22%7D]%2C%22ref_notif_type%22%3Anull%7D", "description": "Cannon ball løp. Lavterskel! Deltagerne sørger for seg med mat, drikke og forsikring. Halvmaraton, helmaraton og ultradistanse. 5K x 4 eller 8 eller 9 runder. Løpet er gratis, men du kan vippse valgfritt beløp til 99375432 merket Cannon ball. Alle pengene går til årets TV-aksjon. Mer info? 99375432"}}, {"type": "Feature", "geometry": {"type": "Point", "coordinates": [5.32479, 60.38829]}, "properties": {"id": "LQrh9CFOVUvgJuc1L7Kz", "country": "NO", "name": "Nattland Backyard Ultra", "date": "2026-09-26T10:00:00Z", "town": "Bergen", "area": "Vestland", "distanceSummary": "167,5 km, 6,7 km", "distances_km": [6.7, 167.5], "categories": ["road"], "url": "https://signup.eqtiming.com/?Event=nattlandbackyard", "description": "Den 26.sept. kl. 10:00 løper vi Backyard av typen \"Last Man Standing\". Vi løper/går en løype på 6,7 km. Hvis du greier det på mindre enn en time er runden godkjent, og du kan velge å bli med på neste runde. Start går hver hele time. Pris: 150,- per person. Maks 300 deltakere. \n"}}, {"type": "Feature", "geometry": {"type": "Point", "coordinates": [6.58145, 62.40212]}, "properties": {"id": "SfdYia7Df4HqLiYkoRSW", "country": "NO", "name": "Sørestrandmila Høst", "date": "2026-09-26T10:00:00Z", "town": "Sykkylven", "area": "Møre og Romsdal", "distanceSummary": "3 km, 5 km, 10 km", "distances_km": [3.0, 5.0, 10.0], "categories": ["road"], "url": "https://live.eqtiming.com/79294#dashboard", "description": "3 - 5 og 10 km i flotte omgivelser på Straumgjerde. Rask 3 og 5 km med totalstigning på ca. 6 hm. 10 km med stigning på ca. 60 hm. "}}, {"type": "Feature", "geometry": {"type": "Point", "coordinates": [10.4075, 61.25985]}, "properties": {"id": "Y5viWrqGOW73guzDB84f", "country": "NO", "name": "Gaia Backyard Hafjell", "date": "2026-09-26T10:00:00Z", "town": "Øyer", "area": "Innlandet", "distanceSummary": "6,706 km, 80 km", "distances_km": [6.706, 80.0], "categories": ["road", "trail"], "url": "https://signup.eqtiming.com/pamelding/gaia-backyard-hafjell-2024/g295.46117?event=hafjell_backyard", "description": "Det første backyardløpet i Hafjell finner sted i en naturskjønn og tøff løype på 6706 meter og 165 høydemeter lørdag 04. oktober. Deltakerne løper en runde i løypen med start hver hele time, inntil 12 ganger (12 timer). Dersom deltaker ikke er i mål før ny runde starter, er deltakeren ute. "}}, {"type": "Feature", "geometry": {"type": "Point", "coordinates": [10.38432, 63.42935]}, "properties": {"id": "aJHpTiIJZ5v0b37JDPAp", "country": "NO", "name": "Rosa sløyfe-løpet Trondheim", "date": "2026-09-26T10:00:00Z", "town": "Trondheim", "area": "Trøndelag", "distanceSummary": "3 km, 6 km", "distances_km": [3.0, 6.0], "categories": ["road"], "url": "https://www.rosasloyfelopet.no/by/trondheim/", "description": "Rosa sløyfe-løpet kommer igjen til Trondheim for å farge byen rosa i september!\nStart og mål er på Torvet i Trondheim sentrum og løypa går i et flott område ved Nidelva. Bli med og opplev det rosa folkehavet sammen med flere tusen andre som ønsker å støtte den gode saken."}}, {"type": "Feature", "geometry": {"type": "Point", "coordinates": [13.01674, 66.1908]}, "properties": {"id": "dZsa5yxW7uQQGvh3HsKE", "country": "NO", "name": "Nesna løpefestival", "date": "2026-09-26T10:00:00Z", "town": "Nesna", "area": "Nordland", "distanceSummary": "0,5 km, 5 km, 10 km, Halvmaraton", "distances_km": [0.5, 5.0, 10.0, 21.098], "categories": ["road"], "url": "https://www.facebook.com/profile.php?id=61551644504366", "description": "Velkommen til en av Norges kuleste løpefestivaler. Her får du et profft arrangement, nydelige løyper som passer for alle og ulike distanser for alle og enhver. Det er også verdt å nevne at mange setter nye personlige rekorder i denne løypa :) \n"}}, {"type": "Feature", "geometry": {"type": "Point", "coordinates": [7.67497, 62.9019]}, "properties": {"id": "fg5aJwwqzIzfv0b9Rygc", "country": "NO", "name": "Torvikbukt Rundt", "date": "2026-09-26T10:00:00Z", "town": "Gjemnes", "area": "Møre og Romsdal", "distanceSummary": "13,5 km", "distances_km": [13.5], "categories": ["road"], "url": null, "description": "Løypa er 13,5 km. Totalt 220 høydemeter. Første 3 km er flatt og går på asfalt. Neste 8,5 km er kupert og veksler mellom asfalt og grus. Siste 2 km er slakk nedover og flatt på asfalt. Målgang er inne i Gjemneshallen."}}, {"type": "Feature", "geometry": {"type": "Point", "coordinates": [11.02714, 62.5074]}, "properties": {"id": "gnMXqeWcctKMyt1Z2pV1", "country": "NO", "name": "Gruemila", "date": "2026-09-26T10:00:00Z", "town": "Grue", "area": "Innlandet", "distanceSummary": "1,8 km, 0,6 km, 10 km", "distances_km": [0.6, 1.8, 10.0], "categories": ["road"], "url": "https://gruelopene.no/gruemila", "description": "Norges raskeste 10 km-trasé, kontrollmålt og godkjent for statistikker og som kvalifisering til internasjonale løp. Det arrangeres også barneløp."}}, {"type": "Feature", "geometry": {"type": "Point", "coordinates": [10.73799, 59.9101]}, "properties": {"id": "gzv7gPUj6gPGOQmd7uGP", "country": "NO", "name": "POP–UP–RUNS / Lilotrail 21k", "date": "2026-09-26T10:00:00Z", "town": "Oslo", "area": "Oslo", "distanceSummary": "Halvmaraton", "distances_km": [21.097], "categories": ["trail"], "url": "https://www.facebook.com/popupruns", "description": "Gratis halvmaraton på sti i nydelig terreng. Start på Solemskogen P-plass."}}, {"type": "Feature", "geometry": {"type": "Point", "coordinates": [5.62055, 58.99865]}, "properties": {"id": "kzIbR2HjaMx7U044usSf", "country": "NO", "name": "PB Milå - inkl. NM 10 km", "date": "2026-09-26T10:00:00Z", "town": "Randaberg", "area": "Rogaland", "distanceSummary": "0,45 km, 5 km, 10 km", "distances_km": [0.45, 5.0, 10.0], "categories": ["road"], "url": "https://www.pbmilå.no", "description": "PB Milå er en kontrollmålt løype på 5 og 10 km med start og mål midt i Randaberg Sentrum som arrangeres av Grødem Runners Friidrettsklubb. Løpet er lagt til samme dag som høstmarken pågår i Randaberg Sentrum, noe som vil gi et yrende liv i start og målområdet både før, under og etter løpet. "}}, {"type": "Feature", "geometry": {"type": "Point", "coordinates": [10.52782, 59.89007]}, "properties": {"id": "oAm41JY6Rl8kcO7vjLf4", "country": "NO", "name": "Nansenparken parkrun", "date": "2026-09-26T10:00:00Z", "town": "Bærum", "area": "Akershus", "distanceSummary": "5 km", "distances_km": [5.0], "categories": ["road"], "url": "https://www.parkrun.no/nansenparken", "description": "Ukentlig, gratis lavterskel 5K med tidtakning i Nansenparken på Fornebu, for alle som vil bli med å løpe, jogge, gå eller delta som frivillig sammen med andre. Oppmøte ved Festplassen i midten av Nansenparken."}}, {"type": "Feature", "geometry": {"type": "Point", "coordinates": [10.31612, 59.4838]}, "properties": {"id": "tT5bU1wO7yAqUfd8O6r5", "country": "NO", "name": "Fjellskar Opp", "date": "2026-09-26T10:00:00Z", "town": "Holmestrand", "area": "Vestfold", "distanceSummary": "3,3 km", "distances_km": [3.3], "categories": ["trail"], "url": "https://www.facebook.com/profile.php?id=61577678660325", "description": ""}}, {"type": "Feature", "geometry": {"type": "Point", "coordinates": [5.81296, 59.60901]}, "properties": {"id": "top8uGFWdrlt1uemaGY8", "country": "NO", "name": "Bjoa Halvmaraton 2026", "date": "2026-09-26T10:00:00Z", "town": "Vindafjord", "area": "Rogaland", "distanceSummary": "0,8 km, 10 km, Halvmaraton", "distances_km": [0.8, 10.0, 21.098], "categories": ["road"], "url": "https://signup.eqtiming.com/?Event=Bjoa_IL&lang=norwegian", "description": "Bjoa Halvmaraton 2026\n· Det blir samme løype og opplegg som tidligere år. I 2025 var det rekord mange deltagere, klarer me og toppe det iår? Dette er 6 året og det vil bli ekstra oppmerksomhet for løpere som har fullført 5 ganger."}}, {"type": "Feature", "geometry": {"type": "Point", "coordinates": [10.47064, 61.11262]}, "properties": {"id": "wCToacem7JMUgnFiNOIk", "country": "NO", "name": "Birken Gateløp", "date": "2026-09-26T10:00:00Z", "town": "Lillehammer", "area": "Innlandet", "distanceSummary": "0,3 km, 5 km, 10 km", "distances_km": [0.3, 5.0, 10.0], "categories": ["road"], "url": null, "description": "Løypa vil gå gjennom Lillehammer sentrum, med start og mål på Lilletorget."}}, {"type": "Feature", "geometry": {"type": "Point", "coordinates": [5.72411, 58.96424]}, "properties": {"id": "y5TQEljhAF3z2AL0XOta", "country": "NO", "name": "Backyard Stavanger ultra", "date": "2026-09-26T10:00:00Z", "town": "Stavanger", "area": "Rogaland", "distanceSummary": "6,7 km, 80,4 km", "distances_km": [6.7, 80.4], "categories": ["road"], "url": "https://www.backyardultra.no/stavanger/", "description": "Backyard"}}, {"type": "Feature", "geometry": {"type": "Point", "coordinates": [11.68452, 60.25145]}, "properties": {"id": "5X0mywWkAUuFABHMqreH", "country": "NO", "name": "Dølisjøen Rundt", "date": "2026-09-27T10:00:00Z", "town": "Sør-Odal", "area": "Innlandet", "distanceSummary": "4 km, 10 km, 12 km", "distances_km": [4.0, 10.0, 12.0], "categories": ["road"], "url": "https://slastad-il.no/dolisjoen-rundt", "description": "Dølisjøen rundt-løypa rundt sjøen er 12 km. lang, og går på kjerreveier, stier og grusveier rundt idylliske Dølisjøen. Det er en lett løype i vakker natur. Aktive løpere får noen motbakker og skogsterreng. Ungdomsløypa for løp (10-14 år) går på vestsiden av sjøen ned til Langnes og følger derfra sko"}}, {"type": "Feature", "geometry": {"type": "Point", "coordinates": [6.05019, 62.50379]}, "properties": {"id": "ADvc81nZrLt7X6oVF7ae", "country": "NO", "name": "Storehornet 497", "date": "2026-09-27T10:00:00Z", "town": "Giske", "area": "Møre og Romsdal", "distanceSummary": "4 km", "distances_km": [4.0], "categories": ["trail"], "url": "https://www.facebook.com/events/storhornet-god%C3%B8ya/storehornet-497-2026/785638877468355/", "description": "Motbakkeløp til toppen av Godøya, Storehornet 497 m over havet."}}, {"type": "Feature", "geometry": {"type": "Point", "coordinates": [7.15999, 62.84754]}, "properties": {"id": "El5eAZjxAkG9ymdcuTKj", "country": "NO", "name": "Romsdal 5/10/halv/hel", "date": "2026-09-27T10:00:00Z", "town": "Hustadvika", "area": "Møre og Romsdal", "distanceSummary": "5 km, 10 km, Halvmaraton, Maraton", "distances_km": [5.0, 10.0, 21.098, 42.195], "categories": ["road"], "url": "https://www.romsdal510halv.no/", "description": "Romsdal 5/10/halv/hel er et løp som har start/mål ved Stavik grendahus i Hustadvika kommune. Alle distansene går i retning nord/nordøst mot Hustad med vending ift. aktuell distanse. Traséene er raske og alle distansene er kontrollmålt. Se løpets side på web eller Facebook for mer informasjon."}}, {"type": "Feature", "geometry": {"type": "Point", "coordinates": [5.33349, 60.38831]}, "properties": {"id": "Fm5ccKOh5ZaEEyawsiaf", "country": "NO", "name": "Loddefjordløpet", "date": "2026-09-27T10:00:00Z", "town": "Bergen", "area": "Vestland", "distanceSummary": "0,6 km, 2,5 km, 5 km", "distances_km": [0.6, 2.5, 5.0], "categories": ["road"], "url": "https://www.loddefjordil.no/grupper/friidrett/arrangement/", "description": "Løypen går på asfalt og på grusvei i naturskjønne omgivelser i Alvøskogen. Barneløpet går inne på banen i Alvøen idrettspark"}}, {"type": "Feature", "geometry": {"type": "Point", "coordinates": [10.94125, 59.22554]}, "properties": {"id": "KmvbUd7UFFqAastX7E5T", "country": "NO", "name": "Borredalsløpet - Borredalen", "date": "2026-09-27T10:00:00Z", "town": "Fredrikstad", "area": "Østfold", "distanceSummary": "9,8 km", "distances_km": [9.8], "categories": ["road"], "url": "https://www.facebook.com/groups/389228317759689/", "description": "STARTKONTINGENT: 60 kr. \nSTARTTIDSPUNKT: 12.00.\nSTART/MÅL: Ved paviljongen i sydenden av Borredalsdammen.\nLØYPE: Løypa går først i retning Oredalen, så inn på lysløypa til Skihytta, deretter Rolvsøyløypa og til slutt nedover grusveien langs Borredalsdammen til mål. \n"}}, {"type": "Feature", "geometry": {"type": "Point", "coordinates": [10.47614, 59.41484]}, "properties": {"id": "PxJT29Go2db6LCiJElXC", "country": "NO", "name": "Skoppums Råeste", "date": "2026-09-27T10:00:00Z", "town": "Horten", "area": "Vestfold", "distanceSummary": "2,5 km, 5 km", "distances_km": [2.5, 5.0], "categories": ["trail"], "url": "https://skoppumsraaeste.wordpress.com/", "description": "Hver runde er på 2,5 km med gjørmehinder, klatring over bilvrak, korte bratte bakker som kjapt får deg til å kjenne på melkesyra for så å bli brått avkjølt i et langsomt iskaldt vannhinder, jorder, dekkhindere +++"}}, {"type": "Feature", "geometry": {"type": "Point", "coordinates": [10.91898, 63.47407]}, "properties": {"id": "RL7rXrhUoT3FUU3mnfsZ", "country": "NO", "name": "Nybrottkarusellen - 4. løp", "date": "2026-09-27T10:00:00Z", "town": "Stjørdal", "area": "Trøndelag", "distanceSummary": "2 km, 10 km", "distances_km": [2.0, 10.0], "categories": ["road"], "url": "https://www.facebook.com/nybrottkarusellen/", "description": "Inngår i Nybrottkarusellen (4 løp)"}}, {"type": "Feature", "geometry": {"type": "Point", "coordinates": [11.48836, 64.01923]}, "properties": {"id": "UrsWoKHZRh0GqOBHNMPQ", "country": "NO", "name": "Steinkjer Skogsmaraton", "date": "2026-09-27T10:00:00Z", "town": "Steinkjer", "area": "Trøndelag", "distanceSummary": "10,5 km, Halvmaraton", "distances_km": [10.5, 21.098], "categories": ["road", "trail"], "url": "https://midtnorge.bedriftsidretten.no/next/p/54306/steinkjer-skogsmaraton", "description": "Skogsmaraton tilbyr distansene Halvmaraton og Kvartmaraton. Her velger man med eller uten tidtaking. Løypa omkranser  seg i flotte omgivelser på Oftenåsens fantastiske stier, med start og mål på parkeringsplassen ved Steinkjer Skytebane. "}}, {"type": "Feature", "geometry": {"type": "Point", "coordinates": [10.40442, 59.26095]}, "properties": {"id": "au1g4sbe2idkTuv92u6R", "country": "NO", "name": "RE-MILA", "date": "2026-09-27T10:00:00Z", "town": "Tønsberg", "area": "Vestfold", "distanceSummary": "0,6 km, 2,5 km, 5 km, 10 km", "distances_km": [0.6, 2.5, 5.0, 10.0], "categories": ["road"], "url": "http://www.runremila.com", "description": "RE-MILA er et mosjonsløp for absolutt alle, og går av stabelen på Revetal i Tønsberg kommune. I 2021 endret løpet trasé, og går nå i en mer lettløpt 2,5 kilometers kontrollmålt sløyfe. Vi har distansene 2,5 km (9-15 år), 5 km og 10 km samt et barneløp på 600 m"}}, {"type": "Feature", "geometry": {"type": "Point", "coordinates": [10.96267, 59.9341]}, "properties": {"id": "bZ9aENSPFWFNen3dQUQF", "country": "NO", "name": "Lørenskog Cannon ball Ultra", "date": "2026-09-27T10:00:00Z", "town": "Lørenskog", "area": "Akershus", "distanceSummary": "Halvmaraton, Maraton, 47,5 km", "distances_km": [21.098, 42.195, 47.5], "categories": ["road"], "url": "https://www.facebook.com/events/1239881514220499/1239881584220492?acontext=%7B%22event_action_history%22%3A[%7B%22extra_data%22%3A%22%22%2C%22mechanism%22%3A%22surface%22%2C%22surface%22%3A%22permalink%22%7D%2C%7B%22extra_data%22%3A%22%22%2C%22mechanism%22%3A%22surface%22%2C%22surface%22%3A%22permalink%22%7D%2C%7B%22extra_data%22%3A%22%22%2C%22mechanism%22%3A%22surface%22%2C%22surface%22%3A%22permalink%22%7D]%2C%22ref_notif_type%22%3Anull%7D", "description": "Cannon ball løp. Lavterskel! Deltagerne sørger for seg med mat, drikke og forsikring. Halvmaraton, helmaraton og ultradistanse. 5K x 4 eller 8 eller 9 runder. Løpet er gratis, men du kan vippse valgfritt beløp til 99375432 merket Cannon ball. Alle pengene går til årets TV-aksjon. Mer info? 99375432"}}, {"type": "Feature", "geometry": {"type": "Point", "coordinates": [10.25436, 59.79277]}, "properties": {"id": "dmpMttL2wZqlg3U9JgCO", "country": "NO", "name": "Lierløpet 10", "date": "2026-09-27T10:00:00Z", "town": "Lier", "area": "Buskerud", "distanceSummary": "5 km, 10 km, Halvmaraton", "distances_km": [5.0, 10.0, 21.098], "categories": ["road"], "url": "https://rundrm.no/nb/lierlopet/", "description": "Lierløpet går i den etterhvert kjente Linnesrunden, en svært lettløpt trasé som passer alle. Løpet går på bred gangvei og er velbrukt av mosjonister i Drammensområdet. Målgang er ved Lier Stasjon, mens startstedet varierer utifra distanse."}}, {"type": "Feature", "geometry": {"type": "Point", "coordinates": [11.10567, 59.28543]}, "properties": {"id": "f2SdZyyjxvxE6JphBMbA", "country": "NO", "name": "Søndagsløpet, Sarpsborg - Gul løype  ", "date": "2026-09-27T10:00:00Z", "town": "Sarpsborg", "area": "Østfold", "distanceSummary": "7,05 km", "distances_km": [7.05], "categories": ["trail"], "url": null, "description": ""}}, {"type": "Feature", "geometry": {"type": "Point", "coordinates": [9.07255, 63.42015]}, "properties": {"id": "v7J3fyOOE7eSjZqK9Vtv", "country": "NO", "name": "Heim halvmaraton", "date": "2026-09-27T10:00:00Z", "town": "Heim", "area": "Trøndelag", "distanceSummary": "Halvmaraton", "distances_km": [21.098], "categories": ["road"], "url": "https://kil.as/34571/2829/36135-80948.html", "description": "Gateløp i idylliske omgivelser og lettløpt løype på Kyrksæterøra. 3 runder a 7 km, med drikkestasjon hver rundepassering."}}, {"type": "Feature", "geometry": {"type": "Point", "coordinates": [11.3856, 59.12297]}, "properties": {"id": "wTWneTkV41sm5yctvILi", "country": "NO", "name": "Ørsjødilten", "date": "2026-09-27T10:00:00Z", "town": "Halden", "area": "Østfold", "distanceSummary": "0,5 km, 1 km, 2 km, 5 km, 8 km, Halvmaraton", "distances_km": [0.5, 1.0, 2.0, 5.0, 8.0, 21.0], "categories": ["trail"], "url": null, "description": "Mosjonsløp!  Inngår i trippelen Iddegranitten som består av Monolittløpet, Stenhoggerrittet og Ørsjødilten.( halvmaraton )"}}, {"type": "Feature", "geometry": {"type": "Point", "coordinates": [16.55018, 68.80504]}, "properties": {"id": "JiEiYj2AT0XhOB8oaigb", "country": "NO", "name": "Harstadkarusellen - Kasfjordvannet Rundt", "date": "2026-09-28T10:00:00Z", "town": "Harstad", "area": "Troms", "distanceSummary": "4,4 km, 6,6 km", "distances_km": [4.4, 6.6], "categories": ["trail"], "url": null, "description": ""}}, {"type": "Feature", "geometry": {"type": "Point", "coordinates": [14.91038, 68.56994]}, "properties": {"id": "OpNYdRX4A9XNM5wxFSjT", "country": "NO", "name": "Ulvøykarusellen - Melbuløptraseen", "date": "2026-09-28T10:00:00Z", "town": "Hadsel", "area": "Nordland", "distanceSummary": "2,5 km, 5 km, 10 km", "distances_km": [2.5, 5.0, 10.0], "categories": ["trail"], "url": "https://www.ulvoylopet.no/ulvykarusellen1", "description": ""}}, {"type": "Feature", "geometry": {"type": "Point", "coordinates": [5.31868, 60.38546]}, "properties": {"id": "nwWIuHzzscjJWxUAGNgF", "country": "NO", "name": "Rosa sløyfe-løpet Bergen", "date": "2026-09-28T10:00:00Z", "town": "Bergen", "area": "Vestland", "distanceSummary": "3,5 km, 6 km", "distances_km": [3.5, 6.0], "categories": ["road"], "url": "https://www.rosasloyfelopet.no/by/bergen/", "description": "Rosa sløyfe-løpet kommer igjen til Bergen for å farge byen rosa i september!\nStart og mål er på Torgallmenningen midt i Bergen sentrum og løypa går gjennom flotte områder i Bergen by. Bli med og opplev det rosa folkehavet sammen med flere tusen andre som ønsker å støtte den gode saken."}}, {"type": "Feature", "geometry": {"type": "Point", "coordinates": [10.94041, 59.22497]}, "properties": {"id": "2MI0YMe45dtD2umbomRm", "country": "NO", "name": "Borredalen Rundt ", "date": "2026-09-29T10:00:00Z", "town": "Fredrikstad", "area": "Østfold", "distanceSummary": "5,5 km", "distances_km": [5.5], "categories": ["road", "trail"], "url": "https://www.facebook.com/groups/389228317759689/?multi_permalinks=8061410920541352&notif_id=1711272956904859&notif_t=feedback_reaction_generic&ref=notif", "description": "Borredalen Rundt arrangeres hver tirsdag fra mars/april til slutten av oktober, og med juleløp i desember. Løpet er arrangert siden 1962. \n\nStart/mål: Ved paviljongen i sydenden av Borredalsdammen.\n\nStarttidspunkt: 18.00"}}, {"type": "Feature", "geometry": {"type": "Point", "coordinates": [9.06756, 59.41537]}, "properties": {"id": "OhWfGih6VFuBYAqgmcN2", "country": "NO", "name": "Sport 1 Karusellen Løp 7, Kirkerunden", "date": "2026-09-29T10:00:00Z", "town": "Midt-Telemark", "area": "Telemark", "distanceSummary": "0,4 km, 3,9 km", "distances_km": [0.4, 3.9], "categories": ["road"], "url": null, "description": "Pris karusell lang løype. Kr. 300,- + lisens kr. 40 ved påmelding for hele karusellen. Barn kr. 200 for hele karusellen. Familiepris kr. 600 pluss evt. lisens. Barn kr. 50 pr. løp\r\nEnkeltløp kr. 100,- + lisens kr. 20.\r\nBarn kr. 200 for hele karusellen. Enkeltløp kr. 50\r\nBarn kr. 200 for hele karusel"}}, {"type": "Feature", "geometry": {"type": "Point", "coordinates": [11.49684, 64.47706]}, "properties": {"id": "RnLUUcxdnNz5FQVldNQx", "country": "NO", "name": "Namdalskarusellen løp 10 - Hestmarka 5km", "date": "2026-09-29T10:00:00Z", "town": "Namsos", "area": "Trøndelag", "distanceSummary": "5 km", "distances_km": [5.0], "categories": ["road"], "url": null, "description": ""}}, {"type": "Feature", "geometry": {"type": "Point", "coordinates": [10.40261, 63.43008]}, "properties": {"id": "cStUBfCbJlSEJ4BlxhWP", "country": "NO", "name": "Klæbu løpeklubbs mosjonskarusell løp 6", "date": "2026-09-29T10:00:00Z", "town": "Trondheim", "area": "Trøndelag", "distanceSummary": "3 km", "distances_km": [3.0], "categories": ["trail"], "url": "https://www.facebook.com/klabulopeklubb", "description": "\nLysløypa rundt. Det arrangeres 6 løp i Klæbu, med forskjellig startsted\nSted: Skibua i Lauvåsen\nKlasseinndeling: \nMosjonsklasse med tidtaking. (K/M) (junior/senior)\nTrimklasse uten tidtaking.\nTIDSPUNKT \nTrimklasse kl. 18.00-18.30 . \nMosjonsklasse kl 18.30 "}}, {"type": "Feature", "geometry": {"type": "Point", "coordinates": [6.96147, 58.31464]}, "properties": {"id": "hQ5llI7FgQTzKw8Axbaf", "country": "NO", "name": "Terrengkarusellen Kvinesdal - Kvinesdalhallen", "date": "2026-09-29T10:00:00Z", "town": "Kvinesdal", "area": "Agder", "distanceSummary": "5,6 km, 10,5 km", "distances_km": [5.6, 10.5], "categories": ["road"], "url": "https://www.facebook.com/terrengkarusellenkvinesdal", "description": ""}}, {"type": "Feature", "geometry": {"type": "Point", "coordinates": [10.74093, 59.91383]}, "properties": {"id": "yDq50qCadrQ1597vVHAF", "country": "NO", "name": "Hjertebarnløpet", "date": "2026-09-29T10:00:00Z", "town": "Oslo", "area": "Oslo", "distanceSummary": "1 km, 5 km", "distances_km": [1.0, 5.0], "categories": ["road", "trail"], "url": "https://signup.eqtiming.com/arrangement/g295.54866?event=hjertesykebarn", "description": "Arrangeres i Frognerparken på Verdens hjertedag. To ulike løp, med start, runding og målgang på teaterplassen. Løpet går i en én kilometer lang trasé, hvor man løper fem runder. Det er kupert løype og brede stier."}}, {"type": "Feature", "geometry": {"type": "Point", "coordinates": [5.84594, 61.4472]}, "properties": {"id": "yH1gR1Sjxov2wnC5eZ3n", "country": "NO", "name": "Førdekarusellen Løp 10", "date": "2026-09-29T10:00:00Z", "town": "Sunnfjord", "area": "Vestland", "distanceSummary": "4,5 km, 8 km", "distances_km": [4.5, 8.0], "categories": ["road"], "url": null, "description": "Klikk her for meir info og påmelding: https://vestland.bedriftsidretten.no/next/p/76812/springkarusell-i-forde"}}, {"type": "Feature", "geometry": {"type": "Point", "coordinates": [10.93725, 59.21054]}, "properties": {"id": "3samhHBn8fHUQGc9C534", "country": "NO", "name": "Begbyjoggen", "date": "2026-09-30T10:00:00Z", "town": "Fredrikstad", "area": "Østfold", "distanceSummary": "4,6 km, 6,8 km", "distances_km": [4.6, 6.8], "categories": ["road"], "url": "https://www.strava.com/clubs/1444253", "description": "Ukentlig mosjonsløp hver onsdag kl 1800. Lavterskel tilbud for alle. Løype på 6,8 km på grusstier i lysløpe. Start fra Begbyportalen \"klubbhuset\" opp forbi Bjørneklova, ned alleen, rundt golfbanen så tilbake til portalen via Bjørneklova. Egen løype \"4,6km\" for de som ønsker å gå eller gogge. "}}, {"type": "Feature", "geometry": {"type": "Point", "coordinates": [5.28074, 59.41947]}, "properties": {"id": "f3WftD4HsbZ6pUkQsxeV", "country": "NO", "name": "Rosa sløyfe-løpet Haugesund", "date": "2026-09-30T10:00:00Z", "town": "Haugesund", "area": "Rogaland", "distanceSummary": "3 km, 6 km", "distances_km": [3.0, 6.0], "categories": ["road"], "url": "https://www.rosasloyfelopet.no/by/haugesund/", "description": "Rosa sløyfe-løpet kommer igjen til Haugesund for å farge byen rosa i september!\nStart og mål er på friidrettsstadion og løypa går rundt naturskjønne Vangen. Bli med og opplev det rosa folkehavet sammen med flere tusen andre som ønsker å støtte den gode saken."}}, {"type": "Feature", "geometry": {"type": "Point", "coordinates": [5.33018, 60.39642]}, "properties": {"id": "JwXGW6nDui2wDGWVAzil", "country": "NO", "name": "Åsane løpskarusell 2026 | løp 7", "date": "2026-10-01T10:00:00Z", "town": "Bergen", "area": "Vestland", "distanceSummary": "5 km", "distances_km": [5.0], "categories": ["road"], "url": "https://aasane-lopskarusell.no/", "description": ""}}, {"type": "Feature", "geometry": {"type": "Point", "coordinates": [11.16097, 59.58347]}, "properties": {"id": "L9fr2OeF5txk9VooW25Q", "country": "NO", "name": "Linnatrimmen", "date": "2026-10-01T10:00:00Z", "town": "Indre Østfold", "area": "Østfold", "distanceSummary": "2 km, 5 km", "distances_km": [2.0, 5.0], "categories": ["road"], "url": null, "description": "På Solbergfosslinna i Askim. Start og mål ovenfor Askim brannstasjon. Man kan delta på fellesstart eller gå/løpe for seg selv uten tidtaking. Fellesstart kl. 18.00. Påmelding fra kl. 17.45. Distanser på 5 km og 2 km. "}}, {"type": "Feature", "geometry": {"type": "Point", "coordinates": [5.72886, 58.96899]}, "properties": {"id": "QFJFyNANXxB5jXXgVT7F", "country": "NO", "name": "Rosa sløyfe-løpet Stavanger", "date": "2026-10-01T10:00:00Z", "town": "Stavanger", "area": "Rogaland", "distanceSummary": "3 km, 6 km", "distances_km": [3.0, 6.0], "categories": ["road"], "url": "https://www.rosasloyfelopet.no/by/stavanger/", "description": "Rosa sløyfe-løpet kommer igjen til Stavanger for å farge byen rosa i oktober! \n\nStart og mål er på Mosvangen Camping og løypa går rundt idylliske Mosvatnet. Løypa rundt vannet er fantastisk på høsten, med flotte farger og nydelig natur. Det er enkelt tilkomst og løypa er tilgjengelig for både løpere"}}, {"type": "Feature", "geometry": {"type": "Point", "coordinates": [11.11069, 59.28759]}, "properties": {"id": "XvfpSY3YD9Autb5HDXbS", "country": "NO", "name": "Torsdagsløpet", "date": "2026-10-01T10:00:00Z", "town": "Sarpsborg", "area": "Østfold", "distanceSummary": "5,1 km", "distances_km": [5.1], "categories": ["road", "trail"], "url": "https://www.torsdagstrimmen.no", "description": "5,1 km mosjonsløp i Kalnesskogens blå løype"}}, {"type": "Feature", "geometry": {"type": "Point", "coordinates": [10.65616, 59.42897]}, "properties": {"id": "aGmF6zWKLWk44mil2R8s", "country": "NO", "name": "Ryggejoggen, løp nr. 2300", "date": "2026-10-01T10:00:00Z", "town": "Moss", "area": "Østfold", "distanceSummary": "2 km, 4,3 km, 7,2 km", "distances_km": [2.0, 4.3, 7.2], "categories": ["road", "trail"], "url": "https://www.facebook.com/profile.php?id=100064907401190", "description": "Start fra Ryggejoggenhytta v/Rygge krk.\nkl.17:00 til 19:00\nEventuell fellesstart kl.17:30\n\nFørste 500m går på sykelsti langs Kurefjordveien, deretter første gårdsvei til høyre inn i skogsløypa!"}}, {"type": "Feature", "geometry": {"type": "Point", "coordinates": [10.93622, 59.22373]}, "properties": {"id": "8UqjqKbMm5qMYjIZrNfC", "country": "NO", "name": "GIF-joggen", "date": "2026-10-02T10:00:00Z", "town": "Fredrikstad", "area": "Østfold", "distanceSummary": "4 km", "distances_km": [4.0], "categories": ["trail"], "url": "https://gresvikif.no/gif-joggen/", "description": "GIF-joggen er et fast ukentlig arrangement i sommerhalvåret (unntatt juli). En 4,0 km lang løype i variert og tidvis krevende terreng. Fellesstarter på grusbanen i Trondalen fredager, 17:15 for de som går og 17:30 for de som løper. Oppmøte 15 min før start."}}, {"type": "Feature", "geometry": {"type": "Point", "coordinates": [5.73695, 58.85694]}, "properties": {"id": "uygHk8ZwQHZHIQUSoyZP", "country": "NO", "name": "RUNFEST 2026", "date": "2026-10-02T10:00:00Z", "town": "Sandnes", "area": "Rogaland", "distanceSummary": "1,5 km, 5 km, 10 km, Halvmaraton", "distances_km": [1.5, 5.0, 10.0, 21.098], "categories": ["road"], "url": "https://www.runfestnorway.com/en", "description": "RUNFEST ønsker å samle både verdens beste mellomdistanseløpere\nog tradisjonelle mosjonister på alle nivåer. Bak RUNFEST står Team Ingebrigtsen, Spring Runclub, Nike, Fabel Ignite samt organisasjonen\nbak Blinkfestivalen."}}, {"type": "Feature", "geometry": {"type": "Point", "coordinates": [6.21427, 61.78007]}, "properties": {"id": "0m5ILGcs7HNR1UzjGHlS", "country": "NO", "name": "Gloppen Halvmaraton 2026", "date": "2026-10-03T10:00:00Z", "town": "Gloppen", "area": "Vestland", "distanceSummary": "10 km, Halvmaraton", "distances_km": [10.0, 21.098], "categories": ["road"], "url": "https://live.eqtiming.com/79587#dashboard", "description": ""}}, {"type": "Feature", "geometry": {"type": "Point", "coordinates": [10.65096, 59.43688]}, "properties": {"id": "Ap0bokTwRuiNtmfulGzK", "country": "NO", "name": "Ryggejoggen, løp nr. 2301", "date": "2026-10-03T10:00:00Z", "town": "Moss", "area": "Østfold", "distanceSummary": "2 km, 4,3 km, 7,2 km", "distances_km": [2.0, 4.3, 7.2], "categories": ["road", "trail"], "url": "https://www.facebook.com/profile.php?id=100064907401190", "description": "Start fra Ryggejoggenhytta v/Rygge krk.\nkl.13:00 til 15:00\nEventuell fellesstart kl.13:30\n\nFørste 500m går på sykelsti langs Kurefjordveien, deretter første gårdsvei til høyre inn i skogsløypa!"}}, {"type": "Feature", "geometry": {"type": "Point", "coordinates": [11.06884, 60.78435]}, "properties": {"id": "Fj6BoKuxxi0ZvzTQBaHA", "country": "NO", "name": "Ankerskogen Parkrun", "date": "2026-10-03T10:00:00Z", "town": "Hamar", "area": "Innlandet", "distanceSummary": "5 km", "distances_km": [5.0], "categories": ["road"], "url": "https://www.parkrun.no/ankerskogen/", "description": "Gjennomføres på Ankerskogen tur og parkområde, Hamar."}}, {"type": "Feature", "geometry": {"type": "Point", "coordinates": [11.30634, 63.73721]}, "properties": {"id": "ICiWhBhglsKZv658iZDH", "country": "NO", "name": "Levanger Maraton", "date": "2026-10-03T10:00:00Z", "town": "Levanger", "area": "Trøndelag", "distanceSummary": "10 km, Halvmaraton", "distances_km": [10.0, 21.098], "categories": ["road"], "url": null, "description": ""}}, {"type": "Feature", "geometry": {"type": "Point", "coordinates": [10.3996, 63.42693]}, "properties": {"id": "JA5x5wynu5XD2nJCRV4y", "country": "NO", "name": "Trondheim skogsmaraton", "date": "2026-10-03T10:00:00Z", "town": "Trondheim", "area": "Trøndelag", "distanceSummary": "10 km, Halvmaraton, Maraton", "distances_km": [10.0, 21.098, 42.195], "categories": ["trail"], "url": "https://www.trondheimskogsmaraton.no/next/p/88986/hjem", "description": ""}}, {"type": "Feature", "geometry": {"type": "Point", "coordinates": [5.32259, 60.38452]}, "properties": {"id": "JPSi7HpY9G6LdtwY7vY2", "country": "NO", "name": "Sørfjorden halvmaraton", "date": "2026-10-03T10:00:00Z", "town": "Bergen", "area": "Vestland", "distanceSummary": "Halvmaraton", "distances_km": [21.097], "categories": ["road"], "url": null, "description": "Løypa er sertifisert av Norges Friidrettsforbund som nasjonalt kontrollmålt løype ihht AIMS-standarden"}}, {"type": "Feature", "geometry": {"type": "Point", "coordinates": [10.96749, 59.9413]}, "properties": {"id": "SQW8UPkiTD2PDm624alZ", "country": "NO", "name": "Lørenskog Cannon ball Ultra", "date": "2026-10-03T10:00:00Z", "town": "Lørenskog", "area": "Akershus", "distanceSummary": "Halvmaraton, Maraton, 47,5 km", "distances_km": [21.098, 42.195, 47.5], "categories": ["road"], "url": "https://www.facebook.com/events/1239881514220499/1239881587553825?acontext=%7B%22event_action_history%22%3A[%7B%22extra_data%22%3A%22%22%2C%22mechanism%22%3A%22surface%22%2C%22surface%22%3A%22permalink%22%7D%2C%7B%22extra_data%22%3A%22%22%2C%22mechanism%22%3A%22surface%22%2C%22surface%22%3A%22permalink%22%7D%2C%7B%22extra_data%22%3A%22%22%2C%22mechanism%22%3A%22surface%22%2C%22surface%22%3A%22permalink%22%7D]%2C%22ref_notif_type%22%3Anull%7D", "description": "Cannon ball løp. Lavterskel! Deltagerne sørger for seg med mat, drikke og forsikring. Halvmaraton, helmaraton og ultradistanse. 5K x 4 eller 8 eller 9 runder. Løpet er gratis, men du kan vippse valgfritt beløp til 99375432 merket Cannon ball. Alle pengene går til årets TV-aksjon. Mer info? 99375432"}}, {"type": "Feature", "geometry": {"type": "Point", "coordinates": [11.98166, 60.57948]}, "properties": {"id": "SXGYZdIkRqGybQX3PWtb", "country": "NO", "name": "Flisa Backyard", "date": "2026-10-03T10:00:00Z", "town": "Åsnes", "area": "Innlandet", "distanceSummary": "6,7 km", "distances_km": [6.7], "categories": ["road", "trail"], "url": "https://racetracker.no/events/2026/flisa-backyard/", "description": "Den andre utgaven av Flisa Backyard med \"last man standing\"-formatet, dvs. at deltakeren med flest runder vinner. 200 startplasser til løpet lørdag 3. oktober kl 0900. Den 6,7 km lang løypa går fra Åsneshallen ned på Myrmoen og opp igjen, hovdsaklig på grus og sti med litt asfalt."}}, {"type": "Feature", "geometry": {"type": "Point", "coordinates": [10.22709, 61.21849]}, "properties": {"id": "cRQYbct8MuQOJdS6Hcm6", "country": "NO", "name": "Skeikampen Opp", "date": "2026-10-03T10:00:00Z", "town": "Gausdal", "area": "Innlandet", "distanceSummary": "2,86 km", "distances_km": [2.86], "categories": ["trail"], "url": "https://visitskeikampen.no/arrangementer/skeikampen-opp-2025/", "description": "Skeikampen Opp er et motbakkeløp som går i naturskjønne omgivelser fra foten av Skeikampen til steinbua på toppen! Løpet passer både for aktive utøvere og mosjonister i alle aldre. Løpet er 2,9km langt og består av 340 gode høydemetre. Her kan du også delta med hund."}}, {"type": "Feature", "geometry": {"type": "Point", "coordinates": [10.47442, 59.41428]}, "properties": {"id": "g8qCmjBg9jyeQx8ag0AQ", "country": "NO", "name": "Hortensløpet", "date": "2026-10-03T10:00:00Z", "town": "Horten", "area": "Vestfold", "distanceSummary": "5 km, 10 km", "distances_km": [5.0, 10.0], "categories": ["road"], "url": null, "description": "Kvalitetsløp i Horten, med start og mål i nydelige Lystlunden. Løypa går langs indre havn. 5 og 10km, med start på ulikt tidspunkt. Løypa er flat og rask, godt egnet for å slå rekorder eller fullføre for første gang. Gratis barneløp. "}}, {"type": "Feature", "geometry": {"type": "Point", "coordinates": [10.39593, 63.42919]}, "properties": {"id": "msPB94BF3lvVMWRnQwiZ", "country": "NO", "name": "Magni Maraton nr. 113", "date": "2026-10-03T10:00:00Z", "town": "Trondheim", "area": "Trøndelag", "distanceSummary": "5 km, 10,549 km, Halvmaraton, Maraton", "distances_km": [5.0, 10.549, 21.098, 42.195], "categories": ["road"], "url": "https://magnimaraton.com?page=registration&date=2026-10-03", "description": "En gang i måneden, med unntak av sommeren, blir det arrangert et Magni Maraton med start og mål på Stavset i Trondheim. Løpet er av Cannonball type, d.v.s. et løp der deltakeren i prinsipp sørger helt for seg selv."}}, {"type": "Feature", "geometry": {"type": "Point", "coordinates": [10.5233, 59.8931]}, "properties": {"id": "rYH3qRQXki6OcqdCZCZS", "country": "NO", "name": "Nansenparken parkrun", "date": "2026-10-03T10:00:00Z", "town": "Bærum", "area": "Akershus", "distanceSummary": "5 km", "distances_km": [5.0], "categories": ["road"], "url": "https://www.parkrun.no/nansenparken", "description": "Ukentlig, gratis lavterskel 5K med tidtakning i Nansenparken på Fornebu, for alle som vil bli med å løpe, jogge, gå eller delta som frivillig sammen med andre. Oppmøte ved Festplassen i midten av Nansenparken."}}, {"type": "Feature", "geometry": {"type": "Point", "coordinates": [10.20286, 59.73988]}, "properties": {"id": "vbHauRWcWZEspuHk63Ee", "country": "NO", "name": "Hagemanns Rundbaneløp", "date": "2026-10-03T10:00:00Z", "town": "Drammen", "area": "Buskerud", "distanceSummary": "52,5 km", "distances_km": [52.5], "categories": ["trail"], "url": "https://racetracker.no/events/2026/hagemanns-rundbanelop/", "description": "Hagemanns Rundbaneløp vil foregå i rundløypa til Svelvik sykkelklubb. Den er 2,1 km lang og har ca 58 hm pr runde. Det blir flere distanser: 25 runder, 52,5 km - 20 runder, maraton - 10 runder, halvmaraton - 1 runde, 2.1 km - Barneløp. Cutoff er 9 timer."}}, {"type": "Feature", "geometry": {"type": "Point", "coordinates": [9.10291, 60.5679]}, "properties": {"id": "ym978hfLhunjQsSSS4Fp", "country": "NO", "name": "Nesbyen Backyard Ultra", "date": "2026-10-03T10:00:00Z", "town": "Nesbyen", "area": "Buskerud", "distanceSummary": "40,2 km, 6,7 km, 80,4 km", "distances_km": [6.7, 40.2, 80.4], "categories": ["road", "trail"], "url": "https://runnershei.com/", "description": "Runde på 6,7 km. 6 og 12 timer. "}}, {"type": "Feature", "geometry": {"type": "Point", "coordinates": [10.9569, 60.88204]}, "properties": {"id": "zkCGUPRnJdjoGJk6M54b", "country": "NO", "name": "Sjusjøløpet", "date": "2026-10-03T10:00:00Z", "town": "Ringsaker", "area": "Innlandet", "distanceSummary": "1,5 km, 4 km, 11 km", "distances_km": [1.5, 4.0, 11.0], "categories": ["road", "trail"], "url": null, "description": "Sjusjøen Idrettsanlegg ønsker velkommen til Sjusjøløpet med hovedløpet Sjusjøvannet Rundt på 11 km i lettløpt terreng på sti og vei der en kan få testet fartsfølelsen, samt barneløp på 1,5 km og trimklasse på 4 km."}}, {"type": "Feature", "geometry": {"type": "Point", "coordinates": [11.09894, 59.28294]}, "properties": {"id": "2Dbfx3AVqEgRijYWrEUO", "country": "NO", "name": "Søndagsløpet, Sarpsborg - Grønn løype ", "date": "2026-10-04T10:00:00Z", "town": "Sarpsborg", "area": "Østfold", "distanceSummary": "8,8 km", "distances_km": [8.8], "categories": ["trail"], "url": null, "description": ""}}, {"type": "Feature", "geometry": {"type": "Point", "coordinates": [10.96513, 59.94024]}, "properties": {"id": "JELzyODEMLEYY22ZkMGk", "country": "NO", "name": "Lørenskog Cannon ball Ultra", "date": "2026-10-04T10:00:00Z", "town": "Lørenskog", "area": "Akershus", "distanceSummary": "Halvmaraton, Maraton, 47,5 km", "distances_km": [21.098, 42.195, 47.5], "categories": ["road"], "url": "https://www.facebook.com/events/1239881514220499/1239881590887158?acontext=%7B%22event_action_history%22%3A[%7B%22extra_data%22%3A%22%22%2C%22mechanism%22%3A%22surface%22%2C%22surface%22%3A%22permalink%22%7D%2C%7B%22extra_data%22%3A%22%22%2C%22mechanism%22%3A%22surface%22%2C%22surface%22%3A%22permalink%22%7D%2C%7B%22extra_data%22%3A%22%22%2C%22mechanism%22%3A%22surface%22%2C%22surface%22%3A%22permalink%22%7D]%2C%22ref_notif_type%22%3Anull%7D", "description": "Cannon ball løp. Lavterskel! Deltagerne sørger for seg med mat, drikke og forsikring. Halvmaraton, helmaraton og ultradistanse. 5K x 4 eller 8 eller 9 runder. Løpet er gratis, men du kan vippse valgfritt beløp til 99375432 merket Cannon ball. Alle pengene går til årets TV-aksjon. Mer info? 99375432"}}, {"type": "Feature", "geometry": {"type": "Point", "coordinates": [11.17286, 60.14269]}, "properties": {"id": "nJKiKRgrvUuYORIApZC3", "country": "NO", "name": "Norgesløpet", "date": "2026-10-04T10:00:00Z", "town": "Ullensaker", "area": "Akershus", "distanceSummary": "1,9 km, 5 km, 10 km", "distances_km": [1.9, 5.0, 10.0], "categories": ["road"], "url": "https://www.norgeslopet.net/", "description": ""}}, {"type": "Feature", "geometry": {"type": "Point", "coordinates": [10.41127, 59.26938]}, "properties": {"id": "zHs2rRH5lUhwkPloVqRw", "country": "NO", "name": "Rosa sløyfe-løpet Tønsberg", "date": "2026-10-04T10:00:00Z", "town": "Tønsberg", "area": "Vestfold", "distanceSummary": "2 km, 4 km, 6 km", "distances_km": [2.0, 4.0, 6.0], "categories": ["road"], "url": "https://www.rosasloyfelopet.no/ildsjel/rosa-sloyfe-lopet-tonsberg-2026/", "description": ""}}, {"type": "Feature", "geometry": {"type": "Point", "coordinates": [7.99691, 58.1365]}, "properties": {"id": "eHg0QHGkb9RwolAI36Bs", "country": "NO", "name": "Rosa sløyfe-løpet Kristiansand", "date": "2026-10-05T10:00:00Z", "town": "Kristiansand", "area": "Agder", "distanceSummary": "3 km, 6 km", "distances_km": [3.0, 6.0], "categories": ["road"], "url": "https://www.rosasloyfelopet.no/by/kristiansand/", "description": "Rosa sløyfe-løpet kommer igjen til Kristiansand for å farge byen rosa i oktober!\nStart og mål er på Aquarama midt i sentrum og løypa går i flotte områder rundt Kristiansand by. Bli med og opplev det rosa folkehavet sammen med flere tusen andre som ønsker å støtte den gode saken."}}, {"type": "Feature", "geometry": {"type": "Point", "coordinates": [10.93766, 59.21877]}, "properties": {"id": "6EBUOVhGaMbUJmAUUAUk", "country": "NO", "name": "Borredalen Rundt ", "date": "2026-10-06T10:00:00Z", "town": "Fredrikstad", "area": "Østfold", "distanceSummary": "5,5 km", "distances_km": [5.5], "categories": ["road", "trail"], "url": "https://www.facebook.com/groups/389228317759689/?multi_permalinks=8061410920541352&notif_id=1711272956904859&notif_t=feedback_reaction_generic&ref=notif", "description": "Borredalen Rundt arrangeres hver tirsdag fra mars/april til slutten av oktober, og med juleløp i desember. Løpet er arrangert siden 1962. \n\nStart/mål: Ved paviljongen i sydenden av Borredalsdammen.\n\nStarttidspunkt: 17.30"}}, {"type": "Feature", "geometry": {"type": "Point", "coordinates": [11.06804, 60.79559]}, "properties": {"id": "8CFjx4BFXn1rJriAZfjq", "country": "NO", "name": "Svartemarjaløpet, Hamarkarusellens 10. løp", "date": "2026-10-06T10:00:00Z", "town": "Hamar", "area": "Innlandet", "distanceSummary": "5 km", "distances_km": [5.0], "categories": ["road"], "url": null, "description": "Løype  i fine omgivelser med start og mål på Greveløkka. Løype ca 5 km. Løypa er merket. Løypa går i et lett turterreng på sti og grus. Løpet inngår i Hamarkarusellen, som årets 10. løp av 10. "}}, {"type": "Feature", "geometry": {"type": "Point", "coordinates": [10.93153, 59.21894]}, "properties": {"id": "B41l2yQtwrFQ7iaaXweu", "country": "NO", "name": "Begbyjoggen", "date": "2026-10-07T10:00:00Z", "town": "Fredrikstad", "area": "Østfold", "distanceSummary": "4,6 km, 6,8 km", "distances_km": [4.6, 6.8], "categories": ["road"], "url": "https://www.strava.com/clubs/1444253", "description": "Ukentlig mosjonsløp hver onsdag kl 1800. Lavterskel tilbud for alle. Løype på 6,8 km på grusstier i lysløpe. Start fra Begbyportalen \"klubbhuset\" opp forbi Bjørneklova, ned alleen, rundt golfbanen så tilbake til portalen via Bjørneklova. Egen løype \"4,6km\" for de som ønsker å gå eller gogge. "}}, {"type": "Feature", "geometry": {"type": "Point", "coordinates": [17.83255, 68.87727]}, "properties": {"id": "qzLa1gupWUAxgeCmJRqG", "country": "NO", "name": "Idrettsheialøpet", "date": "2026-10-07T10:00:00Z", "town": "Salangen", "area": "Troms", "distanceSummary": "1,5 km", "distances_km": [1.5], "categories": ["trail"], "url": null, "description": "Rundløype på idrettsheia på ca 1,5 km. Variert underlag fra kunstgress til grus!"}}, {"type": "Feature", "geometry": {"type": "Point", "coordinates": [11.11173, 59.28978]}, "properties": {"id": "7Z90SurwxcfhY4ZSadzO", "country": "NO", "name": "Torsdagsløpet", "date": "2026-10-08T10:00:00Z", "town": "Sarpsborg", "area": "Østfold", "distanceSummary": "5,1 km", "distances_km": [5.1], "categories": ["road", "trail"], "url": "https://www.torsdagstrimmen.no", "description": "5,1 km mosjonsløp i Kalnesskogens blå løype"}}, {"type": "Feature", "geometry": {"type": "Point", "coordinates": [10.73908, 59.91615]}, "properties": {"id": "9JUUcrqkqGoMEhCjlGRC", "country": "NO", "name": "Lillogrusen", "date": "2026-10-08T10:00:00Z", "town": "Oslo", "area": "Oslo", "distanceSummary": "15 km, 5 km", "distances_km": [5.0, 15.0], "categories": ["road"], "url": "https://www.facebook.com/profile.php?id=61565346392798", "description": "Tredje utgaven. Start og mål på parkeringen ved Grefsenkleiva i Oslo. Går på opplyste grusveier i Lillomarka. Oppmøte fra kl. 17, første start kl. 18. Løpet er helt gratis og deltagerne bes om å ta tiden med egen klokke. Ta gjerne med eget startnummer!"}}, {"type": "Feature", "geometry": {"type": "Point", "coordinates": [11.15631, 59.58658]}, "properties": {"id": "FAlZ7PhZz4IvWqnImYct", "country": "NO", "name": "Linnatrimmen", "date": "2026-10-08T10:00:00Z", "town": "Indre Østfold", "area": "Østfold", "distanceSummary": "2 km, 5 km", "distances_km": [2.0, 5.0], "categories": ["road"], "url": null, "description": "På Solbergfosslinna i Askim. Start og mål ovenfor Askim brannstasjon. Man kan delta på fellesstart eller gå/løpe for seg selv uten tidtaking. Fellesstart kl. 18.00. Påmelding fra kl. 17.45. Distanser på 5 km og 2 km. "}}, {"type": "Feature", "geometry": {"type": "Point", "coordinates": [7.99653, 58.14481]}, "properties": {"id": "endA3Vowd4uaUbj4D2fq", "country": "NO", "name": "ABIK Terrengkarusell  løp 19 - UiA-løpet", "date": "2026-10-08T10:00:00Z", "town": "Kristiansand", "area": "Agder", "distanceSummary": "3,9 km, 7,8 km", "distances_km": [3.9, 7.8], "categories": ["trail"], "url": null, "description": "\n"}}, {"type": "Feature", "geometry": {"type": "Point", "coordinates": [10.93908, 59.21952]}, "properties": {"id": "ihC7SmMW9W9WkFRhFqlI", "country": "NO", "name": "GIF-joggen", "date": "2026-10-09T10:00:00Z", "town": "Fredrikstad", "area": "Østfold", "distanceSummary": "4 km", "distances_km": [4.0], "categories": ["trail"], "url": "https://gresvikif.no/gif-joggen/", "description": "GIF-joggen er et fast ukentlig arrangement i sommerhalvåret (unntatt juli). En 4,0 km lang løype i variert og tidvis krevende terreng. Fellesstarter på grusbanen i Trondalen fredager, 17:15 for de som går og 17:30 for de som løper. Oppmøte 15 min før start."}}, {"type": "Feature", "geometry": {"type": "Point", "coordinates": [7.68813, 62.56526]}, "properties": {"id": "3EwBz97zz4CH0chSosfr", "country": "NO", "name": "Nesaksla Opp", "date": "2026-10-10T10:00:00Z", "town": "Rauma", "area": "Møre og Romsdal", "distanceSummary": "2 km", "distances_km": [2.0], "categories": ["trail"], "url": null, "description": "Nesaksla er et populært turmål med ca. 4000 navnetrekk i toppboka hvert år. Løpet er norges bratteste motbakkeløp med en stigning på 34,4 % og lengden er 2000 meter. Høydeforskjellen er 687 meter."}}, {"type": "Feature", "geometry": {"type": "Point", "coordinates": [10.64823, 59.43352]}, "properties": {"id": "7TL6M3aSpctLj9oocPgl", "country": "NO", "name": "Ryggejoggen, løp nr. 2302", "date": "2026-10-10T10:00:00Z", "town": "Moss", "area": "Østfold", "distanceSummary": "2 km, 4,3 km, 7,2 km", "distances_km": [2.0, 4.3, 7.2], "categories": ["road", "trail"], "url": "https://www.facebook.com/profile.php?id=100064907401190", "description": "Start fra Ryggejoggenhytta v/Rygge krk.\nkl.13:00 til 15:00\nEventuell fellesstart kl.13:30\n\nFørste 500m går på sykelsti langs Kurefjordveien, deretter første gårdsvei til høyre inn i skogsløypa!"}}, {"type": "Feature", "geometry": {"type": "Point", "coordinates": [10.74218, 59.91335]}, "properties": {"id": "8QH8E2auKlehYC5cBfwm", "country": "NO", "name": "Ivar Formos Minneløp", "date": "2026-10-10T10:00:00Z", "town": "Oslo", "area": "Oslo", "distanceSummary": "1 km, 3 km, 9 km, 17 km", "distances_km": [1.0, 3.0, 9.0, 17.0], "categories": ["trail"], "url": null, "description": ""}}, {"type": "Feature", "geometry": {"type": "Point", "coordinates": [11.49865, 64.46207]}, "properties": {"id": "Ej4R3mTvpohkGom4uzYk", "country": "NO", "name": "Åpent Botnanmesterskap i Landeveisløp", "date": "2026-10-10T10:00:00Z", "town": "Namsos", "area": "Trøndelag", "distanceSummary": "2 km, 4 km, 8 km", "distances_km": [2.0, 4.0, 8.0], "categories": ["road"], "url": null, "description": "Landevegsløp langs Vetterhusbotnet med følgende startsteder 8 km: Duna, 4 km: Fossvika, 2 km: Langstranda \nPå alle startsteder foregår start  kl 1500. "}}, {"type": "Feature", "geometry": {"type": "Point", "coordinates": [10.00128, 59.97463]}, "properties": {"id": "EvxB97ytfXEphm1THejf", "country": "NO", "name": "Furumomila", "date": "2026-10-10T10:00:00Z", "town": "Modum", "area": "Buskerud", "distanceSummary": "0,6 km, 1,5 km, 5 km, 10 km", "distances_km": [0.6, 1.5, 5.0, 10.0], "categories": ["trail"], "url": "https://www.furumomila.no/", "description": " Dette er et arrangement for hele familien. Minimil 0,6 km. for de under 6 år. 1,5 km. terrengløp  for de under 13 år. Turmarsj 10 km. Marsj for alle. \r\n5 km. terrengløp og 10 km. terrengløp. Startkontingenten ovenfor er  ikke inkl. pris for engangslisens. For mer info om dette: www.furumomila.no. "}}, {"type": "Feature", "geometry": {"type": "Point", "coordinates": [11.17008, 59.58253]}, "properties": {"id": "IJYOpPOyYqkwau345PhO", "country": "NO", "name": "Terrengløpet Mila", "date": "2026-10-10T10:00:00Z", "town": "Indre Østfold", "area": "Østfold", "distanceSummary": "8,1 km", "distances_km": [8.1], "categories": ["trail"], "url": "https://www.facebook.com/terrenglopetmila", "description": "Turstien «Mila» har lang historie og er et velkjent og innarbeidet begrep for de\nfleste i Trøgstad. Løpet går i deler av lysløypa/ furukollrunden som har typisk skogsbilvei/skiløype underlag, dvs mykt. Resten av løypa  ca 5 km er på krevende teknisk sti som følger terrenget. En del klopper der vått."}}, {"type": "Feature", "geometry": {"type": "Point", "coordinates": [10.52349, 59.88595]}, "properties": {"id": "Kk95xdlfjLmF6ClNQO5t", "country": "NO", "name": "Nansenparken parkrun", "date": "2026-10-10T10:00:00Z", "town": "Bærum", "area": "Akershus", "distanceSummary": "5 km", "distances_km": [5.0], "categories": ["road"], "url": "https://www.parkrun.no/nansenparken", "description": "Ukentlig, gratis lavterskel 5K med tidtakning i Nansenparken på Fornebu, for alle som vil bli med å løpe, jogge, gå eller delta som frivillig sammen med andre. Oppmøte ved Festplassen i midten av Nansenparken."}}, {"type": "Feature", "geometry": {"type": "Point", "coordinates": [6.00038, 58.45739]}, "properties": {"id": "TnrgXZNLFAcTgQj2JelP", "country": "NO", "name": "Kystløpet", "date": "2026-10-10T10:00:00Z", "town": "Eigersund", "area": "Rogaland", "distanceSummary": "11 km", "distances_km": [11.0], "categories": ["road"], "url": null, "description": "Løypa går t/r til den gamle nedlagte jernbanestasjonen ved Maurholen.. Løypa er småkupert og snor seg langs kysten på en bred fin grussti. Løypa følger samme trase som brukes under Nordsjørittet på sykkel."}}, {"type": "Feature", "geometry": {"type": "Point", "coordinates": [23.27183, 69.96931]}, "properties": {"id": "W4Hr61Nz6YKbQcbJineh", "country": "NO", "name": "BUL-Løpet", "date": "2026-10-10T10:00:00Z", "town": "Alta", "area": "Finnmark", "distanceSummary": "3 km, 5 km, 10 km", "distances_km": [3.0, 5.0, 10.0], "categories": ["trail"], "url": null, "description": ""}}, {"type": "Feature", "geometry": {"type": "Point", "coordinates": [5.32097, 60.38566]}, "properties": {"id": "WPdSN8BKXVtTi4T2XkH6", "country": "NO", "name": "Bergensløpet høst", "date": "2026-10-10T10:00:00Z", "town": "Bergen", "area": "Vestland", "distanceSummary": "5 km, 10 km", "distances_km": [5.0, 10.0], "categories": ["road"], "url": "https://www.bergenslopet.no", "description": ""}}, {"type": "Feature", "geometry": {"type": "Point", "coordinates": [10.4263, 61.2643]}, "properties": {"id": "Z6n0qA52WYdMwpOIEzrv", "country": "NO", "name": "Musdal Opp", "date": "2026-10-10T10:00:00Z", "town": "Øyer", "area": "Innlandet", "distanceSummary": "8,65 km", "distances_km": [8.65], "categories": ["road", "trail"], "url": null, "description": "Motbakkeløp fra Tretten Stasjon til Musdalsæter. Løypa er 8,65km lang og 706 høydemeter. Første del av løypa går på asfalt, deretter overgang til grusvei. Start på 100 m.o.h. og målgang 806 m.o.h. Både konkurranseklasse og trimklasse"}}, {"type": "Feature", "geometry": {"type": "Point", "coordinates": [10.74147, 59.91675]}, "properties": {"id": "ZVVhmNnJ9zQpfXcDnPLA", "country": "NO", "name": "Rosa sløyfe-løpet Oslo ", "date": "2026-10-10T10:00:00Z", "town": "Oslo", "area": "Oslo", "distanceSummary": "3,6 km", "distances_km": [3.6], "categories": ["road"], "url": "https://www.rosasloyfelopet.no/by/oslo-lordag/", "description": "Igjen skal hovedstaden farges rosa i oktober – vi gleder oss! Lørdag starter kort løype fra Nedre Foss Gård, langs Akerselva opp til Nydalen. Løpet vil foregå uten tidtaking. "}}, {"type": "Feature", "geometry": {"type": "Point", "coordinates": [11.06657, 60.79411]}, "properties": {"id": "cEmPfg6izjjXmUhzWAXQ", "country": "NO", "name": "Hamar Backyard Ultra 50M", "date": "2026-10-10T10:00:00Z", "town": "Hamar", "area": "Innlandet", "distanceSummary": "80,467 km", "distances_km": [80.467], "categories": ["road"], "url": "https://Hamarloperne.com", "description": "Hamar Backyard Ultra 50M er en løpskonkurranse som arrangeres etter «Backyard» prinsippet, men er begrenset til 12 runder (50Miles). Raskeste tid siste runde vinner. Påmelding er åpen."}}, {"type": "Feature", "geometry": {"type": "Point", "coordinates": [11.0658, 60.79466]}, "properties": {"id": "d1QJpNC7cIFxn1OE9Pez", "country": "NO", "name": "Ankerskogen Parkrun", "date": "2026-10-10T10:00:00Z", "town": "Hamar", "area": "Innlandet", "distanceSummary": "5 km", "distances_km": [5.0], "categories": ["road"], "url": "https://www.parkrun.no/ankerskogen/", "description": "Gjennomføres på Ankerskogen tur og parkområde, Hamar."}}, {"type": "Feature", "geometry": {"type": "Point", "coordinates": [10.41179, 59.27645]}, "properties": {"id": "gw7ZNsAKLZDRFLH983UZ", "country": "NO", "name": "UM/NM Terrengløp, lang løype", "date": "2026-10-10T10:00:00Z", "town": "Tønsberg", "area": "Vestfold", "distanceSummary": "4 km, 6 km, 10 km", "distances_km": [4.0, 6.0, 10.0], "categories": ["trail"], "url": null, "description": ""}}, {"type": "Feature", "geometry": {"type": "Point", "coordinates": [10.74234, 59.92078]}, "properties": {"id": "r9qANoOQIVJQ0fHmX8SS", "country": "NO", "name": "Nøklevann Rundt", "date": "2026-10-10T10:00:00Z", "town": "Oslo", "area": "Oslo", "distanceSummary": "0,5 km, 0,5 km, 0,9 km, 5 km, 10 km", "distances_km": [0.5, 0.9, 5.0, 10.0], "categories": ["road"], "url": "https://www.noklevannrundt.no", "description": "10.0 km traséen er relativt kupert og går rundt Nøklevann i Østmarka med start og mål på Haraløkka på Bøler.  5.0 km traséen går to runder i en lett kupert løype med start og mål på Haraløkka. Barneløp på 500 meter for 0-5 år, barneløp på 900 meter for 0-11 år. Paraløp på 500 meter."}}, {"type": "Feature", "geometry": {"type": "Point", "coordinates": [6.7216, 58.66297]}, "properties": {"id": "uE4M1Hnm8KFH1icHDIpt", "country": "NO", "name": "Sirdal Løpefest", "date": "2026-10-10T10:00:00Z", "town": "Sirdal", "area": "Agder", "distanceSummary": "0,35 km, 5 km, 10 km", "distances_km": [0.35, 5.0, 10.0], "categories": ["road", "trail"], "url": "https://www.sirdallopefest.no/", "description": "Start/mål ved hovedbygget på Kvæven. Ruten byr på småkupert terreng med en total stigning på ca 169 høydemeter (10km). I tillegg til 5 og 10 kilometer tilbyr vi i år de sprekeste å ta Sirdal Løpefest-dobbelen – altså 5 og 10 kilometer. Arrangerer også et barneløp samme sted."}}, {"type": "Feature", "geometry": {"type": "Point", "coordinates": [11.56754, 59.87597]}, "properties": {"id": "x3v2UXpJtiSWlrJN50RR", "country": "NO", "name": "Elgløpet", "date": "2026-10-10T10:00:00Z", "town": "Aurskog-Høland", "area": "Akershus", "distanceSummary": "5 km, 10 km", "distances_km": [5.0, 10.0], "categories": ["trail"], "url": "https://www.hiul.no/elglopet", "description": "Vi gjentar suksessen fra i fjor med noen endringer, start og mål flyttes fra Morgenlia ned til Høland Stadion. Kort og lang barneløype i tillegg til \n5 og 10 km for ungdom og voksne.\n"}}, {"type": "Feature", "geometry": {"type": "Point", "coordinates": [10.79088, 63.40814]}, "properties": {"id": "xUcCTSmo7f1WYG3dHL1D", "country": "NO", "name": "Kruke’s Ultra-Trail Challenge (KUTC)", "date": "2026-10-10T10:00:00Z", "town": "Malvik", "area": "Trøndelag", "distanceSummary": "26,8 km, 53,6 km, 80,5 km, 134,1 km, 134,1 km, 160,9 km", "distances_km": [26.8, 53.6, 80.5, 134.1, 160.9], "categories": ["trail"], "url": "https://krultra.no/events/KUTC", "description": "Løpet består av et antall runder i en løype på drøyt 6,7 km fra Jamthaugen (Saksvik i Malvik) til Solemsvåttan (Trondheim) og tilbake. Hver runde har ca. 370 høydemeter. Deltakerne melder seg på enten 4, 8, 12, 16, 20 eller 24 runder. \nMaksimum 30 deltakere. Påmelding åpner i påsken. "}}, {"type": "Feature", "geometry": {"type": "Point", "coordinates": [11.26126, 60.32996]}, "properties": {"id": "8YVDfUO0OOrVb62hfWPs", "country": "NO", "name": "Perseløpet maraton høst", "date": "2026-10-11T10:00:00Z", "town": "Eidsvoll", "area": "Akershus", "distanceSummary": "5 km, 10 km, Halvmaraton, Maraton, 50 km", "distances_km": [5.0, 10.0, 21.098, 42.2, 50.0], "categories": ["road"], "url": "https://signup.eqtiming.com/?Event=perselopet&lang=norwegian", "description": "Rask rundløype på 2.6338 km"}}, {"type": "Feature", "geometry": {"type": "Point", "coordinates": [10.24135, 59.78479]}, "properties": {"id": "DmUwxCTTTSFOJ8lUSb0z", "country": "NO", "name": "Lierløpet 11", "date": "2026-10-11T10:00:00Z", "town": "Lier", "area": "Buskerud", "distanceSummary": "5 km, 10 km, Halvmaraton", "distances_km": [5.0, 10.0, 21.098], "categories": ["road"], "url": "https://rundrm.no/nb/lierlopet/", "description": "Lierløpet går i den etterhvert kjente Linnesrunden, en svært lettløpt trasé som passer alle. Løpet går på bred gangvei og er velbrukt av mosjonister i Drammensområdet. Målgang er ved Lier Stasjon, mens startstedet varierer utifra distanse."}}, {"type": "Feature", "geometry": {"type": "Point", "coordinates": [11.11742, 59.29036]}, "properties": {"id": "JcdMrqIBWsPZ4Zc0nXIq", "country": "NO", "name": "Søndagsløpet, Sarpsborg - Rød løype  ", "date": "2026-10-11T10:00:00Z", "town": "Sarpsborg", "area": "Østfold", "distanceSummary": "10,2 km", "distances_km": [10.2], "categories": ["trail"], "url": null, "description": ""}}, {"type": "Feature", "geometry": {"type": "Point", "coordinates": [8.60355, 58.34634]}, "properties": {"id": "SsnjSN0QjxrAsMOOSje3", "country": "NO", "name": "Løbestævne - Fevik", "date": "2026-10-11T10:00:00Z", "town": "Grimstad", "area": "Agder", "distanceSummary": "3 km, 5 km, 10 km", "distances_km": [3.0, 5.0, 10.0], "categories": [], "url": "https://ilexpress.no/friidrett/", "description": "Løbestævnet er for alle uanset niveau, medlemsskab eller ikke. Alle skal kunne få sig en officiel tid på 3.000, 5.000 eller 10.000 m bane. Start kl. 1200. Normalt deltager 10-25 personer. "}}, {"type": "Feature", "geometry": {"type": "Point", "coordinates": [10.75046, 59.9159]}, "properties": {"id": "o27GthjIAL7aKx6jJAYq", "country": "NO", "name": "Rosa sløyfe-løpet Oslo", "date": "2026-10-11T10:00:00Z", "town": "Oslo", "area": "Oslo", "distanceSummary": "5 km, 10 km", "distances_km": [5.0, 10.0], "categories": ["road"], "url": "https://www.rosasloyfelopet.no/by/oslo/", "description": "Igjen skal hovedstaden farges rosa i oktober – vi gleder oss! Nytt av året kan du løpe både 5km og 10km med tidtaking. Løypene er kontrollmålt. Start og mål ved Rådhusplassen. "}}, {"type": "Feature", "geometry": {"type": "Point", "coordinates": [10.64967, 59.84988]}, "properties": {"id": "pS64WfeggvpwqTSriYAe", "country": "NO", "name": "Nesodden på langs", "date": "2026-10-11T10:00:00Z", "town": "Nesodden", "area": "Akershus", "distanceSummary": "3 km, 6 km, 13,4 km", "distances_km": [3.0, 6.0, 13.4], "categories": ["trail"], "url": "https://nesoddenif.no/friidrett/nesodden-pa-langs", "description": "Nesodden på langs er et rendyrka terrengløp som går på skogstier langs hele Nesoddlandet, fra Fagerstrand i sør til Berger stadion i nord.  Vi har tre løpslengder slik at alle kan finne noe som passer. Hardhausen som er 13.4 km lang. Styrkeprøven som er 6 km lang, starter omtrent halvveis i den leng"}}, {"type": "Feature", "geometry": {"type": "Point", "coordinates": [10.93341, 59.21967]}, "properties": {"id": "tFYGz2vPjHWgqiVoKDRY", "country": "NO", "name": "Fredrikstadmarka Rundt", "date": "2026-10-11T10:00:00Z", "town": "Fredrikstad", "area": "Østfold", "distanceSummary": "0,5 km, 10 km, 20 km", "distances_km": [0.5, 10.0, 20.0], "categories": ["trail"], "url": "http://www.fredrikstadif.no/p/10599/fredrikstadmarka-rundt", "description": "Fredrikstadmarka Rundt er et 20 km langt tradisjonsrikt skogsløp. \r\nLøypa går gjennom store deler av Fredrikstads idylliske friluftsområde, et område som blir omtalt som et eldorado av alle som er glad i og verdsetter fin natur.\r\n3 drikkestasjoner i løypa."}}, {"type": "Feature", "geometry": {"type": "Point", "coordinates": [4.83908, 60.59207]}, "properties": {"id": "Ytuxx9JUzG5R0jv5xCxo", "country": "NO", "name": "Øygardskarusellen - Løp 6", "date": "2026-10-12T10:00:00Z", "town": "Øygarden", "area": "Vestland", "distanceSummary": "3 km, 5 km", "distances_km": [3.0, 5.0], "categories": ["road"], "url": "https://www.facebook.com/oygardskarusellen", "description": "Toftøy idrettsbane"}}, {"type": "Feature", "geometry": {"type": "Point", "coordinates": [10.94301, 59.21125]}, "properties": {"id": "9x3qAbk8X6ZfqP5sqKfx", "country": "NO", "name": "Borredalen Rundt ", "date": "2026-10-13T10:00:00Z", "town": "Fredrikstad", "area": "Østfold", "distanceSummary": "5,5 km", "distances_km": [5.5], "categories": ["road", "trail"], "url": "https://www.facebook.com/groups/389228317759689/?multi_permalinks=8061410920541352&notif_id=1711272956904859&notif_t=feedback_reaction_generic&ref=notif", "description": "Borredalen Rundt arrangeres hver tirsdag fra mars/april til slutten av oktober, og med juleløp i desember. Løpet er arrangert siden 1962. \n\nStart/mål: Ved paviljongen i sydenden av Borredalsdammen.\n\nStarttidspunkt: 17.30"}}, {"type": "Feature", "geometry": {"type": "Point", "coordinates": [10.94222, 59.21381]}, "properties": {"id": "3lZJDOe2MMZ476wFpfQS", "country": "NO", "name": "Begbyjoggen", "date": "2026-10-14T10:00:00Z", "town": "Fredrikstad", "area": "Østfold", "distanceSummary": "4,6 km, 6,8 km", "distances_km": [4.6, 6.8], "categories": ["road"], "url": "https://www.strava.com/clubs/1444253", "description": "Ukentlig mosjonsløp hver onsdag kl 1800. Lavterskel tilbud for alle. Løype på 6,8 km på grusstier i lysløpe. Start fra Begbyportalen \"klubbhuset\" opp forbi Bjørneklova, ned alleen, rundt golfbanen så tilbake til portalen via Bjørneklova. Egen løype \"4,6km\" for de som ønsker å gå eller gogge. "}}, {"type": "Feature", "geometry": {"type": "Point", "coordinates": [5.32795, 60.39068]}, "properties": {"id": "OzziXOtsGwZHLPtas63l", "country": "NO", "name": "Frikarusellen - 1. løp", "date": "2026-10-14T10:00:00Z", "town": "Bergen", "area": "Vestland", "distanceSummary": "5 km", "distances_km": [5.0], "categories": ["road"], "url": "https://live.eqtiming.com/79113#dashboard", "description": "Inngår i Frikarusellen (6 løp).\nStart ved Espelandshallen og mål på Espeland idrettsplass i Arna bydel. Flat og lettløpt løype."}}, {"type": "Feature", "geometry": {"type": "Point", "coordinates": [7.99669, 58.14543]}, "properties": {"id": "1beLEIm7ZGYLEeQYITMi", "country": "NO", "name": "ABIK Terrengkarusell  løp 20 - Baneheia løpet", "date": "2026-10-15T10:00:00Z", "town": "Kristiansand", "area": "Agder", "distanceSummary": "3,5 km, 7 km", "distances_km": [3.5, 7.0], "categories": ["road"], "url": null, "description": ""}}, {"type": "Feature", "geometry": {"type": "Point", "coordinates": [11.1497, 59.58524]}, "properties": {"id": "IMoSyoKojZndoC9xecrc", "country": "NO", "name": "Linnatrimmen", "date": "2026-10-15T10:00:00Z", "town": "Indre Østfold", "area": "Østfold", "distanceSummary": "2 km, 5 km", "distances_km": [2.0, 5.0], "categories": ["road"], "url": null, "description": "På Solbergfosslinna i Askim. Start og mål ovenfor Askim brannstasjon. Man kan delta på fellesstart eller gå/løpe for seg selv uten tidtaking. Fellesstart kl. 18.00. Påmelding fra kl. 17.45. Distanser på 5 km og 2 km. "}}, {"type": "Feature", "geometry": {"type": "Point", "coordinates": [10.94421, 59.21208]}, "properties": {"id": "XsO0V15tR2n4oBLuFMm5", "country": "NO", "name": "GIF-joggen", "date": "2026-10-16T10:00:00Z", "town": "Fredrikstad", "area": "Østfold", "distanceSummary": "4 km", "distances_km": [4.0], "categories": ["trail"], "url": "https://gresvikif.no/gif-joggen/", "description": "GIF-joggen er et fast ukentlig arrangement i sommerhalvåret (unntatt juli). En 4,0 km lang løype i variert og tidvis krevende terreng. Fellesstarter på grusbanen i Trondalen fredager, 17:15 for de som går og 17:30 for de som løper. Oppmøte 15 min før start."}}, {"type": "Feature", "geometry": {"type": "Point", "coordinates": [11.0586, 60.79418]}, "properties": {"id": "5dScU6nVLBLGiQWqBXRI", "country": "NO", "name": "Ankerskogen Parkrun", "date": "2026-10-17T10:00:00Z", "town": "Hamar", "area": "Innlandet", "distanceSummary": "5 km", "distances_km": [5.0], "categories": ["road"], "url": "https://www.parkrun.no/ankerskogen/", "description": "Gjennomføres på Ankerskogen tur og parkområde, Hamar."}}, {"type": "Feature", "geometry": {"type": "Point", "coordinates": [5.21594, 60.09376]}, "properties": {"id": "8VsaHaDHo5shb4gcEIm0", "country": "NO", "name": "Austevollsløpet", "date": "2026-10-17T10:00:00Z", "town": "Austevoll", "area": "Vestland", "distanceSummary": "5 km", "distances_km": [5.0], "categories": ["road"], "url": null, "description": "Eidsbøen idrettsanlegg"}}, {"type": "Feature", "geometry": {"type": "Point", "coordinates": [8.93543, 60.70412]}, "properties": {"id": "9f1pX6jAx4OluPqTKBFq", "country": "NO", "name": "Hallingmoløpet", "date": "2026-10-17T10:00:00Z", "town": "Gol", "area": "Buskerud", "distanceSummary": "6 km", "distances_km": [6.0], "categories": ["road"], "url": null, "description": "Løp på Hallingmo med løype for både barn, ungdom og voksne! Barnløp (600 m), ungdom (2 km) og voksne (3x2km). Løpya går stort sett på grusstier med runding på stadion. "}}, {"type": "Feature", "geometry": {"type": "Point", "coordinates": [10.74205, 59.90897]}, "properties": {"id": "DODrlXlQpXJMHzBlyv16", "country": "NO", "name": "Solidaritetsløp for Palestina", "date": "2026-10-17T10:00:00Z", "town": "Oslo", "area": "Oslo", "distanceSummary": "5 km, 10 km", "distances_km": [5.0, 10.0], "categories": ["road"], "url": "https://www.solidaritetslop.no/", "description": "I Kubaparken i Oslo. "}}, {"type": "Feature", "geometry": {"type": "Point", "coordinates": [10.65003, 59.43744]}, "properties": {"id": "J8evb4pna2Sz966n1N2h", "country": "NO", "name": "Ryggejoggen, løp nr. 2303", "date": "2026-10-17T10:00:00Z", "town": "Moss", "area": "Østfold", "distanceSummary": "2 km, 4,3 km, 7,2 km", "distances_km": [2.0, 4.3, 7.2], "categories": ["road", "trail"], "url": "https://www.facebook.com/profile.php?id=100064907401190", "description": "Start fra Ryggejoggenhytta v/Rygge krk.\nkl.13:00 til 15:00\nEventuell fellesstart kl.13:30\n\nFørste 500m går på sykelsti langs Kurefjordveien, deretter første gårdsvei til høyre inn i skogsløypa!"}}, {"type": "Feature", "geometry": {"type": "Point", "coordinates": [10.23085, 59.12772]}, "properties": {"id": "NQZ7SS0oAaNMnKzpqIf3", "country": "NO", "name": "Moaløpet", "date": "2026-10-17T10:00:00Z", "town": "Sandefjord", "area": "Vestfold", "distanceSummary": "0,5 km, 1,2 km, 1,2 km, 2,4 km, 3,2 km, 5 km", "distances_km": [0.5, 1.2, 2.4, 3.2, 5.0], "categories": ["trail"], "url": "https://ski.stokkeil.no/moalopet/", "description": "Moaløpet er et terrengløp som foregår i vakre høstlige omgivelser i bøkeskogen i Stokke."}}, {"type": "Feature", "geometry": {"type": "Point", "coordinates": [6.1616, 62.47273]}, "properties": {"id": "NvPNcDTVTCmeZFaM7hdP", "country": "NO", "name": "Oktobermila", "date": "2026-10-17T10:00:00Z", "town": "Ålesund", "area": "Møre og Romsdal", "distanceSummary": "5 km, 10 km", "distances_km": [5.0, 10.0], "categories": ["road"], "url": "https://signup.eqtiming.com/arrangement/oktobermila-17-oktober-2026/g295.56339?event=oktobermila", "description": "Start/mål: Lerstad skole. Vending etter 2,5 km og 5 km. Medalje til alle. Pokal til 1. 2. og 3. plass herre/dame på 10 km og pokal til vinner dame/herre på 5 km Kjempefine gevinster trekkes blant alle deltakere. Deltakeravgift 10 km: 300 kr,  5 km: 250 kr. Kontaktperson: Ludvig With tlf 90 29 96 27"}}, {"type": "Feature", "geometry": {"type": "Point", "coordinates": [10.52673, 59.88999]}, "properties": {"id": "QBjkoGiryfiKaYPVYbAY", "country": "NO", "name": "Nansenparken parkrun", "date": "2026-10-17T10:00:00Z", "town": "Bærum", "area": "Akershus", "distanceSummary": "5 km", "distances_km": [5.0], "categories": ["road"], "url": "https://www.parkrun.no/nansenparken", "description": "Ukentlig, gratis lavterskel 5K med tidtakning i Nansenparken på Fornebu, for alle som vil bli med å løpe, jogge, gå eller delta som frivillig sammen med andre. Oppmøte ved Festplassen i midten av Nansenparken."}}, {"type": "Feature", "geometry": {"type": "Point", "coordinates": [12.20674, 65.46853]}, "properties": {"id": "RACVRdlBhJX9x6QkVYRk", "country": "NO", "name": "Hommelstødilten - SHLK", "date": "2026-10-17T10:00:00Z", "town": "Brønnøy", "area": "Nordland", "distanceSummary": "1 km, 3 km, 6 km", "distances_km": [1.0, 3.0, 6.0], "categories": ["road"], "url": null, "description": ""}}, {"type": "Feature", "geometry": {"type": "Point", "coordinates": [9.90644, 59.73617]}, "properties": {"id": "jAVthFOexcaLakD93FQz", "country": "NO", "name": "Hytteplanmila", "date": "2026-10-17T10:00:00Z", "town": "Hole", "area": "Buskerud", "distanceSummary": "10 km", "distances_km": [10.0], "categories": ["road"], "url": "https://hytteplanmila.no/", "description": "Lettløpt og rask 10 km i Jørgen Moes fotefar. Start og mål på Svendsrudmoen  (IL Holeværingens anlegg) på Røyse i Hole kommune. Løyperekordene innehas av Karoline Bjerkeli Grøvdal, 30:32 (2020-NR), og José Carlos Pinto (POR) 27:53 (2025). Fartsholdere fra 35 til 120 minutter. 4240 deltakere i 2024."}}, {"type": "Feature", "geometry": {"type": "Point", "coordinates": [10.95315, 59.94118]}, "properties": {"id": "jPqI2LWs0bRDlWW1gys2", "country": "NO", "name": "Lørenskog Cannon ball Ultra", "date": "2026-10-17T10:00:00Z", "town": "Lørenskog", "area": "Akershus", "distanceSummary": "Halvmaraton, Maraton, 47,5 km", "distances_km": [21.098, 42.195, 47.5], "categories": ["road"], "url": "https://www.facebook.com/events/1239881514220499/1239881594220491?acontext=%7B%22event_action_history%22%3A[%7B%22extra_data%22%3A%22%22%2C%22mechanism%22%3A%22surface%22%2C%22surface%22%3A%22permalink%22%7D%2C%7B%22extra_data%22%3A%22%22%2C%22mechanism%22%3A%22surface%22%2C%22surface%22%3A%22permalink%22%7D%2C%7B%22extra_data%22%3A%22%22%2C%22mechanism%22%3A%22surface%22%2C%22surface%22%3A%22permalink%22%7D]%2C%22ref_notif_type%22%3Anull%7D", "description": "Cannon ball løp. Lavterskel! Deltagerne sørger for seg med mat, drikke og forsikring. Halvmaraton, helmaraton og ultradistanse. 5K x 4 eller 8 eller 9 runder. Løpet er gratis, men du kan vippse valgfritt beløp til 99375432 merket Cannon ball. Alle pengene går til årets TV-aksjon. Mer info? 99375432"}}, {"type": "Feature", "geometry": {"type": "Point", "coordinates": [6.07178, 62.14028]}, "properties": {"id": "lHSVFPLPj7xez243CUpL", "country": "NO", "name": "Volda Bakgårdsultra", "date": "2026-10-17T10:00:00Z", "town": "Volda", "area": "Møre og Romsdal", "distanceSummary": "6,7 km, 80,5 km", "distances_km": [6.7, 80.5], "categories": ["road"], "url": "https://www.xn--voldabakgrdsultra-hrb.no/", "description": "Eit backyard ultra-konsept der du kjemper mot både klokka og deg sjølv. Vi kjører 12 runder, startande kvar heile time. Stad: SpareBank 1-hallen, Volda Stadion – med tilgang til innandørs opphaldsrom, toalett og publikum/support."}}, {"type": "Feature", "geometry": {"type": "Point", "coordinates": [11.10531, 59.29118]}, "properties": {"id": "wY53E1Pq8KMlX82fVOpD", "country": "NO", "name": "Torsdagsløpet", "date": "2026-10-17T10:00:00Z", "town": "Sarpsborg", "area": "Østfold", "distanceSummary": "5,1 km", "distances_km": [5.1], "categories": ["road", "trail"], "url": "https://www.torsdagstrimmen.no", "description": "5,1 km mosjonsløp i Kalnesskogens blå løype"}}, {"type": "Feature", "geometry": {"type": "Point", "coordinates": [5.28038, 59.40579]}, "properties": {"id": "zj77rhHuUdqe3W0XYN6A", "country": "NO", "name": "Djupadalten", "date": "2026-10-17T10:00:00Z", "town": "Haugesund", "area": "Rogaland", "distanceSummary": "0,72 km, 3,7 km, 9,326 km", "distances_km": [0.72, 3.7, 9.326], "categories": ["road"], "url": "https://haugesundil.no/djupadalten/", "description": ""}}, {"type": "Feature", "geometry": {"type": "Point", "coordinates": [5.32711, 59.92004]}, "properties": {"id": "8eso3UILIyrpZg8Je20A", "country": "NO", "name": "Fitjardalten", "date": "2026-10-18T10:00:00Z", "town": "Fitjar", "area": "Vestland", "distanceSummary": "0,6 km, 6,3 km", "distances_km": [0.6, 6.3], "categories": ["road"], "url": "https://signup.eqtiming.com/?Event=FitjarIL&lang=norwegian", "description": " 30.gongs jubileum i 2011"}}, {"type": "Feature", "geometry": {"type": "Point", "coordinates": [10.74311, 59.90995]}, "properties": {"id": "9BBuz5D8aZTu1RCMKS94", "country": "NO", "name": "Vom Dogrun - Ekeberg", "date": "2026-10-18T10:00:00Z", "town": "Oslo", "area": "Oslo", "distanceSummary": "3,5 km, 7 km", "distances_km": [3.5, 7.0], "categories": ["road"], "url": null, "description": "Vom Dogrun er åpent for alle som har lyst til å være med på en hyggelig aktivitet sammen med hunden sin.\nLøp eller gå, store og små, alle er velkomne!"}}, {"type": "Feature", "geometry": {"type": "Point", "coordinates": [10.93451, 59.21262]}, "properties": {"id": "CPHfKeBgoYEbzU4u2PrI", "country": "NO", "name": "Borredalsmila - Borredalen", "date": "2026-10-18T10:00:00Z", "town": "Fredrikstad", "area": "Østfold", "distanceSummary": "9,8 km", "distances_km": [9.8], "categories": ["road"], "url": "https://www.facebook.com/groups/389228317759689/", "description": "STARTKONTINGENT: 60 kr. \nSTART/MÅL: Ved paviljongen i sydenden av Borredalsdammen.\nSTARTTIDSPUNKT: 12.00.\nLØYPE: Følg veien langs Borredalsvannet. Deretter inn på lysløypa og forbi Skihytta. Videre nedover forbi Veum og til venstre på veien mellom 3. dam og Borredalsdammen. Denne følges til mål."}}, {"type": "Feature", "geometry": {"type": "Point", "coordinates": [10.75322, 59.91986]}, "properties": {"id": "Sphp9l6ESKFtdFrYkRNP", "country": "NO", "name": "Bygdøymila 2026", "date": "2026-10-18T10:00:00Z", "town": "Oslo", "area": "Oslo", "distanceSummary": "3 km, 6 km, 0,8 km, 10 km", "distances_km": [0.8, 3.0, 6.0, 10.0], "categories": ["road", "trail"], "url": "https://signup.eqtiming.com/?Event=General&lang=norwegian", "description": "Bygdøymila er et løp for deg som liker å løpe på stier og i vakker natur. Ta med hele familien og velg en løype som passer for hver enkelt.Du kan velge mellom 1, 3 ,6 og 10 kilometer."}}, {"type": "Feature", "geometry": {"type": "Point", "coordinates": [10.40311, 63.4262]}, "properties": {"id": "a3s8sv2ucnpSme4jQmpM", "country": "NO", "name": "Gråkallen opp 2026", "date": "2026-10-18T10:00:00Z", "town": "Trondheim", "area": "Trøndelag", "distanceSummary": "7,5 km", "distances_km": [7.5], "categories": ["trail"], "url": "https://org.ntnu.no/langrenn/grakallen-opp/", "description": "Terrengløp på grusvei og gode skogstier med en brutal slutt til toppen av Trondheim! Mer info på NTNUI Langrenns hjemmesider."}}, {"type": "Feature", "geometry": {"type": "Point", "coordinates": [9.99137, 60.57026]}, "properties": {"id": "fHGMeeB0X8yykdhN0X8q", "country": "NO", "name": "Neskollen Frontyard Ultra", "date": "2026-10-18T10:00:00Z", "town": "Nes", "area": "Akershus", "distanceSummary": "1 km, 3 km, 72 km", "distances_km": [1.0, 3.0, 72.0], "categories": ["road"], "url": "https://hvamil.no/hvam-idrettslag/article/neskollen-frontyard-ultra-2025", "description": "Neskollen Frontyard består av en relativt flat runde på 3 km der den første runden må løpes på max 30 minutter. Runde 2 må løpes på max 29 minutter, Runde 3 på max 28 minutter osv. Løper man raskere får man lengre pauser. Start/mål/pauser innendørs i Nes Arena. Garderober/dusj muligheter."}}, {"type": "Feature", "geometry": {"type": "Point", "coordinates": [10.95725, 59.9355]}, "properties": {"id": "ol8NzN6ds6M4AGe9cClD", "country": "NO", "name": "Lørenskog Cannon ball Ultra", "date": "2026-10-18T10:00:00Z", "town": "Lørenskog", "area": "Akershus", "distanceSummary": "Halvmaraton, Maraton, 47,5 km", "distances_km": [21.098, 42.195, 47.5], "categories": ["road"], "url": "https://www.facebook.com/events/1239881514220499/1239881600887157?acontext=%7B%22event_action_history%22%3A[%7B%22extra_data%22%3A%22%22%2C%22mechanism%22%3A%22surface%22%2C%22surface%22%3A%22permalink%22%7D%2C%7B%22extra_data%22%3A%22%22%2C%22mechanism%22%3A%22surface%22%2C%22surface%22%3A%22permalink%22%7D%2C%7B%22extra_data%22%3A%22%22%2C%22mechanism%22%3A%22surface%22%2C%22surface%22%3A%22permalink%22%7D]%2C%22ref_notif_type%22%3Anull%7D", "description": "Cannon ball løp. Lavterskel! Deltagerne sørger for seg med mat, drikke og forsikring. Halvmaraton, helmaraton og ultradistanse. 5K x 4 eller 8 eller 9 runder. Løpet er gratis, men du kan vippse valgfritt beløp til 99375432 merket Cannon ball. Alle pengene går til årets TV-aksjon. Mer info? 99375432"}}, {"type": "Feature", "geometry": {"type": "Point", "coordinates": [5.85983, 58.76011]}, "properties": {"id": "ulQcifhNI0BLYKkKDsTQ", "country": "NO", "name": "Gjesdal Trailrun", "date": "2026-10-18T10:00:00Z", "town": "Gjesdal", "area": "Rogaland", "distanceSummary": "1,3 km, 6 km, 10 km", "distances_km": [1.3, 6.0, 10.0], "categories": ["trail"], "url": "https://www.gjesdaltrailrun.no/", "description": "Gjesdal Trailrun er et terrengløp/mosjonsløp med utgangspunkt fra Gjesdal il sitt friidrettsanlegg på Solås på Ålgård. Løpet går hovedsakelig på sti i terrenget nordøst for anlegget, opp på Kodlifjellet og Håfjellet. Vi håper at løpet skal passe både for de so"}}, {"type": "Feature", "geometry": {"type": "Point", "coordinates": [10.94245, 59.20861]}, "properties": {"id": "07afqH7t05fIKAQq9Hno", "country": "NO", "name": "Borredalen Rundt ", "date": "2026-10-20T10:00:00Z", "town": "Fredrikstad", "area": "Østfold", "distanceSummary": "5,5 km", "distances_km": [5.5], "categories": ["road", "trail"], "url": "https://www.facebook.com/groups/389228317759689/?multi_permalinks=8061410920541352&notif_id=1711272956904859&notif_t=feedback_reaction_generic&ref=notif", "description": "Borredalen Rundt arrangeres hver tirsdag fra mars/april til slutten av oktober, og med juleløp i desember. Løpet er arrangert siden 1962. \n\nStart/mål: Ved paviljongen i sydenden av Borredalsdammen.\n\nStarttidspunkt: 17.30"}}, {"type": "Feature", "geometry": {"type": "Point", "coordinates": [10.93212, 59.20873]}, "properties": {"id": "Da0dlFJid4MhUbBAWI9B", "country": "NO", "name": "Begbyjoggen", "date": "2026-10-21T10:00:00Z", "town": "Fredrikstad", "area": "Østfold", "distanceSummary": "4,6 km, 6,8 km", "distances_km": [4.6, 6.8], "categories": ["road"], "url": "https://www.strava.com/clubs/1444253", "description": "Ukentlig mosjonsløp hver onsdag kl 1800. Lavterskel tilbud for alle. Løype på 6,8 km på grusstier i lysløpe. Start fra Begbyportalen \"klubbhuset\" opp forbi Bjørneklova, ned alleen, rundt golfbanen så tilbake til portalen via Bjørneklova. Egen løype \"4,6km\" for de som ønsker å gå eller gogge. "}}, {"type": "Feature", "geometry": {"type": "Point", "coordinates": [5.33184, 60.40146]}, "properties": {"id": "8K18ewW1kxQ8p9tLP1B1", "country": "NO", "name": "Åsane løpskarusell 2026 | løp 8", "date": "2026-10-22T10:00:00Z", "town": "Bergen", "area": "Vestland", "distanceSummary": "5 km", "distances_km": [5.0], "categories": ["road"], "url": "https://aasane-lopskarusell.no/", "description": ""}}, {"type": "Feature", "geometry": {"type": "Point", "coordinates": [7.99309, 58.1363]}, "properties": {"id": "z8vcet393uLti62GSgj2", "country": "NO", "name": "ABIK Terrengkarusell  løp 21 -  Tresse/Otra Bredde løpet", "date": "2026-10-22T10:00:00Z", "town": "Kristiansand", "area": "Agder", "distanceSummary": "4 km, 6,5 km", "distances_km": [4.0, 6.5], "categories": ["trail"], "url": null, "description": ""}}, {"type": "Feature", "geometry": {"type": "Point", "coordinates": [10.93796, 59.21231]}, "properties": {"id": "04ZOMXjHD1IwRJjeUSMK", "country": "NO", "name": "GIF-joggen", "date": "2026-10-23T10:00:00Z", "town": "Fredrikstad", "area": "Østfold", "distanceSummary": "4 km", "distances_km": [4.0], "categories": ["trail"], "url": "https://gresvikif.no/gif-joggen/", "description": "GIF-joggen er et fast ukentlig arrangement i sommerhalvåret (unntatt juli). En 4,0 km lang løype i variert og tidvis krevende terreng. Fellesstarter på grusbanen i Trondalen fredager, 17:15 for de som går og 17:30 for de som løper. Oppmøte 15 min før start."}}, {"type": "Feature", "geometry": {"type": "Point", "coordinates": [10.52834, 59.90018]}, "properties": {"id": "M3pT1O6WqrUOyOcOJMXp", "country": "NO", "name": "Lommedalen Rundt - Ultra", "date": "2026-10-23T10:00:00Z", "town": "Bærum", "area": "Akershus", "distanceSummary": "114 km, 161 km", "distances_km": [114.0, 161.0], "categories": ["trail"], "url": "https://www.facebook.com/LommedalenRundt", "description": "Lommedalen Rundt: 1 runde er 19 km og 710 høydemeter\n80% sti, 10% grus, 10% asfalt\n5 mat- og drikkestasjoner"}}, {"type": "Feature", "geometry": {"type": "Point", "coordinates": [10.74265, 59.91378]}, "properties": {"id": "kXNDy4wGKpMzKqD3iSvq", "country": "NO", "name": "10 km Pacing Bislett (tidl. Kvalheimmila)", "date": "2026-10-23T10:00:00Z", "town": "Oslo", "area": "Oslo", "distanceSummary": "5 km, 10 km", "distances_km": [5.0, 10.0], "categories": [], "url": "https://10kpb.no/", "description": "10kpb er et «mosjonsløp på bane», hvor mosjonister og friidrettsutøvere samles under flomlysene på Bislett til persebonanza på 5 km og 10 km. Det blir lyshare i alle heat. "}}, {"type": "Feature", "geometry": {"type": "Point", "coordinates": [10.93217, 59.20913]}, "properties": {"id": "8LfIsj6MgAa6S9ZWbEYL", "country": "NO", "name": "Fredrikstad Multiconsult Maraton ", "date": "2026-10-24T10:00:00Z", "town": "Fredrikstad", "area": "Østfold", "distanceSummary": "Maraton", "distances_km": [42.195], "categories": ["road"], "url": "http://www.fredrikstadif.no/p/10600/fredrikstad-maraton", "description": "Løypa går dels på asfalt, dels på grusveier. Løpet består av 3 runder á 14 km og det blir plusset på med 195 m i starten. Det er merking for hver km.  Drikkestasjoner for hver 4,5 km. Deler av løypa går gjennom Fredrikstads idylliske friluftsområde, et område som blir omtalt som et eldorado av alle "}}, {"type": "Feature", "geometry": {"type": "Point", "coordinates": [11.12121, 59.28428]}, "properties": {"id": "BccAeVGz8bCNs2982z92", "country": "NO", "name": "Torsdagsløpet", "date": "2026-10-24T10:00:00Z", "town": "Sarpsborg", "area": "Østfold", "distanceSummary": "5,1 km", "distances_km": [5.1], "categories": ["road", "trail"], "url": "https://www.torsdagstrimmen.no", "description": "5,1 km mosjonsløp i Kalnesskogens blå løype"}}, {"type": "Feature", "geometry": {"type": "Point", "coordinates": [10.22859, 59.12627]}, "properties": {"id": "EMtx5G1zGzsJi9oFmrts", "country": "NO", "name": "Backyard Sandefjord Ultra", "date": "2026-10-24T10:00:00Z", "town": "Sandefjord", "area": "Vestfold", "distanceSummary": "6,7 km, 80 km", "distances_km": [6.7, 80.0], "categories": ["road", "trail"], "url": "https://www.backyardultra.no", "description": "Sandefjord Backyard for 13.gang! UTSOLGT"}}, {"type": "Feature", "geometry": {"type": "Point", "coordinates": [10.66061, 59.44354]}, "properties": {"id": "EbDRW55L0BRHfNqFvBnC", "country": "NO", "name": "Ryggejoggen, løp nr. 2304", "date": "2026-10-24T10:00:00Z", "town": "Moss", "area": "Østfold", "distanceSummary": "2 km, 4,3 km, 7,2 km", "distances_km": [2.0, 4.3, 7.2], "categories": ["road", "trail"], "url": "https://www.facebook.com/profile.php?id=100064907401190", "description": "Start fra Ryggejoggenhytta v/Rygge krk.\nkl.13:00 til 15:00\nEventuell fellesstart kl.13:30\n\nFørste 500m går på sykelsti langs Kurefjordveien, deretter første gårdsvei til høyre inn i skogsløypa!"}}, {"type": "Feature", "geometry": {"type": "Point", "coordinates": [5.72998, 58.85433]}, "properties": {"id": "GjHnTuW8Gg83kzRuuFAF", "country": "NO", "name": "Checkpoint Melshei", "date": "2026-10-24T10:00:00Z", "town": "Sandnes", "area": "Rogaland", "distanceSummary": "6 km", "distances_km": [6.0], "categories": ["trail"], "url": "https://www.sandnes-idrettslag.no/orientering/arrangement/checkpoint-melshei/", "description": "Start og mål er ved SI-hytta i Melsheia i Sandnes. Deretter går løypa innom tre sjekkpunkt i og rundt Melshei. Veien mellom disse sjekkpunktene velger du selv."}}, {"type": "Feature", "geometry": {"type": "Point", "coordinates": [10.52834, 59.88371]}, "properties": {"id": "I7wcRpBU4jCqeEUM3aYr", "country": "NO", "name": "Lommedalen Rundt", "date": "2026-10-24T10:00:00Z", "town": "Bærum", "area": "Akershus", "distanceSummary": "3 km, 19 km, 19 km, 38 km, 57 km, 76 km, 100 km", "distances_km": [3.0, 19.0, 38.0, 57.0, 76.0, 100.0], "categories": ["trail"], "url": "https://www.facebook.com/LommedalenRundt", "description": "Lommedalen Rundt: en runde er 19 km, 710 høydemeter.\n80% sti, 10% grus, 10% asfalt. \n5 mat- og drikkestasjoner. \nLommedalen Rundt Stafetten: 19 km, 10 etapper."}}, {"type": "Feature", "geometry": {"type": "Point", "coordinates": [23.27156, 69.9691]}, "properties": {"id": "MSIofmsJ2CB16HiE08z0", "country": "NO", "name": "Arctic Alta Backyard", "date": "2026-10-24T10:00:00Z", "town": "Alta", "area": "Finnmark", "distanceSummary": "20,1 km, 40,2 km, 6,7 km, 80,4 km", "distances_km": [6.7, 20.1, 40.2, 80.4], "categories": ["trail"], "url": null, "description": "3 timers, 6 timers og 12 timers Backyard."}}, {"type": "Feature", "geometry": {"type": "Point", "coordinates": [5.32008, 60.39696]}, "properties": {"id": "UWzTu7LnFetvuA41ywgN", "country": "NO", "name": "Bergen Maraton- Maratonkarusellen", "date": "2026-10-24T10:00:00Z", "town": "Bergen", "area": "Vestland", "distanceSummary": "Halvmaraton, Maraton", "distances_km": [21.098, 42.195], "categories": ["road"], "url": "https://www.maratonkarusellen.no", "description": ""}}, {"type": "Feature", "geometry": {"type": "Point", "coordinates": [11.07938, 60.79229]}, "properties": {"id": "pYHjugj8UNZ7B5WoWC1l", "country": "NO", "name": "Ankerskogen Parkrun", "date": "2026-10-24T10:00:00Z", "town": "Hamar", "area": "Innlandet", "distanceSummary": "5 km", "distances_km": [5.0], "categories": ["road"], "url": "https://www.parkrun.no/ankerskogen/", "description": "Gjennomføres på Ankerskogen tur og parkområde, Hamar."}}, {"type": "Feature", "geometry": {"type": "Point", "coordinates": [11.07291, 60.7927]}, "properties": {"id": "29iI1u48XO0xGemhpKTc", "country": "NO", "name": "Ottestad løpsfestival", "date": "2026-10-25T11:00:00Z", "town": "Hamar", "area": "Innlandet", "distanceSummary": "1 km, 1,8 km, 0,4 km, 5 km, 17 km", "distances_km": [0.4, 1.0, 1.8, 5.0, 17.0], "categories": ["trail"], "url": "https://www.ottestadlopsfestival.ottestadil.no/", "description": "Løpet går på store deler av Ottestadstien - en perle av en tursti som slynger seg gjennom kulturlandskapet, med skogteiger, åkerlandskap og fantastisk utsikt over Mjøsa. Arena er i Ottestad Idrettspark."}}, {"type": "Feature", "geometry": {"type": "Point", "coordinates": [4.83896, 60.59039]}, "properties": {"id": "AaYyy6wlYoDVNqU3gHDJ", "country": "NO", "name": "Glesværløpet", "date": "2026-10-25T11:00:00Z", "town": "Øygarden", "area": "Vestland", "distanceSummary": "5,2 km", "distances_km": [5.2], "categories": ["road", "trail"], "url": null, "description": "Flott løypa i naturskjønne omgjevnader. Trekning av gavekort Glesvær kafe , laks, hummer.Premiering til dei 3 beste i  klassane herre,dame(1200,600,400 Gavekort Glesvær kafe),ungdom gutar og jenter(600-400-300), deltakarpremie. Turklasse start kl 12.Konk.kl start kl 1245 og kl 13"}}, {"type": "Feature", "geometry": {"type": "Point", "coordinates": [5.44853, 59.41873]}, "properties": {"id": "kdLzrq9YDw9yhnL7x5UG", "country": "NO", "name": "Helgelandsfjellet opp", "date": "2026-10-25T11:00:00Z", "town": "Tysvær", "area": "Rogaland", "distanceSummary": "1,57 km", "distances_km": [1.57], "categories": ["trail"], "url": null, "description": "Start fra parkeringsplassen ved Coop Extra på Frakkagjerd. \n"}}, {"type": "Feature", "geometry": {"type": "Point", "coordinates": [10.96826, 59.9309]}, "properties": {"id": "kdoKSMzWSnifZSYqFHFM", "country": "NO", "name": "Lørenskog Cannon ball Ultra", "date": "2026-10-25T11:00:00Z", "town": "Lørenskog", "area": "Akershus", "distanceSummary": "Halvmaraton, Maraton, 47,5 km", "distances_km": [21.098, 42.195, 47.5], "categories": ["road"], "url": "https://www.facebook.com/events/1239881514220499/1239881554220495?active_tab=about", "description": "Cannon ball løp. Lavterskel! Deltagerne sørger for seg med mat, drikke og forsikring. Halvmaraton, helmaraton og ultradistanse. 5K x 4 eller 8 eller 9 runder. Løpet er gratis, men du kan vippse valgfritt beløp til 99375432 merket Cannon ball. Alle pengene går til årets TV-aksjon. Mer info? 99375432"}}, {"type": "Feature", "geometry": {"type": "Point", "coordinates": [11.16663, 60.14554]}, "properties": {"id": "lxRmnVyNnMZiUwJT561k", "country": "NO", "name": "Norgestesten", "date": "2026-10-25T11:00:00Z", "town": "Ullensaker", "area": "Akershus", "distanceSummary": "0,8 km, 5 km, 10 km, Halvmaraton", "distances_km": [0.8, 5.0, 10.0, 21.098], "categories": ["road"], "url": "https://www.norgestesten.no/", "description": "Norgestesten er et lavterskel løpstilbud i en svært lettløpt runde hvor mange opplever å sette pers. Runden er 3,146 kilometer lang og tilnærmet helt flat. Alle distanser er kontrollmålt og AIMS-godkjent. \n"}}, {"type": "Feature", "geometry": {"type": "Point", "coordinates": [8.23901, 58.34234]}, "properties": {"id": "rlDyXKopa1w00qpVN2SO", "country": "NO", "name": "Svalandsgubben", "date": "2026-10-25T11:00:00Z", "town": "Birkenes", "area": "Agder", "distanceSummary": "5 km, 13 km, 13 km, 27 km", "distances_km": [5.0, 13.0, 27.0], "categories": ["trail"], "url": null, "description": "27 km på stier og i blaute myrer over Svalandsheia med litt asfalt i begynnelsen og slutten."}}, {"type": "Feature", "geometry": {"type": "Point", "coordinates": [5.7399, 58.85335]}, "properties": {"id": "vWd42bWx9J9RdKKiPSYK", "country": "NO", "name": "Hanatrappene Opp", "date": "2026-10-25T11:00:00Z", "town": "Sandnes", "area": "Rogaland", "distanceSummary": "0,4 km", "distances_km": [0.4], "categories": ["road"], "url": null, "description": "306 trappetrinn, 55m stigning. "}}, {"type": "Feature", "geometry": {"type": "Point", "coordinates": [10.39466, 63.41909]}, "properties": {"id": "0vKsfL4Xz65ZYT6a9L3d", "country": "NO", "name": "Nightrun Trondheim", "date": "2026-10-26T11:00:00Z", "town": "Trondheim", "area": "Trøndelag", "distanceSummary": "5,5 km", "distances_km": [5.5], "categories": ["road"], "url": "https://www.nightrun.no/trondheim/", "description": "Nightrun er høstens kuleste løp i terrenget. Løypa merkes opp med reflekser og det er påbudt med hodelykt. Løypa på 3km løpes to ganger, totalt 6km. Vi lyser opp mørketiden med lys, musikk og god stemning! Start og mål på Baklidammen parkering i Bymarka. "}}, {"type": "Feature", "geometry": {"type": "Point", "coordinates": [10.94411, 59.2188]}, "properties": {"id": "N3DiMWR1uSXrc7byjui9", "country": "NO", "name": "Renna Rundt - Borredalen", "date": "2026-10-27T11:00:00Z", "town": "Fredrikstad", "area": "Østfold", "distanceSummary": "2,5 km", "distances_km": [2.5], "categories": ["trail"], "url": "https://www.facebook.com/groups/389228317759689/", "description": "Start/mål: Ved paviljongen i sydenden av Borredalsdammen.\n\nStarttidspunkt: 16.30"}}, {"type": "Feature", "geometry": {"type": "Point", "coordinates": [10.93081, 59.21145]}, "properties": {"id": "y4f17UQFL7I0OuGerV3Z", "country": "NO", "name": "Begbyjoggen", "date": "2026-10-28T11:00:00Z", "town": "Fredrikstad", "area": "Østfold", "distanceSummary": "4,6 km, 6,8 km", "distances_km": [4.6, 6.8], "categories": ["road"], "url": "https://www.strava.com/clubs/1444253", "description": "Ukentlig mosjonsløp hver onsdag kl 1800. Lavterskel tilbud for alle. Løype på 6,8 km på grusstier i lysløpe. Start fra Begbyportalen \"klubbhuset\" opp forbi Bjørneklova, ned alleen, rundt golfbanen så tilbake til portalen via Bjørneklova. Egen løype \"4,6km\" for de som ønsker å gå eller gogge. "}}, {"type": "Feature", "geometry": {"type": "Point", "coordinates": [5.33737, 60.39416]}, "properties": {"id": "ABatdsHFA4iUMbBxTvlU", "country": "NO", "name": "Nightrun Bergen", "date": "2026-10-29T11:00:00Z", "town": "Bergen", "area": "Vestland", "distanceSummary": "7,8 km", "distances_km": [7.8], "categories": ["trail"], "url": "https://www.nightrun.no/bergen/", "description": "Nightrun Bergen er et tøft terrengløp med start og mål på Fløysletten. Start og mål lyses opp, men i løypa må du bruke hodelykta godt for å navigere deg gjennom en kul og krevende terrengløype. Du vil få noen terrengpauser på grusveiene gjennom Fløyen. Løypa er ca 7,8km."}}, {"type": "Feature", "geometry": {"type": "Point", "coordinates": [10.95697, 59.92826]}, "properties": {"id": "08LjGgMvoqCWooYIqelr", "country": "NO", "name": "Lørenskog Cannon ball Ultra", "date": "2026-10-31T11:00:00Z", "town": "Lørenskog", "area": "Akershus", "distanceSummary": "Halvmaraton, Maraton, 47,5 km", "distances_km": [21.098, 42.195, 47.5], "categories": ["road"], "url": "https://www.facebook.com/events/1239881514220499/1239881580887159?acontext=%7B%22event_action_history%22%3A[%7B%22extra_data%22%3A%22%22%2C%22mechanism%22%3A%22surface%22%2C%22surface%22%3A%22permalink%22%7D%2C%7B%22extra_data%22%3A%22%22%2C%22mechanism%22%3A%22surface%22%2C%22surface%22%3A%22permalink%22%7D%2C%7B%22extra_data%22%3A%22%22%2C%22mechanism%22%3A%22surface%22%2C%22surface%22%3A%22permalink%22%7D]%2C%22ref_notif_type%22%3Anull%7D", "description": "Cannon ball løp. Lavterskel! Deltagerne sørger for seg med mat, drikke og forsikring. Halvmaraton, helmaraton og ultradistanse. 5K x 4 eller 8 eller 9 runder. Løpet er gratis, men du kan vippse valgfritt beløp til 99375432 merket Cannon ball. Alle pengene går til årets TV-aksjon. Mer info? 99375432"}}, {"type": "Feature", "geometry": {"type": "Point", "coordinates": [11.35266, 59.41358]}, "properties": {"id": "0lQhszWGeF9rc9gOc2zB", "country": "NO", "name": "RunRudskogen", "date": "2026-10-31T11:00:00Z", "town": "Rakkestad", "area": "Østfold", "distanceSummary": "10 km", "distances_km": [10.0], "categories": ["road"], "url": "http://www.runrudskogen.no/", "description": "En helt unik 10-kilometer som vil finne sted på selveste Rudskogens hovedbane, hvor den perfekte asfalten vanligvis tilhører hvinende dekk og brølende motorer!"}}, {"type": "Feature", "geometry": {"type": "Point", "coordinates": [7.45521, 58.03197]}, "properties": {"id": "G3wAgl989HqYxBZZV9Eg", "country": "NO", "name": "Hålandsheia Rundt", "date": "2026-10-31T11:00:00Z", "town": "Lindesnes", "area": "Agder", "distanceSummary": "12 km", "distances_km": [12.0], "categories": ["road"], "url": null, "description": ""}}, {"type": "Feature", "geometry": {"type": "Point", "coordinates": [12.20806, 65.47054]}, "properties": {"id": "SB9m27G1NUhYkwrCEc59", "country": "NO", "name": "Brønnøysund Criterium - SHLK", "date": "2026-10-31T11:00:00Z", "town": "Brønnøy", "area": "Nordland", "distanceSummary": "3 km", "distances_km": [3.0], "categories": ["road"], "url": null, "description": ""}}, {"type": "Feature", "geometry": {"type": "Point", "coordinates": [11.06795, 60.80111]}, "properties": {"id": "f5E2P7O558XQOn3yJ5E1", "country": "NO", "name": "Ankerskogen Parkrun", "date": "2026-10-31T11:00:00Z", "town": "Hamar", "area": "Innlandet", "distanceSummary": "5 km", "distances_km": [5.0], "categories": ["road"], "url": "https://www.parkrun.no/ankerskogen/", "description": "Gjennomføres på Ankerskogen tur og parkområde, Hamar."}}, {"type": "Feature", "geometry": {"type": "Point", "coordinates": [10.52929, 59.88812]}, "properties": {"id": "ornSEFnxba50FIuJoWef", "country": "NO", "name": "Nansenparken parkrun", "date": "2026-10-31T11:00:00Z", "town": "Bærum", "area": "Akershus", "distanceSummary": "5 km", "distances_km": [5.0], "categories": ["road"], "url": "https://www.parkrun.no/nansenparken", "description": "Ukentlig, gratis lavterskel 5K med tidtakning i Nansenparken på Fornebu, for alle som vil bli med å løpe, jogge, gå eller delta som frivillig sammen med andre. Oppmøte ved Festplassen i midten av Nansenparken."}}, {"type": "Feature", "geometry": {"type": "Point", "coordinates": [11.11, 59.28951]}, "properties": {"id": "uyxGUSgigxM4vcfCp7n9", "country": "NO", "name": "Torsdagsløpet", "date": "2026-10-31T11:00:00Z", "town": "Sarpsborg", "area": "Østfold", "distanceSummary": "5,1 km", "distances_km": [5.1], "categories": ["road", "trail"], "url": "https://www.torsdagstrimmen.no", "description": "5,1 km mosjonsløp i Kalnesskogens blå løype"}}, {"type": "Feature", "geometry": {"type": "Point", "coordinates": [10.65673, 59.4386]}, "properties": {"id": "x7mgpe4UvdMC4hNPXcdu", "country": "NO", "name": "Ryggejoggen, løp nr. 2305", "date": "2026-10-31T11:00:00Z", "town": "Moss", "area": "Østfold", "distanceSummary": "2 km, 4,3 km, 7,2 km", "distances_km": [2.0, 4.3, 7.2], "categories": ["road", "trail"], "url": "https://www.facebook.com/profile.php?id=100064907401190", "description": "Start fra Ryggejoggenhytta v/Rygge krk.\nkl.13:00 til 15:00\nEventuell fellesstart kl.13:30\n\nFørste 500m går på sykelsti langs Kurefjordveien, deretter første gårdsvei til høyre inn i skogsløypa!"}}, {"type": "Feature", "geometry": {"type": "Point", "coordinates": [5.72414, 58.97442]}, "properties": {"id": "ynKuO7Py5zTzoez5o407", "country": "NO", "name": "Hinnaløpet", "date": "2026-10-31T11:00:00Z", "town": "Stavanger", "area": "Rogaland", "distanceSummary": "5,98 km, 9,3 km", "distances_km": [5.98, 9.3], "categories": ["road"], "url": "https://www.hinnafri.no/hinnalopet/", "description": ""}}, {"type": "Feature", "geometry": {"type": "Point", "coordinates": [11.56373, 60.88168]}, "properties": {"id": "1DpEbED5xHquyPKdms70", "country": "NO", "name": "Kondisløpet langdistanse", "date": "2026-11-01T11:00:00Z", "town": "Elverum", "area": "Innlandet", "distanceSummary": "3 km, 0,8 km, 5 km, 10 km", "distances_km": [0.8, 3.0, 5.0, 10.0], "categories": ["road"], "url": "https://signup.eqtiming.com/arrangement/kondislopet-elverum/g295.57127?event=kondislopet", "description": "Kondistreninga i Elverum arrangerer Kondisløpet langdistanse med 10 km på lettløpt asfaltert gang- og sykkelsti i tur-retur-løyper. Barneløp på 800 meter på asfalt og gress. Mange flotte uttrekkspremier. Medaljer til barna."}}, {"type": "Feature", "geometry": {"type": "Point", "coordinates": [10.9652, 59.93715]}, "properties": {"id": "BweQsLhTqJDtca7UWb10", "country": "NO", "name": "Lørenskog Cannon ball Ultra", "date": "2026-11-01T11:00:00Z", "town": "Lørenskog", "area": "Akershus", "distanceSummary": "Halvmaraton, Maraton, 47,5 km", "distances_km": [21.098, 42.195, 47.5], "categories": ["road"], "url": "https://www.facebook.com/events/1239881514220499/1239881604220490?acontext=%7B%22event_action_history%22%3A[%7B%22extra_data%22%3A%22%22%2C%22mechanism%22%3A%22surface%22%2C%22surface%22%3A%22permalink%22%7D%2C%7B%22extra_data%22%3A%22%22%2C%22mechanism%22%3A%22surface%22%2C%22surface%22%3A%22permalink%22%7D%2C%7B%22extra_data%22%3A%22%22%2C%22mechanism%22%3A%22surface%22%2C%22surface%22%3A%22permalink%22%7D]%2C%22ref_notif_type%22%3Anull%7D", "description": "Cannon ball løp. Lavterskel! Deltagerne sørger for seg med mat, drikke og forsikring. Halvmaraton, helmaraton og ultradistanse. 5K x 4 eller 8 eller 9 runder. Løpet er gratis, men du kan vippse valgfritt beløp til 99375432 merket Cannon ball. Alle pengene går til årets TV-aksjon. Mer info? 99375432"}}, {"type": "Feature", "geometry": {"type": "Point", "coordinates": [10.24834, 59.79715]}, "properties": {"id": "e4OXMmUa5KJodv0bnaYH", "country": "NO", "name": "Lierløpet 12", "date": "2026-11-01T11:00:00Z", "town": "Lier", "area": "Buskerud", "distanceSummary": "5 km, 10 km, Halvmaraton", "distances_km": [5.0, 10.0, 21.098], "categories": ["road"], "url": "https://rundrm.no/nb/lierlopet/", "description": "Lierløpet går i den etterhvert kjente Linnesrunden, en svært lettløpt trasé som passer alle. Løpet går på bred gangvei og er velbrukt av mosjonister i Drammensområdet. Målgang er ved Lier Stasjon, mens startstedet varierer utifra distanse."}}, {"type": "Feature", "geometry": {"type": "Point", "coordinates": [5.7441, 58.85323]}, "properties": {"id": "6ClJntK8FNn8SnqmRzfo", "country": "NO", "name": "Nightrun Sandnes", "date": "2026-11-02T11:00:00Z", "town": "Sandnes", "area": "Rogaland", "distanceSummary": "5,35 km", "distances_km": [5.35], "categories": ["trail"], "url": "https://www.nightrun.no/sandnes/", "description": "Nightrun Sandnes er et kult terrengløp med start og mål ved Gramstadtunet. Det er mørkt, og påbudt med hodelykt- og løypa lyses opp av reflekser underveis. Bli med på høstens kuleste terrengløp i Sandnes!"}}, {"type": "Feature", "geometry": {"type": "Point", "coordinates": [7.99575, 58.14675]}, "properties": {"id": "UYrxkdqv4CppV2NIbHhn", "country": "NO", "name": "Nightrun Kristiansand", "date": "2026-11-03T11:00:00Z", "town": "Kristiansand", "area": "Agder", "distanceSummary": "6,15 km", "distances_km": [6.15], "categories": ["road"], "url": "https://www.nightrun.no/kristiansand/", "description": "Nightrun Kristiansand er høstens kuleste terrengløp. Vi lyser opp løypa med reflekser og det er påbudt med hodelykt. Start og mål på FantOlsen. Løypa er kupert og morsom- bli med og lys opp mørketiden. \n"}}, {"type": "Feature", "geometry": {"type": "Point", "coordinates": [10.93278, 59.22486]}, "properties": {"id": "llXOlVC0mUk5F62q3aa6", "country": "NO", "name": "Renna Rundt - Borredalen", "date": "2026-11-03T11:00:00Z", "town": "Fredrikstad", "area": "Østfold", "distanceSummary": "2,5 km", "distances_km": [2.5], "categories": ["trail"], "url": "https://www.facebook.com/groups/389228317759689/", "description": "Start/mål: Ved paviljongen i sydenden av Borredalsdammen.\n\nStarttidspunkt: 16.00"}}, {"type": "Feature", "geometry": {"type": "Point", "coordinates": [10.74432, 59.91304]}, "properties": {"id": "DQHOLF8eh84hvGuXbsO6", "country": "NO", "name": "MartinCrossen Trail Run", "date": "2026-11-04T11:00:00Z", "town": "Oslo", "area": "Oslo", "distanceSummary": "1 km, 3 km, 0,5 km, 8 km", "distances_km": [0.5, 1.0, 3.0, 8.0], "categories": ["trail"], "url": "https://xn--rail-gra.spond.club/martincrossen_trail_run_2026", "description": "Et terrengløp i en unik løype, med start og mål på Voksenjordet. Den lengste løypen går i krevende teknisk terreng, med en lett start og en tøff avslutning på løpet. På de to lengste distansene må man løpe med hodelykt for å navigere seg i terrenget."}}, {"type": "Feature", "geometry": {"type": "Point", "coordinates": [5.32346, 60.38221]}, "properties": {"id": "w13bUIIBJXiQMBgGxpNq", "country": "NO", "name": "Frikarusellen - 2. løp", "date": "2026-11-04T11:00:00Z", "town": "Bergen", "area": "Vestland", "distanceSummary": "5 km", "distances_km": [5.0], "categories": ["road"], "url": "https://live.eqtiming.com/79113#dashboard", "description": "Inngår i Frikarusellen (6 løp)\nStart ved Espelandshallen og mål på Espeland idrettsplass i Arna bydel. Flat og lettløpt løype."}}, {"type": "Feature", "geometry": {"type": "Point", "coordinates": [10.9362, 59.21586]}, "properties": {"id": "xj0AD9q8KVHygZ2JsYiG", "country": "NO", "name": "Begbyjoggen", "date": "2026-11-04T11:00:00Z", "town": "Fredrikstad", "area": "Østfold", "distanceSummary": "4,6 km, 6,8 km", "distances_km": [4.6, 6.8], "categories": ["road"], "url": "https://www.strava.com/clubs/1444253", "description": "Ukentlig mosjonsløp hver onsdag kl 1800. Lavterskel tilbud for alle. Løype på 6,8 km på grusstier i lysløpe. Start fra Begbyportalen \"klubbhuset\" opp forbi Bjørneklova, ned alleen, rundt golfbanen så tilbake til portalen via Bjørneklova. Egen løype \"4,6km\" for de som ønsker å gå eller gogge. "}}, {"type": "Feature", "geometry": {"type": "Point", "coordinates": [10.75043, 59.91181]}, "properties": {"id": "XKfSeTRaOKlSqVvMPapU", "country": "NO", "name": "Nightrun Oslo", "date": "2026-11-05T11:00:00Z", "town": "Oslo", "area": "Oslo", "distanceSummary": "9,2 km", "distances_km": [9.2], "categories": ["trail"], "url": "https://www.nightrun.no/oslo/", "description": "Nightrun Oslo er høstens kuleste terrengløp. Løypa går gjennom stier i Nordmarka, og løypa lyser du opp ved hjelp av hodelykta. Dette er et skikkelig kult terrengløp, og vi garanterer god stemning og varme ved ildkurvene i mål. "}}, {"type": "Feature", "geometry": {"type": "Point", "coordinates": [5.73121, 58.97916]}, "properties": {"id": "5aylgRYEuMJ6m9sqMGjh", "country": "NO", "name": "3-Sjøersløpet 2026", "date": "2026-11-07T11:00:00Z", "town": "Stavanger", "area": "Rogaland", "distanceSummary": "Halvmaraton", "distances_km": [21.097], "categories": ["road"], "url": null, "description": "Avslutt løpsåret ved å delta i et av Norges fineste halvmaraton. Vær med å løp på et behagelig grusunderlag (80 % av løypa), og løp langs de 3 idyllisk beliggende vannene i Stavanger. Påmeldingen åpnes 8. april."}}, {"type": "Feature", "geometry": {"type": "Point", "coordinates": [11.10802, 59.28524]}, "properties": {"id": "HAovHN4QzIAPGqk6dYCK", "country": "NO", "name": "Torsdagsløpet", "date": "2026-11-07T11:00:00Z", "town": "Sarpsborg", "area": "Østfold", "distanceSummary": "5,1 km", "distances_km": [5.1], "categories": ["road", "trail"], "url": "https://www.torsdagstrimmen.no", "description": "5,1 km mosjonsløp i Kalnesskogens blå løype"}}, {"type": "Feature", "geometry": {"type": "Point", "coordinates": [5.22343, 60.0903]}, "properties": {"id": "OoZzOggdpV6aZUHnGlno", "country": "NO", "name": "Ronjaløpet", "date": "2026-11-07T11:00:00Z", "town": "Austevoll", "area": "Vestland", "distanceSummary": "3,5 km", "distances_km": [3.5], "categories": ["trail"], "url": null, "description": ""}}, {"type": "Feature", "geometry": {"type": "Point", "coordinates": [10.6577, 59.43402]}, "properties": {"id": "QmDRCVt1QxupkY3URnCo", "country": "NO", "name": "Ryggejoggen, løp nr. 2306", "date": "2026-11-07T11:00:00Z", "town": "Moss", "area": "Østfold", "distanceSummary": "3,4 km, 6,2 km, 8 km", "distances_km": [3.4, 6.2, 8.0], "categories": ["road"], "url": "https://https/ryggeil.no", "description": "Start fra Idrettshuset, Skoleveien 2.\nkl.13:00 til 15:00\nFellesstart kl.13:30"}}, {"type": "Feature", "geometry": {"type": "Point", "coordinates": [28.18458, 70.19972]}, "properties": {"id": "TjnrhO4hiMgE85l33ILH", "country": "NO", "name": "Barfrostløpet 2026", "date": "2026-11-07T11:00:00Z", "town": "Tana", "area": "Finnmark", "distanceSummary": "1,5 km, 4,3 km, 5 km, 10 km", "distances_km": [1.5, 4.3, 5.0, 10.0], "categories": ["road"], "url": null, "description": "Sesongavslutning med gateløp og -trim i Tanabru sentrum"}}, {"type": "Feature", "geometry": {"type": "Point", "coordinates": [7.99023, 58.15431]}, "properties": {"id": "XqXxlTuYqJ2R3aC4LSkS", "country": "NO", "name": "Søgne Morothon", "date": "2026-11-07T11:00:00Z", "town": "Kristiansand", "area": "Agder", "distanceSummary": "1,5 km, 10,5 km, 20 km", "distances_km": [1.5, 10.5, 20.0], "categories": ["trail"], "url": "https://www.morothon.no/", "description": "Langmoro (20km), kortmoro (10,5km) og kidzmoro (1,5km)."}}, {"type": "Feature", "geometry": {"type": "Point", "coordinates": [11.06591, 60.80499]}, "properties": {"id": "c5b7uXXywn6Fr2RNPTFX", "country": "NO", "name": "Ankerskogen Parkrun", "date": "2026-11-07T11:00:00Z", "town": "Hamar", "area": "Innlandet", "distanceSummary": "5 km", "distances_km": [5.0], "categories": ["road"], "url": "https://www.parkrun.no/ankerskogen/", "description": "Gjennomføres på Ankerskogen tur og parkområde, Hamar."}}, {"type": "Feature", "geometry": {"type": "Point", "coordinates": [10.52814, 59.90154]}, "properties": {"id": "nYLgyoRxakvPlRx7aLdr", "country": "NO", "name": "Nansenparken parkrun", "date": "2026-11-07T11:00:00Z", "town": "Bærum", "area": "Akershus", "distanceSummary": "5 km", "distances_km": [5.0], "categories": ["road"], "url": "https://www.parkrun.no/nansenparken", "description": "Ukentlig, gratis lavterskel 5K med tidtakning i Nansenparken på Fornebu, for alle som vil bli med å løpe, jogge, gå eller delta som frivillig sammen med andre. Oppmøte ved Festplassen i midten av Nansenparken."}}, {"type": "Feature", "geometry": {"type": "Point", "coordinates": [11.17252, 60.14001]}, "properties": {"id": "EA7gtkliW9YwAKMa8IPW", "country": "NO", "name": "Jessheim Vintermaraton", "date": "2026-11-08T11:00:00Z", "town": "Ullensaker", "area": "Akershus", "distanceSummary": "10 km, Halvmaraton, Maraton", "distances_km": [10.0, 21.098, 42.195], "categories": ["road"], "url": "https://www.vintermaraton.no/", "description": ""}}, {"type": "Feature", "geometry": {"type": "Point", "coordinates": [8.75841, 58.45489]}, "properties": {"id": "HxXjSuw07XlxCm2EHSn9", "country": "NO", "name": "Refleksløpet Fossbekk", "date": "2026-11-10T11:00:00Z", "town": "Arendal", "area": "Agder", "distanceSummary": "4,8 km, 7,8 km", "distances_km": [4.8, 7.8], "categories": ["trail"], "url": "https://agder.bedriftsidretten.no/next/p/34190/hjem", "description": "\nSted: Fossbekk, Arendal (ved Fossbekk parkering. På tilførelsesveien mellom Krøgenes og Longum, nærmest Krøgenes).\nStart kl. 18:00 (lang løype) / 18:05 (kort løype) – eller kl. 17:00 for deg som vil gå uten tidtaking.\nDistanse: 4.8 km (kort løype) eller 7.8 km (lang løype)"}}, {"type": "Feature", "geometry": {"type": "Point", "coordinates": [10.9368, 59.21774]}, "properties": {"id": "OgvMg8dvlflcOqXynzps", "country": "NO", "name": "Renna Rundt - Borredalen", "date": "2026-11-10T11:00:00Z", "town": "Fredrikstad", "area": "Østfold", "distanceSummary": "2,5 km", "distances_km": [2.5], "categories": ["trail"], "url": "https://www.facebook.com/groups/389228317759689/", "description": "Start/mål: Ved paviljongen i sydenden av Borredalsdammen.\n\nStarttidspunkt: 16.00"}}, {"type": "Feature", "geometry": {"type": "Point", "coordinates": [10.93403, 59.22665]}, "properties": {"id": "OcbYUlBfyNeenXG14Xcs", "country": "NO", "name": "Begbyjoggen", "date": "2026-11-11T11:00:00Z", "town": "Fredrikstad", "area": "Østfold", "distanceSummary": "4,6 km, 6,8 km", "distances_km": [4.6, 6.8], "categories": ["road"], "url": "https://www.strava.com/clubs/1444253", "description": "Ukentlig mosjonsløp hver onsdag kl 1800. Lavterskel tilbud for alle. Løype på 6,8 km på grusstier i lysløpe. Start fra Begbyportalen \"klubbhuset\" opp forbi Bjørneklova, ned alleen, rundt golfbanen så tilbake til portalen via Bjørneklova. Egen løype \"4,6km\" for de som ønsker å gå eller gogge. "}}, {"type": "Feature", "geometry": {"type": "Point", "coordinates": [7.98993, 58.14253]}, "properties": {"id": "JtHlpHnFSyAJegJPa8aI", "country": "NO", "name": "Refleksløpet Kristiansand (Agder bedriftsidrettskrets)", "date": "2026-11-12T11:00:00Z", "town": "Kristiansand", "area": "Agder", "distanceSummary": "4,1 km", "distances_km": [4.1], "categories": ["road"], "url": "https://agder.bedriftsidretten.no/next/p/34190/hjem", "description": "Start og mål ved Fant Olsen i Baneheia. \nTrimklasse uten tid start fra kl. 1700. \nFellesstart med tidtaking kl. 1800.\n\nLøypa går i ytterkanten av Baneheia. \nLøypa blir merket med refleksbrikker, og du må  ha lykt for å delta."}}, {"type": "Feature", "geometry": {"type": "Point", "coordinates": [11.06867, 60.79447]}, "properties": {"id": "6YtDZWDEtO8SdqK6vUGK", "country": "NO", "name": "Ankerskogen Parkrun", "date": "2026-11-14T11:00:00Z", "town": "Hamar", "area": "Innlandet", "distanceSummary": "5 km", "distances_km": [5.0], "categories": ["road"], "url": "https://www.parkrun.no/ankerskogen/", "description": "Gjennomføres på Ankerskogen tur og parkområde, Hamar."}}, {"type": "Feature", "geometry": {"type": "Point", "coordinates": [10.53045, 59.88178]}, "properties": {"id": "Jfp8SlPaPXha92iHyCQG", "country": "NO", "name": "Nansenparken parkrun", "date": "2026-11-14T11:00:00Z", "town": "Bærum", "area": "Akershus", "distanceSummary": "5 km", "distances_km": [5.0], "categories": ["road"], "url": "https://www.parkrun.no/nansenparken", "description": "Ukentlig, gratis lavterskel 5K med tidtakning i Nansenparken på Fornebu, for alle som vil bli med å løpe, jogge, gå eller delta som frivillig sammen med andre. Oppmøte ved Festplassen i midten av Nansenparken."}}, {"type": "Feature", "geometry": {"type": "Point", "coordinates": [11.11363, 59.2834]}, "properties": {"id": "MuUNUjV4TQIeXpukMDjP", "country": "NO", "name": "Torsdagsløpet", "date": "2026-11-14T11:00:00Z", "town": "Sarpsborg", "area": "Østfold", "distanceSummary": "5,1 km", "distances_km": [5.1], "categories": ["road", "trail"], "url": "https://www.torsdagstrimmen.no", "description": "5,1 km mosjonsløp i Kalnesskogens blå løype"}}, {"type": "Feature", "geometry": {"type": "Point", "coordinates": [12.16771, 65.3132]}, "properties": {"id": "UwekrAr4sfYLJRm4EUCc", "country": "NO", "name": "Viksjøen Rundt - SHLK", "date": "2026-11-14T11:00:00Z", "town": "Sømna", "area": "Nordland", "distanceSummary": "4 km", "distances_km": [4.0], "categories": ["road"], "url": null, "description": ""}}, {"type": "Feature", "geometry": {"type": "Point", "coordinates": [10.39063, 63.43071]}, "properties": {"id": "q4VkffCalBUMMWEdHYG1", "country": "NO", "name": "Magni Maraton nr. 114", "date": "2026-11-14T11:00:00Z", "town": "Trondheim", "area": "Trøndelag", "distanceSummary": "5 km, 10,549 km, Halvmaraton, Maraton", "distances_km": [5.0, 10.549, 21.098, 42.195], "categories": ["road"], "url": "https://magnimaraton.com?page=registration&date=2026-11-14", "description": "En gang i måneden, med unntak av sommeren, blir det arrangert et Magni Maraton med start og mål på Stavset i Trondheim. Løpet er av Cannonball type, d.v.s. et løp der deltakeren i prinsipp sørger helt for seg selv."}}, {"type": "Feature", "geometry": {"type": "Point", "coordinates": [10.65832, 59.43346]}, "properties": {"id": "zLa7pegOB8Fmp7zJx7MI", "country": "NO", "name": "Ryggejoggen, løp nr. 2307", "date": "2026-11-14T11:00:00Z", "town": "Moss", "area": "Østfold", "distanceSummary": "3,4 km, 6,2 km, 8 km", "distances_km": [3.4, 6.2, 8.0], "categories": ["road"], "url": "https://https/ryggeil.no", "description": "Start fra Idrettshuset, Skoleveien 2.\nkl.13:00 til 15:00\nFellesstart kl.13:30"}}, {"type": "Feature", "geometry": {"type": "Point", "coordinates": [6.1624, 62.48003]}, "properties": {"id": "mhwpCe6kjgVxQR0ukh3Y", "country": "NO", "name": "Vinterkarusellen i Ålesund - 1. løp", "date": "2026-11-15T11:00:00Z", "town": "Ålesund", "area": "Møre og Romsdal", "distanceSummary": "5 km, 10 km", "distances_km": [5.0, 10.0], "categories": ["road"], "url": "http://ålesundløpene.no/vinterkarusellen/", "description": "Løpet går inn Brusdalen. 10-km distansen snur etter 5 km og tilbake samme vei.\n5 km-distansen snur etter 2,5 km. Premie på uttrekk etter hvert løp og deltakerpremie etter det siste løpet i karusellen. På 5km er det klasse for trimmere uten tidtaking"}}, {"type": "Feature", "geometry": {"type": "Point", "coordinates": [10.93775, 59.21099]}, "properties": {"id": "y6EilzNHOjseYaofhn06", "country": "NO", "name": "Begbyjoggen", "date": "2026-11-18T11:00:00Z", "town": "Fredrikstad", "area": "Østfold", "distanceSummary": "4,6 km, 6,8 km", "distances_km": [4.6, 6.8], "categories": ["road"], "url": "https://www.strava.com/clubs/1444253", "description": "Ukentlig mosjonsløp hver onsdag kl 1800. Lavterskel tilbud for alle. Løype på 6,8 km på grusstier i lysløpe. Start fra Begbyportalen \"klubbhuset\" opp forbi Bjørneklova, ned alleen, rundt golfbanen så tilbake til portalen via Bjørneklova. Egen løype \"4,6km\" for de som ønsker å gå eller gogge. "}}, {"type": "Feature", "geometry": {"type": "Point", "coordinates": [10.74099, 59.92058]}, "properties": {"id": "HQ0ClixIULr4o6iYCWgM", "country": "NO", "name": "Østmarka Trail Challenge - Hodelyktløpet", "date": "2026-11-19T11:00:00Z", "town": "Oslo", "area": "Oslo", "distanceSummary": "12 km", "distances_km": [12.0], "categories": ["trail"], "url": null, "description": "Østmarka Trail Challenge – Hodelyktløpet er et teknisk krevende terrengløp på ca 12 km, som går hovedsaklig på blå- og rødmerka stier i Østmarka."}}, {"type": "Feature", "geometry": {"type": "Point", "coordinates": [11.11344, 59.2865]}, "properties": {"id": "8p9calToiujQrDVrPuLG", "country": "NO", "name": "Torsdagsløpet", "date": "2026-11-21T11:00:00Z", "town": "Sarpsborg", "area": "Østfold", "distanceSummary": "5,1 km", "distances_km": [5.1], "categories": ["road", "trail"], "url": "https://www.torsdagstrimmen.no", "description": "5,1 km mosjonsløp i Kalnesskogens blå løype"}}, {"type": "Feature", "geometry": {"type": "Point", "coordinates": [10.65145, 59.44049]}, "properties": {"id": "AUVIJzgBXMyY3LUVTf0C", "country": "NO", "name": "Ryggejoggen, løp nr. 2308", "date": "2026-11-21T11:00:00Z", "town": "Moss", "area": "Østfold", "distanceSummary": "3,4 km, 6,2 km, 8 km", "distances_km": [3.4, 6.2, 8.0], "categories": ["road"], "url": "https://https/ryggeil.no", "description": "Start fra Idrettshuset, Skoleveien 2.\nkl.13:00 til 15:00\nFellesstart kl.13:30"}}, {"type": "Feature", "geometry": {"type": "Point", "coordinates": [10.41676, 59.26421]}, "properties": {"id": "H6v11oS3MlF09xuoqH8n", "country": "NO", "name": "Barteløpet Tønsberg", "date": "2026-11-21T11:00:00Z", "town": "Tønsberg", "area": "Vestfold", "distanceSummary": "5 km", "distances_km": [5.0], "categories": ["road"], "url": "https://www.racedays.run/event/bartelopet", "description": "Løp i kampen mot kreft! Prostatakreftforeningen i Vestfold og Revetal Halvmaraton inviterer til Barteløpet. Løypa er 5 km, og går i en flat trase fra bobilparkeringen på Grevestien rundt Illene nasjonalpark (grus) og Semslinna (asfalt) tilbake.\n\nOverskuddet går til Prostatakreftforeningen. "}}, {"type": "Feature", "geometry": {"type": "Point", "coordinates": [10.7558, 59.91239]}, "properties": {"id": "dBVB3q4LcRMsuoNwpH07", "country": "NO", "name": "Bislett 24 Hour Indoor Challenge ", "date": "2026-11-21T11:00:00Z", "town": "Oslo", "area": "Oslo", "distanceSummary": "161 km, 200 km", "distances_km": [161.0, 200.0], "categories": [], "url": "https://www.romerikeultra.no/next/p/24684/bislett-24-timers", "description": "Løpet går innendørs på en 546,5 meter lang rundbane under tribunene til Bislett Stadion. Banedekket er Polytan, dvs. samme dekke som på utendørsbanen på Bislett Stadion. \nDet er offisiell tidtaking på passering 100 miles."}}, {"type": "Feature", "geometry": {"type": "Point", "coordinates": [10.53181, 59.88913]}, "properties": {"id": "pSZL3NavO9BW7EXv34xa", "country": "NO", "name": "Nansenparken parkrun", "date": "2026-11-21T11:00:00Z", "town": "Bærum", "area": "Akershus", "distanceSummary": "5 km", "distances_km": [5.0], "categories": ["road"], "url": "https://www.parkrun.no/nansenparken", "description": "Ukentlig, gratis lavterskel 5K med tidtakning i Nansenparken på Fornebu, for alle som vil bli med å løpe, jogge, gå eller delta som frivillig sammen med andre. Oppmøte ved Festplassen i midten av Nansenparken."}}, {"type": "Feature", "geometry": {"type": "Point", "coordinates": [11.07551, 60.7886]}, "properties": {"id": "wNN8IZWmYZLvOp8fubWT", "country": "NO", "name": "Ankerskogen Parkrun", "date": "2026-11-21T11:00:00Z", "town": "Hamar", "area": "Innlandet", "distanceSummary": "5 km", "distances_km": [5.0], "categories": ["road"], "url": "https://www.parkrun.no/ankerskogen/", "description": "Gjennomføres på Ankerskogen tur og parkområde, Hamar."}}, {"type": "Feature", "geometry": {"type": "Point", "coordinates": [5.3284, 60.39919]}, "properties": {"id": "yvxNDGz2lY1bkVMwvkzC", "country": "NO", "name": "Bergen Cider Marathon", "date": "2026-11-21T11:00:00Z", "town": "Bergen", "area": "Vestland", "distanceSummary": "Halvmaraton, Maraton", "distances_km": [21.098, 42.195], "categories": ["road"], "url": "https://bergencidermarathon.no/", "description": "Bergen Cider Marathon går gjennom den ikoniske Fyllingsdaltunnelen – verdens lengste spesial bygde gang- og sykkeltunnel. Opplev lys, lyd og fellesskap i en spektakulær tunnel, før du fortsetter ut i Bergens vakre omgivelser."}}, {"type": "Feature", "geometry": {"type": "Point", "coordinates": [5.32774, 60.39161]}, "properties": {"id": "MdYaFsqlljE9xa35uJn2", "country": "NO", "name": "Fakkeltoget på Løvstakken", "date": "2026-11-22T11:00:00Z", "town": "Bergen", "area": "Vestland", "distanceSummary": "1,9 km", "distances_km": [1.9], "categories": ["road", "trail"], "url": null, "description": "Familiearrangement, inntekt til Kreftforeningen. \nStartnr, medalje, mat og drikke til alle. Diplom til barna, besøk av nissen. Servering i eget lokale etter turen på fjellet. Felles fakkeltog ned fra fjellet. Grilling av pølser på toppen. Kr. 100 for barn og kr. 150 for voksne. \n"}}, {"type": "Feature", "geometry": {"type": "Point", "coordinates": [5.30407, 59.27009]}, "properties": {"id": "NjQttn9aOsewhmBEmWNj", "country": "NO", "name": "Karmøy Maraton", "date": "2026-11-22T11:00:00Z", "town": "Karmøy", "area": "Rogaland", "distanceSummary": "0,7 km, 10 km, Halvmaraton, Maraton", "distances_km": [0.7, 10.0, 21.097, 42.195], "categories": ["road"], "url": "http://www.karmoymaraton.no/", "description": "Se all informasjon på www.karmoymaraton.no\n"}}, {"type": "Feature", "geometry": {"type": "Point", "coordinates": [9.60865, 59.21836]}, "properties": {"id": "gaKWBrdgcTX1Z0CZ2bOK", "country": "NO", "name": "Geiteryggenløpet", "date": "2026-11-24T11:00:00Z", "town": "Skien", "area": "Telemark", "distanceSummary": "5 km, 10 km", "distances_km": [5.0, 10.0], "categories": ["road", "trail"], "url": "https://telemark.bedriftsidretten.no/next/events/p/1000102718/geiteryggen-lopet-2024", "description": "Bli med på et magisk kveldsløp på Geiteryggen Lufthavn,\n\nKle deg opp for et deilig høstvær, sett lykten på hodet og bli med.\nHer vil du få løpe blant fakler i skogens mørke, over rullebanen med sine fargerike spotter og en herlig målarena.\n\nHer skal du få et annerledes, men magisk og et unikt løp."}}, {"type": "Feature", "geometry": {"type": "Point", "coordinates": [10.93661, 59.21371]}, "properties": {"id": "DI3whg039FSka6pUEucx", "country": "NO", "name": "Begbyjoggen", "date": "2026-11-25T11:00:00Z", "town": "Fredrikstad", "area": "Østfold", "distanceSummary": "4,6 km, 6,8 km", "distances_km": [4.6, 6.8], "categories": ["road"], "url": "https://www.strava.com/clubs/1444253", "description": "Ukentlig mosjonsløp hver onsdag kl 1800. Lavterskel tilbud for alle. Løype på 6,8 km på grusstier i lysløpe. Start fra Begbyportalen \"klubbhuset\" opp forbi Bjørneklova, ned alleen, rundt golfbanen så tilbake til portalen via Bjørneklova. Egen løype \"4,6km\" for de som ønsker å gå eller gogge. "}}, {"type": "Feature", "geometry": {"type": "Point", "coordinates": [5.32817, 60.39167]}, "properties": {"id": "KxmGyEEYQSg1RkN85Dc4", "country": "NO", "name": "Frikarusellen - 3. løp", "date": "2026-11-25T11:00:00Z", "town": "Bergen", "area": "Vestland", "distanceSummary": "5 km", "distances_km": [5.0], "categories": ["road"], "url": "https://live.eqtiming.com/79113#dashboard", "description": "Inngår i Frikarusellen (6 løp)\nStart ved Espelandshallen og mål på Espeland idrettsplass. Flat og lettløpt løype."}}, {"type": "Feature", "geometry": {"type": "Point", "coordinates": [10.52896, 59.88727]}, "properties": {"id": "7mCO95Us3Vi58dW3HC3B", "country": "NO", "name": "Nansenparken parkrun", "date": "2026-11-28T11:00:00Z", "town": "Bærum", "area": "Akershus", "distanceSummary": "5 km", "distances_km": [5.0], "categories": ["road"], "url": "https://www.parkrun.no/nansenparken", "description": "Ukentlig, gratis lavterskel 5K med tidtakning i Nansenparken på Fornebu, for alle som vil bli med å løpe, jogge, gå eller delta som frivillig sammen med andre. Oppmøte ved Festplassen i midten av Nansenparken."}}, {"type": "Feature", "geometry": {"type": "Point", "coordinates": [11.1099, 59.28294]}, "properties": {"id": "AUE3ZSipGpdQswRYTPU3", "country": "NO", "name": "Torsdagsløpet", "date": "2026-11-28T11:00:00Z", "town": "Sarpsborg", "area": "Østfold", "distanceSummary": "5,1 km", "distances_km": [5.1], "categories": ["road", "trail"], "url": "https://www.torsdagstrimmen.no", "description": "5,1 km mosjonsløp i Kalnesskogens blå løype"}}, {"type": "Feature", "geometry": {"type": "Point", "coordinates": [11.0671, 60.79536]}, "properties": {"id": "GaviNJTxADHtTa4bc3m2", "country": "NO", "name": "Ankerskogen Parkrun", "date": "2026-11-28T11:00:00Z", "town": "Hamar", "area": "Innlandet", "distanceSummary": "5 km", "distances_km": [5.0], "categories": ["road"], "url": "https://www.parkrun.no/ankerskogen/", "description": "Gjennomføres på Ankerskogen tur og parkområde, Hamar."}}, {"type": "Feature", "geometry": {"type": "Point", "coordinates": [10.65771, 59.4339]}, "properties": {"id": "MxpYJDaJrcgR8sJ09rHW", "country": "NO", "name": "Ryggejoggen, løp nr. 2309", "date": "2026-11-28T11:00:00Z", "town": "Moss", "area": "Østfold", "distanceSummary": "3,4 km, 6,2 km, 8 km", "distances_km": [3.4, 6.2, 8.0], "categories": ["road"], "url": "https://https/ryggeil.no", "description": "Start fra Idrettshuset, Skoleveien 2.\nkl.13:00 til 15:00\nFellesstart kl.13:30"}}, {"type": "Feature", "geometry": {"type": "Point", "coordinates": [5.32845, 60.39272]}, "properties": {"id": "ngAFYZqpkKNX4MKLPyYK", "country": "NO", "name": "Team Macody Kvalømilen - 4. løp", "date": "2026-11-28T11:00:00Z", "town": "Bergen", "area": "Vestland", "distanceSummary": "10 km", "distances_km": [10.0], "categories": ["road"], "url": "https://www.facebook.com/profile.php?id=61586775946519", "description": "Team Macody Kvalømilen er en løpskarusell som arrangeres fire ganger i året med start på AdO-arena. Løpet er et lavterskelarrangement med fokus på løpeglede, inkludering og fellesskap. "}}, {"type": "Feature", "geometry": {"type": "Point", "coordinates": [10.93635, 59.20678]}, "properties": {"id": "tsKW3JNRw2l4MTpNUxZl", "country": "NO", "name": "Begbyjoggen", "date": "2026-12-02T11:00:00Z", "town": "Fredrikstad", "area": "Østfold", "distanceSummary": "4,6 km, 6,8 km", "distances_km": [4.6, 6.8], "categories": ["road"], "url": "https://www.strava.com/clubs/1444253", "description": "Ukentlig mosjonsløp hver onsdag kl 1800. Lavterskel tilbud for alle. Løype på 6,8 km på grusstier i lysløpe. Start fra Begbyportalen \"klubbhuset\" opp forbi Bjørneklova, ned alleen, rundt golfbanen så tilbake til portalen via Bjørneklova. Egen løype \"4,6km\" for de som ønsker å gå eller gogge. "}}, {"type": "Feature", "geometry": {"type": "Point", "coordinates": [11.06754, 60.79663]}, "properties": {"id": "BwqsfqTh4rXAYBBXN4za", "country": "NO", "name": "Ankerskogen Parkrun", "date": "2026-12-05T11:00:00Z", "town": "Hamar", "area": "Innlandet", "distanceSummary": "5 km", "distances_km": [5.0], "categories": ["road"], "url": "https://www.parkrun.no/ankerskogen/", "description": "Gjennomføres på Ankerskogen tur og parkområde, Hamar."}}, {"type": "Feature", "geometry": {"type": "Point", "coordinates": [10.53082, 59.8969]}, "properties": {"id": "VuJOH7mXtOLAK5e59tMH", "country": "NO", "name": "Nansenparken parkrun", "date": "2026-12-05T11:00:00Z", "town": "Bærum", "area": "Akershus", "distanceSummary": "5 km", "distances_km": [5.0], "categories": ["road"], "url": "https://www.parkrun.no/nansenparken", "description": "Ukentlig, gratis lavterskel 5K med tidtakning i Nansenparken på Fornebu, for alle som vil bli med å løpe, jogge, gå eller delta som frivillig sammen med andre. Oppmøte ved Festplassen i midten av Nansenparken."}}, {"type": "Feature", "geometry": {"type": "Point", "coordinates": [10.65563, 59.42801]}, "properties": {"id": "ZlCJeNrH1iyPe4PbB7XJ", "country": "NO", "name": "Ryggejoggen, løp nr. 2310", "date": "2026-12-05T11:00:00Z", "town": "Moss", "area": "Østfold", "distanceSummary": "3,4 km, 6,2 km, 8 km", "distances_km": [3.4, 6.2, 8.0], "categories": ["road"], "url": "https://https/ryggeil.no", "description": "Start fra Idrettshuset, Skoleveien 2.\nkl.13:00 til 15:00\nFellesstart kl.13:30"}}, {"type": "Feature", "geometry": {"type": "Point", "coordinates": [10.93582, 59.20797]}, "properties": {"id": "lytbYPGEZgSb5U5wlcRn", "country": "NO", "name": "Borredalen Rundt - Juleløpet", "date": "2026-12-05T11:00:00Z", "town": "Fredrikstad", "area": "Østfold", "distanceSummary": "5,5 km", "distances_km": [5.5], "categories": ["road", "trail"], "url": "https://www.facebook.com/groups/389228317759689/?multi_permalinks=8061410920541352&notif_id=1711272956904859&notif_t=feedback_reaction_generic&ref=notif", "description": "Borredalen Rundt arrangeres hver tirsdag fra mars/april til slutten av oktober, og med juleløp i desember. Løpet er arrangert siden 1962. \n\nStart/mål: Ved paviljongen i sydenden av Borredalsdammen.\n\nStarttidspunkt: 12.00"}}, {"type": "Feature", "geometry": {"type": "Point", "coordinates": [9.08221, 63.41744]}, "properties": {"id": "oDFjKMbMsIgOkYqoYDp0", "country": "NO", "name": "Heim 6-timers Ultra", "date": "2026-12-05T11:00:00Z", "town": "Heim", "area": "Trøndelag", "distanceSummary": "0,378 km, 50 km", "distances_km": [0.378, 50.0], "categories": [], "url": "https://live.eqtiming.com/83579#dashboard", "description": "6-timers ultraløp på innendørsbane i Sodvinhallen, garantert gode forhold (5-7 gr).\nLøp eller gå så langt du klarer på 6 timer, vi snur retning hver time.\nKontrollmålt runde på 377,81 meter. Mat/drikke/wc tilgjengelig hver runde. \n2 puljer a max 60 (09:00 og 16:00). \nFølg med på løpets FB-side.\n"}}, {"type": "Feature", "geometry": {"type": "Point", "coordinates": [5.32767, 60.38806]}, "properties": {"id": "r9elNW1oHY2z616xkSNx", "country": "NO", "name": "Bergen Adventsmaraton- Maratonkarusellen", "date": "2026-12-05T11:00:00Z", "town": "Bergen", "area": "Vestland", "distanceSummary": "Halvmaraton, Maraton", "distances_km": [21.098, 42.195], "categories": ["road"], "url": "https://www.maratonkarusellen.no", "description": ""}}, {"type": "Feature", "geometry": {"type": "Point", "coordinates": [11.11209, 59.28549]}, "properties": {"id": "wB6foPOnwZ3bg2RbUeH0", "country": "NO", "name": "Torsdagsløpet", "date": "2026-12-05T11:00:00Z", "town": "Sarpsborg", "area": "Østfold", "distanceSummary": "5,1 km", "distances_km": [5.1], "categories": ["road", "trail"], "url": "https://www.torsdagstrimmen.no", "description": "5,1 km mosjonsløp i Kalnesskogens blå løype"}}, {"type": "Feature", "geometry": {"type": "Point", "coordinates": [10.92709, 59.2147]}, "properties": {"id": "gtC78ulJZF2I8JxLnHSZ", "country": "NO", "name": "Begbyjoggen", "date": "2026-12-09T11:00:00Z", "town": "Fredrikstad", "area": "Østfold", "distanceSummary": "4,6 km, 6,8 km", "distances_km": [4.6, 6.8], "categories": ["road"], "url": "https://www.strava.com/clubs/1444253", "description": "Ukentlig mosjonsløp hver onsdag kl 1800. Lavterskel tilbud for alle. Løype på 6,8 km på grusstier i lysløpe. Start fra Begbyportalen \"klubbhuset\" opp forbi Bjørneklova, ned alleen, rundt golfbanen så tilbake til portalen via Bjørneklova. Egen løype \"4,6km\" for de som ønsker å gå eller gogge. "}}, {"type": "Feature", "geometry": {"type": "Point", "coordinates": [10.66489, 59.43364]}, "properties": {"id": "AimJRAYxoB6XD3SlrGCK", "country": "NO", "name": "Ryggejoggen, løp nr. 2311", "date": "2026-12-12T11:00:00Z", "town": "Moss", "area": "Østfold", "distanceSummary": "3,4 km, 6,2 km, 8 km", "distances_km": [3.4, 6.2, 8.0], "categories": ["road"], "url": "https://https/ryggeil.no", "description": "Start fra Idrettshuset, Skoleveien 2.\nkl.13:00 til 15:00\nFellesstart kl.13:30"}}, {"type": "Feature", "geometry": {"type": "Point", "coordinates": [10.52485, 59.89399]}, "properties": {"id": "FBODf6kKiMXEhRWdNLu3", "country": "NO", "name": "Nansenparken parkrun", "date": "2026-12-12T11:00:00Z", "town": "Bærum", "area": "Akershus", "distanceSummary": "5 km", "distances_km": [5.0], "categories": ["road"], "url": "https://www.parkrun.no/nansenparken", "description": "Ukentlig, gratis lavterskel 5K med tidtakning i Nansenparken på Fornebu, for alle som vil bli med å løpe, jogge, gå eller delta som frivillig sammen med andre. Oppmøte ved Festplassen i midten av Nansenparken."}}, {"type": "Feature", "geometry": {"type": "Point", "coordinates": [11.06687, 60.79322]}, "properties": {"id": "VyXCfDypMLl2Gbaxsiq2", "country": "NO", "name": "Ankerskogen Parkrun", "date": "2026-12-12T11:00:00Z", "town": "Hamar", "area": "Innlandet", "distanceSummary": "5 km", "distances_km": [5.0], "categories": ["road"], "url": "https://www.parkrun.no/ankerskogen/", "description": "Gjennomføres på Ankerskogen tur og parkområde, Hamar."}}, {"type": "Feature", "geometry": {"type": "Point", "coordinates": [10.39598, 63.42528]}, "properties": {"id": "idGIsPtzamO2HWBEtD5y", "country": "NO", "name": "Magni Maraton nr. 115", "date": "2026-12-12T11:00:00Z", "town": "Trondheim", "area": "Trøndelag", "distanceSummary": "5 km, 10,549 km, Halvmaraton, Maraton", "distances_km": [5.0, 10.549, 21.098, 42.195], "categories": ["road"], "url": "https://magnimaraton.com?page=registration&date=2026-12-12", "description": "En gang i måneden, med unntak av sommeren, blir det arrangert et Magni Maraton med start og mål på Stavset i Trondheim. Løpet er av Cannonball type, d.v.s. et løp der deltakeren i prinsipp sørger helt for seg selv."}}, {"type": "Feature", "geometry": {"type": "Point", "coordinates": [10.74598, 59.91252]}, "properties": {"id": "m04ehxQK564wrUubDmDZ", "country": "NO", "name": "Bunkersen 3000m", "date": "2026-12-12T11:00:00Z", "town": "Oslo", "area": "Oslo", "distanceSummary": "3 km", "distances_km": [3.0], "categories": [], "url": null, "description": ""}}, {"type": "Feature", "geometry": {"type": "Point", "coordinates": [11.10983, 59.28446]}, "properties": {"id": "yOYWRl790dANcjLZGCpE", "country": "NO", "name": "Torsdagsløpet", "date": "2026-12-12T11:00:00Z", "town": "Sarpsborg", "area": "Østfold", "distanceSummary": "5,1 km", "distances_km": [5.1], "categories": ["road", "trail"], "url": "https://www.torsdagstrimmen.no", "description": "5,1 km mosjonsløp i Kalnesskogens blå løype"}}, {"type": "Feature", "geometry": {"type": "Point", "coordinates": [6.15762, 62.47679]}, "properties": {"id": "WbO3WiEHQlCeP52GKEnZ", "country": "NO", "name": "Vinterkarusellen i Ålesund - 2. løp", "date": "2026-12-13T11:00:00Z", "town": "Ålesund", "area": "Møre og Romsdal", "distanceSummary": "5 km, 10 km", "distances_km": [5.0, 10.0], "categories": ["road"], "url": "http://ålesundløpene.no/vinterkarusellen/", "description": "Løpet går inn Brusdalen. 10-km distansen snur etter 5 km og tilbake samme vei.\n5 km-distansen snur etter 2,5 km. Premie etter hvert løp og deltakerpremie etter det siste løpet i karusellen. På 5km er det klasse for trimmere uten tidtaking"}}, {"type": "Feature", "geometry": {"type": "Point", "coordinates": [10.9352, 59.21983]}, "properties": {"id": "kxjGibkjJbNJseSJb04W", "country": "NO", "name": "Begbyjoggen", "date": "2026-12-16T11:00:00Z", "town": "Fredrikstad", "area": "Østfold", "distanceSummary": "4,6 km, 6,8 km", "distances_km": [4.6, 6.8], "categories": ["road"], "url": "https://www.strava.com/clubs/1444253", "description": "Ukentlig mosjonsløp hver onsdag kl 1800. Lavterskel tilbud for alle. Løype på 6,8 km på grusstier i lysløpe. Start fra Begbyportalen \"klubbhuset\" opp forbi Bjørneklova, ned alleen, rundt golfbanen så tilbake til portalen via Bjørneklova. Egen løype \"4,6km\" for de som ønsker å gå eller gogge. "}}, {"type": "Feature", "geometry": {"type": "Point", "coordinates": [11.06433, 60.79367]}, "properties": {"id": "NEimu2T8ySXrCLFo4RWC", "country": "NO", "name": "Ankerskogen Parkrun", "date": "2026-12-19T11:00:00Z", "town": "Hamar", "area": "Innlandet", "distanceSummary": "5 km", "distances_km": [5.0], "categories": ["road"], "url": "https://www.parkrun.no/ankerskogen/", "description": "Gjennomføres på Ankerskogen tur og parkområde, Hamar."}}, {"type": "Feature", "geometry": {"type": "Point", "coordinates": [11.11242, 59.28515]}, "properties": {"id": "V0QNjtUOYTyixWneoLJR", "country": "NO", "name": "Torsdagsløpets juleløp", "date": "2026-12-19T11:00:00Z", "town": "Sarpsborg", "area": "Østfold", "distanceSummary": "5,1 km", "distances_km": [5.1], "categories": ["road", "trail"], "url": "https://www.torsdagstrimmen.no", "description": "5,1 km mosjonsløp i Kalnesskogens blå løype"}}, {"type": "Feature", "geometry": {"type": "Point", "coordinates": [10.66593, 59.43315]}, "properties": {"id": "Z5kK5jLClhCk3DFcEk0a", "country": "NO", "name": "Ryggejoggen, løp nr. 2312", "date": "2026-12-19T11:00:00Z", "town": "Moss", "area": "Østfold", "distanceSummary": "3,4 km, 6,2 km, 8 km", "distances_km": [3.4, 6.2, 8.0], "categories": ["road"], "url": "https://https/ryggeil.no", "description": "Start fra Idrettshuset, Skoleveien 2.\nkl.13:00 til 15:00\nFellesstart kl.13:30"}}, {"type": "Feature", "geometry": {"type": "Point", "coordinates": [10.52587, 59.88867]}, "properties": {"id": "pgoR2Naymghsimhc4tFp", "country": "NO", "name": "Nansenparken parkrun", "date": "2026-12-19T11:00:00Z", "town": "Bærum", "area": "Akershus", "distanceSummary": "5 km", "distances_km": [5.0], "categories": ["road"], "url": "https://www.parkrun.no/nansenparken", "description": "Ukentlig, gratis lavterskel 5K med tidtakning i Nansenparken på Fornebu, for alle som vil bli med å løpe, jogge, gå eller delta som frivillig sammen med andre. Oppmøte ved Festplassen i midten av Nansenparken."}}, {"type": "Feature", "geometry": {"type": "Point", "coordinates": [10.53505, 59.89249]}, "properties": {"id": "AcIcYuz6OOjfVS8UWWcd", "country": "NO", "name": "Nisseløpet - Lommedalen", "date": "2026-12-24T11:00:00Z", "town": "Bærum", "area": "Akershus", "distanceSummary": "6 km, 10 km", "distances_km": [6.0, 10.0], "categories": ["road"], "url": null, "description": "Det legges opp til 2 distanser: 6 km , via Lommedalen Kirke, eller 10km hvor vi svinger nedom Verksgata før vi setter kursen tilbake mot Johnsrudgata."}}, {"type": "Feature", "geometry": {"type": "Point", "coordinates": [11.10838, 59.28447]}, "properties": {"id": "fN8BRH8KBLEjPOtPpmdM", "country": "NO", "name": "Søndagsløpet, Sarpsborg - juleløp - Gul løype", "date": "2026-12-24T11:00:00Z", "town": "Sarpsborg", "area": "Østfold", "distanceSummary": "7,05 km", "distances_km": [7.05], "categories": ["trail"], "url": null, "description": ""}}, {"type": "Feature", "geometry": {"type": "Point", "coordinates": [5.50451, 60.52645]}, "properties": {"id": "C6mg9WnQD5x6QUXoMJ2U", "country": "NO", "name": "HTB Valestrandsmarka Rundt -  juleløp", "date": "2026-12-26T11:00:00Z", "town": "Osterøy", "area": "Vestland", "distanceSummary": "4,4 km", "distances_km": [4.4], "categories": ["road"], "url": "https://osteroyil.no/friidrett/mosjon-valestrandsmarka-rundt/", "description": "Påmelding, start og mål Furubakken idrettsplass. Start kl. 12.00.  Startpengar kr. 30,-. Vipps 121337"}}, {"type": "Feature", "geometry": {"type": "Point", "coordinates": [5.33087, 60.39107]}, "properties": {"id": "ECP6EXkYSIR91MTHajV8", "country": "NO", "name": "Tarangers romjulshalvmaraton", "date": "2026-12-26T11:00:00Z", "town": "Bergen", "area": "Vestland", "distanceSummary": "Halvmaraton", "distances_km": [21.098], "categories": ["road"], "url": "https://www.facebook.com/profile.php?id=100057112072659", "description": "Normalt 2. juledag. Sjekk facebook-side. "}}, {"type": "Feature", "geometry": {"type": "Point", "coordinates": [10.53115, 59.88767]}, "properties": {"id": "JUL5fL5T8ZS0nG9hBtIR", "country": "NO", "name": "Nansenparken parkrun", "date": "2026-12-26T11:00:00Z", "town": "Bærum", "area": "Akershus", "distanceSummary": "5 km", "distances_km": [5.0], "categories": ["road"], "url": "https://www.parkrun.no/nansenparken", "description": "Ukentlig, gratis lavterskel 5K med tidtakning i Nansenparken på Fornebu, for alle som vil bli med å løpe, jogge, gå eller delta som frivillig sammen med andre. Oppmøte ved Festplassen i midten av Nansenparken."}}, {"type": "Feature", "geometry": {"type": "Point", "coordinates": [11.06652, 60.79274]}, "properties": {"id": "NYthkkV76oLzn0CJ2cVi", "country": "NO", "name": "Ankerskogen Parkrun", "date": "2026-12-26T11:00:00Z", "town": "Hamar", "area": "Innlandet", "distanceSummary": "5 km", "distances_km": [5.0], "categories": ["road"], "url": "https://www.parkrun.no/ankerskogen/", "description": "Gjennomføres på Ankerskogen tur og parkområde, Hamar."}}, {"type": "Feature", "geometry": {"type": "Point", "coordinates": [10.65777, 59.43498]}, "properties": {"id": "uHEKJ1q1dLid9EfLe1Ki", "country": "NO", "name": "Ryggejoggen, løp nr. 2313", "date": "2026-12-26T11:00:00Z", "town": "Moss", "area": "Østfold", "distanceSummary": "3,4 km, 6,2 km, 8 km", "distances_km": [3.4, 6.2, 8.0], "categories": ["road"], "url": "https://https/ryggeil.no", "description": "Start fra Idrettshuset, Skoleveien 2.\nTradisjonelt 2.juledagsløp med start kl.11:00 til 13:00"}}, {"type": "Feature", "geometry": {"type": "Point", "coordinates": [6.15559, 62.47206]}, "properties": {"id": "0qkIOPa9fo2xM26kNJOw", "country": "NO", "name": "Nyttårsmaraton i Ålesund", "date": "2026-12-27T11:00:00Z", "town": "Ålesund", "area": "Møre og Romsdal", "distanceSummary": "5 km, 10 km, Halvmaraton, Maraton", "distances_km": [5.0, 10.0, 21.098, 42.195], "categories": ["road"], "url": "http://ålesundløpene.no/alesund-nyttarsmaraton/", "description": "10,5 km-strekning fra Moa og innover Brusdalen til vending og tilbake. Løpes en gang på halvmaraton og to ganger på maraton. Deltakere på 5 og 10 km snur inne i Brusdalen. 5 km har også klasse for trim uten tidtaking. Arrangør er nå Ålesund Løpevenner. Mer info og påmelding : ålesundløpene.no"}}, {"type": "Feature", "geometry": {"type": "Point", "coordinates": [10.68618, 60.79813]}, "properties": {"id": "1RTKSdiwRvMdw95ZIH2V", "country": "NO", "name": "Dalborgløpet", "date": "2026-12-27T11:00:00Z", "town": "Gjøvik", "area": "Innlandet", "distanceSummary": "5 km", "distances_km": [5.0], "categories": ["road"], "url": null, "description": "Løypa er lett kupert som følger Dalborgvegen og snur etter 2,5 km med samme vei tilbake. Det er en uformell ramme rundt løpet, og løpere på alle nivåer ønskes hjertelig velkommen til juletrim! Arrangeres alltid 3.juledag"}}, {"type": "Feature", "geometry": {"type": "Point", "coordinates": [10.53058, 59.89704]}, "properties": {"id": "4xy9aOaD7oR6iMiR8KCy", "country": "NO", "name": "Löplabbets Ribbemaraton", "date": "2026-12-27T11:00:00Z", "town": "Bærum", "area": "Akershus", "distanceSummary": "Maraton", "distances_km": [42.195], "categories": ["road"], "url": "https://www.facebook.com/events/1118659200445917", "description": "Fra Löplabbets butikk i Sandvika til Ski. "}}, {"type": "Feature", "geometry": {"type": "Point", "coordinates": [11.1093, 59.2877]}, "properties": {"id": "7SKWD2N5GVaTzcueiwy8", "country": "NO", "name": "Søndagsløpet, Sarpsborg - juleløp - Gul løype", "date": "2026-12-27T11:00:00Z", "town": "Sarpsborg", "area": "Østfold", "distanceSummary": "7,05 km", "distances_km": [7.05], "categories": ["trail"], "url": null, "description": "Vi løper Gul løype motsatt vei"}}, {"type": "Feature", "geometry": {"type": "Point", "coordinates": [7.45354, 58.03039]}, "properties": {"id": "uDoCi3sP8ewDsf3pTZU4", "country": "NO", "name": "Mandals 3. juledagsløp", "date": "2026-12-27T11:00:00Z", "town": "Lindesnes", "area": "Agder", "distanceSummary": "0,5 km, 3 km, 10 km", "distances_km": [0.5, 3.0, 10.0], "categories": ["road"], "url": null, "description": " "}}, {"type": "Feature", "geometry": {"type": "Point", "coordinates": [10.40823, 59.26755]}, "properties": {"id": "68mTErr5LXmNKPSCKBdS", "country": "NO", "name": "Nyttårsløpet Tønsberg", "date": "2026-12-31T11:00:00Z", "town": "Tønsberg", "area": "Vestfold", "distanceSummary": "0,5 km, 5 km, 10 km", "distances_km": [0.5, 5.0, 10.0], "categories": ["road"], "url": "https://nyttarslop.no/", "description": "Nyttårsløpet (5 og 10km) er et K-løp og går i lett småkupert terreng på sykkelstien langs Hortensveien. Start kl. 12 ved Messehall B i det idylliske messeområdet i Tønsberg. Barneløpet er 400m og for de under 12 år. Starten for dette løpet går mens voksenløpet er i gang."}}, {"type": "Feature", "geometry": {"type": "Point", "coordinates": [10.25684, 60.17108]}, "properties": {"id": "FuX1BSNpea9nL6hgTCYK", "country": "NO", "name": "The Lost Highway", "date": "2026-12-31T11:00:00Z", "town": "Ringerike", "area": "Buskerud", "distanceSummary": "5 km", "distances_km": [5.0], "categories": ["road"], "url": null, "description": "Det er en relativt lett trase, men med noe stigning mot slutten. Start og mål samme sted. En fin måte å avslutte det gamle året på. "}}, {"type": "Feature", "geometry": {"type": "Point", "coordinates": [10.39873, 63.44178]}, "properties": {"id": "GXzKxyuTMXAtnnREDswm", "country": "NO", "name": "Nyttårsløpet, Trondheim", "date": "2026-12-31T11:00:00Z", "town": "Trondheim", "area": "Trøndelag", "distanceSummary": "5 km, 10 km", "distances_km": [5.0, 10.0], "categories": ["road"], "url": "https://www.facebook.com/nyttarslopet", "description": "Se www.nyttårsløpet.no for detaljer"}}, {"type": "Feature", "geometry": {"type": "Point", "coordinates": [5.5065, 60.52394]}, "properties": {"id": "L2NH22ABhmO4oIcsRddP", "country": "NO", "name": "HTB Valestrandsmarka Rundt -  nyttårsløp", "date": "2026-12-31T11:00:00Z", "town": "Osterøy", "area": "Vestland", "distanceSummary": "4,4 km", "distances_km": [4.4], "categories": ["road"], "url": "https://osteroyil.no/friidrett/mosjon-valestrandsmarka-rundt/", "description": "Påmelding, start og mål Furubakken idrettsplass. Start kl. 12.00.  Startpengar kr. 30,-. Vipps 121337"}}, {"type": "Feature", "geometry": {"type": "Point", "coordinates": [6.00452, 58.46331]}, "properties": {"id": "T6ZO0xAsz2kxMLNl2kdY", "country": "NO", "name": "Nyttårsløpet i Egersund", "date": "2026-12-31T11:00:00Z", "town": "Eigersund", "area": "Rogaland", "distanceSummary": "5,1 km", "distances_km": [5.1], "categories": ["road"], "url": null, "description": " 1 eller 3 runder i 8-tallet i Vannbasengene. ! runde er 1,7km. Eget barneløp."}}, {"type": "Feature", "geometry": {"type": "Point", "coordinates": [9.61757, 59.20963]}, "properties": {"id": "XvjSSxOdqRkNWGWS46EX", "country": "NO", "name": "Nyttårstrimmen", "date": "2026-12-31T11:00:00Z", "town": "Skien", "area": "Telemark", "distanceSummary": "10 km", "distances_km": [10.0], "categories": ["road"], "url": "https://www.nyttarstrimmen.no/", "description": "De som løper uten tidtaking kan starte fra klokka 12.00.\r\n\r\nLøype: 10 km. Eksakt løypelengde.\r\nLøypetrasè: gs-veien fra Porsgrunn til Skien, vestsiden."}}, {"type": "Feature", "geometry": {"type": "Point", "coordinates": [5.31968, 60.38572]}, "properties": {"id": "s8ED4EnBOoJ0spUfpMIP", "country": "NO", "name": "Romjulsløpet - Jansens Jaktstart", "date": "2026-12-31T11:00:00Z", "town": "Bergen", "area": "Vestland", "distanceSummary": "10 km", "distances_km": [10.0], "categories": ["trail"], "url": null, "description": "\"Up and downhill\" - tre høyder (Sandviksbatteriet, Sandviksfjellet og Fløyen) - anslag høydemeter er 400"}}, {"type": "Feature", "geometry": {"type": "Point", "coordinates": [10.94949, 59.21698]}, "properties": {"id": "snNiSDSjNl6kfrqqJiq7", "country": "NO", "name": "Nyttårsløpet, Fredrikstad", "date": "2026-12-31T11:00:00Z", "town": "Fredrikstad", "area": "Østfold", "distanceSummary": "1,6 km, 3,2 km", "distances_km": [1.6, 3.2], "categories": ["road"], "url": "https://www.f-b.no/lover-ny-familiefest-i-sentrum-pa-nyttarsaften/s/5-59-3438207", "description": " - Elite, mosjonister, gamle og unge, her skal alle ha det gøy!\n- Start og innkomst vStortorvet.\n- Løypetrase: 2 runder i Fredrikstad sentrum à 1600 meter.\n- Ingen startkontingent.\n- Ingen påmelding"}}, {"type": "Feature", "geometry": {"type": "Point", "coordinates": [18.96285, 69.65477]}, "properties": {"id": "epFvv3E8mUSMggGvqd14", "country": "NO", "name": "PolarNight Marathon (Mørketidsløpet)", "date": "2027-01-09T11:00:00Z", "town": "Tromsø", "area": "Troms", "distanceSummary": "5 km, 10 km, Halvmaraton, Maraton", "distances_km": [5.0, 10.0, 21.098, 42.196], "categories": ["road"], "url": "https://msm.no/polar-night-marathon/", "description": "Mørketidsløpet er Norges største vinterløp med rundt 2000 deltakere fra over 60 nasjoner.  Fire distanser 5km, 10km, 21kk og 42km. For å få starte på Ishavskraft Marathon må du ha løpt maraton under 4 timer de to siste årene.  Løpet er ofte blitt tidlig fulltegnet, så anbefaler tidlig påmelding."}}, {"type": "Feature", "geometry": {"type": "Point", "coordinates": [6.15702, 62.47185]}, "properties": {"id": "Sl4eqAPMhGMNUpco4h30", "country": "NO", "name": "Vinterkarusellen i Ålesund - 3. løp", "date": "2027-01-10T11:00:00Z", "town": "Ålesund", "area": "Møre og Romsdal", "distanceSummary": "5 km, 10 km", "distances_km": [5.0, 10.0], "categories": ["road"], "url": "http://ålesundløpene.no/vinterkarusellen/", "description": "Løpet går inn Brusdalen. 10-km distansen snur etter 5 km og tilbake samme vei.\n5 km-distansen snur etter 2,5 km. Premie etter hvert løp og deltakerpremie etter det siste løpet i karusellen. På 5km er det klasse for trimmere uten tidtaking"}}, {"type": "Feature", "geometry": {"type": "Point", "coordinates": [5.649, 58.88332]}, "properties": {"id": "GzSsr3WnjHx02AvWr5V2", "country": "NO", "name": "HOKA Solastranden halvmaraton", "date": "2027-01-16T11:00:00Z", "town": "Sola", "area": "Rogaland", "distanceSummary": "5 km, 10 km, Halvmaraton", "distances_km": [5.0, 10.0, 21.098], "categories": ["road"], "url": "https://www.solastrandenhalvmaraton.no/", "description": ""}}, {"type": "Feature", "geometry": {"type": "Point", "coordinates": [10.19901, 59.74758]}, "properties": {"id": "J9p4AK8yvhW8zRXRW19Q", "country": "NO", "name": "Hagemanns Hill Mile", "date": "2027-01-16T11:00:00Z", "town": "Drammen", "area": "Buskerud", "distanceSummary": "200 km, 6,7 km", "distances_km": [6.7, 200.0], "categories": ["road"], "url": "https://www.facebook.com/share/1D2yQoktNe/", "description": "Solbakken idrettsbane i Svelvik. Hagemanns hill mile går ut på å løpe runder på en engelsk mil (1609m) på under 20 minutter. Dette blir et last man standing løp. Det vil være ca 80 høydemeter pr runde."}}, {"type": "Feature", "geometry": {"type": "Point", "coordinates": [5.33223, 60.39103]}, "properties": {"id": "g4OpYDwXra2rMrXka3N9", "country": "NO", "name": "Åsane løpskarusell 2027 | Løp 1", "date": "2027-01-28T11:00:00Z", "town": "Bergen", "area": "Vestland", "distanceSummary": "5 km", "distances_km": [5.0], "categories": ["road"], "url": "https://aasane-lopskarusell.no", "description": ""}}, {"type": "Feature", "geometry": {"type": "Point", "coordinates": [10.74667, 59.91256]}, "properties": {"id": "2huaewj0JiktXxVQEB53", "country": "NO", "name": "Brooks Winterrun Oslo", "date": "2027-01-30T11:00:00Z", "town": "Oslo", "area": "Oslo", "distanceSummary": "5 km, 10 km", "distances_km": [5.0, 10.0], "categories": ["road"], "url": "https://www.winterrun.no/oslo/", "description": "Vinterens feelgood-løp gjennom Oslos gater!\nVinterens store løpefest. Vi lover en unik atmosfære med ildkurver, fakler og musikk. Funksjonærene våre langs løypa vil gjøre alt for å gi deg en skikkelig boost når du løper gjennom Oslo by.\n"}}, {"type": "Feature", "geometry": {"type": "Point", "coordinates": [5.33464, 60.38683]}, "properties": {"id": "4UWljcDsWS1M6GJAn2rb", "country": "NO", "name": "Brooks Winterrun Bergen", "date": "2027-02-06T11:00:00Z", "town": "Bergen", "area": "Vestland", "distanceSummary": "5 km, 10 km", "distances_km": [5.0, 10.0], "categories": ["road"], "url": "https://www.winterrun.no/bergen/", "description": "Vinterens feelgood-løp gjennom Bergen by!\nVinterens store løpefest. Vi lover en unik atmosfære med ildkurver, fakler og musikk. Funksjonærene våre langs løypa vil gjøre alt for å gi deg en skikkelig boost når du løper gjennom Bergen by.\n"}}, {"type": "Feature", "geometry": {"type": "Point", "coordinates": [5.32802, 60.40016]}, "properties": {"id": "t9Mz6tUBxEAXgmv2Lk6p", "country": "NO", "name": "Åsane løpskarusell 2027 | Løp 2", "date": "2027-02-11T11:00:00Z", "town": "Bergen", "area": "Vestland", "distanceSummary": "5 km", "distances_km": [5.0], "categories": ["road"], "url": "https://aasane-lopskarusell.no", "description": ""}}, {"type": "Feature", "geometry": {"type": "Point", "coordinates": [10.39989, 63.42598]}, "properties": {"id": "yuuC4ftDsGYNSflLWwLi", "country": "NO", "name": "Brooks Winterrun Trondheim", "date": "2027-02-13T11:00:00Z", "town": "Trondheim", "area": "Trøndelag", "distanceSummary": "5 km, 10 km", "distances_km": [5.0, 10.0], "categories": ["road"], "url": "https://www.winterrun.no/trondheim/", "description": "Vinterens feelgood-løp gjennom Trondheim by!\nVinterens store løpefest. Vi lover en unik atmosfære med ildkurver, fakler og musikk. Funksjonærene våre langs løypa vil gjøre alt for å gi deg en skikkelig boost når du løper gjennom Trondheim by.\n"}}, {"type": "Feature", "geometry": {"type": "Point", "coordinates": [6.15574, 62.46632]}, "properties": {"id": "UYidixCd6btOnkoERQHm", "country": "NO", "name": "Vinterkarusellen i Ålesund - 4. løp", "date": "2027-02-14T11:00:00Z", "town": "Ålesund", "area": "Møre og Romsdal", "distanceSummary": "5 km, 10 km", "distances_km": [5.0, 10.0], "categories": ["road"], "url": "http://ålesundløpene.no/vinterkarusellen/", "description": "Løpet går inn Brusdalen. 10-km distansen snur etter 5 km og tilbake samme vei.\n5 km-distansen snur etter 2,5 km. Premie etter hvert løp og deltakerpremie etter det siste løpet i karusellen. På 5km er det klasse for trimmere uten tidtaking"}}, {"type": "Feature", "geometry": {"type": "Point", "coordinates": [11.74949, 63.41992]}, "properties": {"id": "rVbbEgAy0yJnuggBCOb7", "country": "NO", "name": "Teveltunet Vinterbackyard", "date": "2027-02-20T11:00:00Z", "town": "Meråker", "area": "Trøndelag", "distanceSummary": "6,7 km, 80,4 km", "distances_km": [6.7, 80.4], "categories": ["trail"], "url": "https://teveltunet.no/", "description": ""}}, {"type": "Feature", "geometry": {"type": "Point", "coordinates": [5.32391, 60.39113]}, "properties": {"id": "N3JlLw4pyOmMqzk6rNXr", "country": "NO", "name": "Åsane løpskarusell 2027 | Løp 3", "date": "2027-02-25T11:00:00Z", "town": "Bergen", "area": "Vestland", "distanceSummary": "5 km", "distances_km": [5.0], "categories": ["road"], "url": "https://aasane-lopskarusell.no", "description": ""}}, {"type": "Feature", "geometry": {"type": "Point", "coordinates": [5.74224, 58.84796]}, "properties": {"id": "HOLRdYK0uax4LR5IDYeJ", "country": "NO", "name": "Sandnes Backyard 2027", "date": "2027-03-06T11:00:00Z", "town": "Sandnes", "area": "Rogaland", "distanceSummary": "80 km", "distances_km": [80.0], "categories": ["road"], "url": null, "description": ""}}, {"type": "Feature", "geometry": {"type": "Point", "coordinates": [5.33579, 60.38636]}, "properties": {"id": "HmIYCfpDDbiY5NI39BSW", "country": "NO", "name": "Åsane løpskarusell 2027 | Løp 4", "date": "2027-03-11T11:00:00Z", "town": "Bergen", "area": "Vestland", "distanceSummary": "5 km", "distances_km": [5.0], "categories": ["road"], "url": "https://aasane-lopskarusell.no", "description": ""}}, {"type": "Feature", "geometry": {"type": "Point", "coordinates": [6.1548, 62.46926]}, "properties": {"id": "4HOsPl2ebIIfuEy5GDq1", "country": "NO", "name": "Vinterkarusellen i Ålesund - 5. løp", "date": "2027-03-14T11:00:00Z", "town": "Ålesund", "area": "Møre og Romsdal", "distanceSummary": "5 km, 10 km", "distances_km": [5.0, 10.0], "categories": ["road"], "url": "http://ålesundløpene.no/vinterkarusellen/", "description": "Løpet går inn Brusdalen. 10-km distansen snur etter 5 km og tilbake samme vei.\n5 km-distansen snur etter 2,5 km. Premie etter hvert løp og deltakerpremie etter det siste løpet i karusellen. På 5km er det klasse for trimmere uten tidtaking"}}, {"type": "Feature", "geometry": {"type": "Point", "coordinates": [8.93941, 60.7082]}, "properties": {"id": "MV20V8d8tWtmEAV1Ijou", "country": "NO", "name": "Frozen Lake Marathon", "date": "2027-03-20T11:00:00Z", "town": "Gol", "area": "Buskerud", "distanceSummary": "Halvmaraton, Maraton", "distances_km": [21.098, 42.195], "categories": ["trail"], "url": "https://frozenlakemarathon.com/", "description": "ICEBUG FROZEN LAKE MARATHON - - don’t miss out on your new lifelong memory in\nthe Frozen Lake Marathon on lake Tisleifjorden in Norway "}}, {"type": "Feature", "geometry": {"type": "Point", "coordinates": [10.93922, 59.22344]}, "properties": {"id": "G9p7xjMVCYEWIKdgZv1w", "country": "NO", "name": "GIF-Joggen Backyard Ultra", "date": "2027-04-03T10:00:00Z", "town": "Fredrikstad", "area": "Østfold", "distanceSummary": "6,7 km, 80,4 km", "distances_km": [6.7, 80.4], "categories": ["trail"], "url": "https://www.facebook.com/people/Gressvik-IF-GIF-joggen/61582238757468/?locale=nb_NO", "description": "Lørdag 3. april blir det ny runde med backyard ultra i gressvikmarka!\n\nLøypa på 6,7 km er en skikkelig utfordring i nydelig og variert terreng, med klatring til et av kommunens høyeste punkt!\n\nMer info og påmelding kommer senere.\n"}}, {"type": "Feature", "geometry": {"type": "Point", "coordinates": [10.73757, 59.91689]}, "properties": {"id": "owYgNk5lDOrnvL316qim", "country": "NO", "name": "Backyard Thorsov ultra", "date": "2027-04-03T10:00:00Z", "town": "Oslo", "area": "Oslo", "distanceSummary": "6,7 km, 80 km", "distances_km": [6.7, 80.0], "categories": ["road"], "url": "https://www.backyardultra.no", "description": "Start og mål Thorsovdalen Aktivitetshus. Mer informasjon og påmelding kommer sept/oktober 2027"}}, {"type": "Feature", "geometry": {"type": "Point", "coordinates": [10.92786, 59.21292]}, "properties": {"id": "iXVW2TtlEzRGYLMc24Mr", "country": "NO", "name": "Fredrikstadløpet", "date": "2027-04-04T10:00:00Z", "town": "Fredrikstad", "area": "Østfold", "distanceSummary": "0,5 km, 3 km, 5 km, Halvmaraton", "distances_km": [0.5, 3.0, 5.0, 21.098], "categories": ["road"], "url": "http://www.fredrikstadif.no/p/10596/fredrikstadlopet", "description": "Lettløpt, rask løype uten nevneverdig høydeforskjell. Løpet går i området ved Kongstenhallen ved Gamlebyen i Fredrikstad. Kontrollmålt løype. "}}, {"type": "Feature", "geometry": {"type": "Point", "coordinates": [10.2065, 59.74414]}, "properties": {"id": "XlkcDeJBvwwNYzmC9gpf", "country": "NO", "name": "Aron Opp", "date": "2027-04-24T10:00:00Z", "town": "Drammen", "area": "Buskerud", "distanceSummary": "1,75 km, 0,38 km", "distances_km": [0.38, 1.75], "categories": ["road", "trail"], "url": "https://buskerud.bedriftsidretten.no/p/100037/aron-opp", "description": "Et motbakkeløp som arrangeres av Bedriftsidretten Buskerud i samarbeid med Skimore Drammen, Arontunet Lodge og La Sportiva. Starten går i bunnen av slalombakken og følger grusveien i en slynge til toppen hvor målgang vil være ved heishuset. Løypa er på ca 1,75 km. "}}, {"type": "Feature", "geometry": {"type": "Point", "coordinates": [9.9035, 59.7378]}, "properties": {"id": "HIUKCoqwk1pubptxfglm", "country": "NO", "name": "Sundvolden Challenge", "date": "2027-05-01T10:00:00Z", "town": "Hole", "area": "Buskerud", "distanceSummary": "5 km", "distances_km": [5.0], "categories": ["road", "trail"], "url": "https://sundvoldenchallenge.no/", "description": "Sundvolden Challenge Med 338 høydemeter over 5 km setter Sundvolden Challenge mosjonister og topptrente på prøve. Først får alle muligheten til å kjenne på kraften i Kleiva – en bakke som krever både vilje og utholdenhet. Deretter venter superfinalen for de aller sterkeste."}}, {"type": "Feature", "geometry": {"type": "Point", "coordinates": [8.23671, 58.33574]}, "properties": {"id": "hulrp1xta8cgIiFgbiWZ", "country": "NO", "name": "Steinsland Bygdemaraton ", "date": "2027-05-01T10:00:00Z", "town": "Birkenes", "area": "Agder", "distanceSummary": "10 km, Halvmaraton, Maraton", "distances_km": [10.0, 21.098, 42.195], "categories": ["road"], "url": "https://oggerondt.org/", "description": "Heilmaratonløypa går rundt Ogge, et stort vann i Birkenes og Iveland. Start klokka 8.00, 9.00. 10.00 og 11.00. Halvmaraton går rundt Klepp. Start klokka 11.00 og 12.00. Klokka 11.00 blir 10km løperne kjørt ut med traktor og tilhenger mot Ogge. Start klokka 12.00 "}}, {"type": "Feature", "geometry": {"type": "Point", "coordinates": [9.0832, 63.43147]}, "properties": {"id": "lwMyQXTDvmJY9qFnKZwl", "country": "NO", "name": "Heim FrontYard Ultra", "date": "2027-05-01T10:00:00Z", "town": "Heim", "area": "Trøndelag", "distanceSummary": "3 km, 60 km", "distances_km": [3.0, 60.0], "categories": ["road"], "url": null, "description": "Løp x antall runder på 3 km i nydelige omgivelser. Start & målgang ved Sodvinhallen. Løypa følger fine gangstier fra Ånesøyan til båthavna langs elva Søa.\nHvor mange runder klarer du ?\nFørste start kl 10:00, neste start 10:30, deretter 29 minutter til neste start, så 28 min. osv.\n\nPåmelding er åpnet"}}, {"type": "Feature", "geometry": {"type": "Point", "coordinates": [9.44061, 59.86827]}, "properties": {"id": "nsr2RZZgHclfLN60bJ6K", "country": "NO", "name": "Backyard Lampeland Ultra", "date": "2027-05-01T10:00:00Z", "town": "Flesberg", "area": "Buskerud", "distanceSummary": "6,7 km, 80 km", "distances_km": [6.7, 80.0], "categories": ["road"], "url": "https://www.backyardultra.no", "description": "For andre gang i Numedalen. Start og mål er Skattekista – som er en prisnominert skole og flerbruksbygg med fin beliggenhet på Lampeland, 20 minutter fra Kongsberg.\n"}}, {"type": "Feature", "geometry": {"type": "Point", "coordinates": [11.02006, 62.51679]}, "properties": {"id": "pxZtU6zE74no4n9oeHJz", "country": "NO", "name": "Grue Halvmaraton", "date": "2027-05-01T10:00:00Z", "town": "Grue", "area": "Innlandet", "distanceSummary": "1,8 km, 0,6 km, Halvmaraton", "distances_km": [0.6, 1.8, 21.098], "categories": ["road"], "url": "https://gruehalvmaraton.no", "description": "Norges raskeste halvmaraton-trasé, og nå også med Norges raskeste 10 km-trasé. Kontrollmålt og godkjent for statistikker og som kvalifisering til internasjonale løp. Det arrangeres også barneløp. Arrangeres alltid 1. mai. "}}, {"type": "Feature", "geometry": {"type": "Point", "coordinates": [10.39041, 63.42208]}, "properties": {"id": "NIgLrS7YosrZXAbLfQPb", "country": "NO", "name": "Tordenskioldløpet", "date": "2027-05-04T10:00:00Z", "town": "Trondheim", "area": "Trøndelag", "distanceSummary": "5 km, 10 km", "distances_km": [5.0, 10.0], "categories": ["road"], "url": "https://tordenskiold.freidig.idrett.no/", "description": "Tordenskioldløpet - på Lade Idrettsanlegg\n5 og 10 km gateløp, med eller uten tidtakning.\nKontrollmålte løyper. Eget barneløp.\nPengepremier til topp 3 i begge klasser/kjønn.\nFlotte uttrekkspremier."}}, {"type": "Feature", "geometry": {"type": "Point", "coordinates": [9.65038, 59.15106]}, "properties": {"id": "6m649FR3Yh3I0wsoP4K1", "country": "NO", "name": "Skogvokteren Ultra", "date": "2027-05-08T10:00:00Z", "town": "Porsgrunn", "area": "Telemark", "distanceSummary": "88 km", "distances_km": [88.0], "categories": ["trail"], "url": "https://www.facebook.com/groups/258417025349046", "description": "I Grenland er det mye skog som må befares med jevne mellomrom. Skogvokterruta er spesielt fin, og har behov for en større fellesbefaring (\"løp\") i begynnelsen av mai. Alle som fullfører befaringen kan stolt kalle seg Skogvoktere av Grenland, og 2025-utgaven er vårt femårsjubileum. Bli med!"}}, {"type": "Feature", "geometry": {"type": "Point", "coordinates": [10.39236, 63.42916]}, "properties": {"id": "2zoAh7XXVCutOZS9Js4Y", "country": "NO", "name": "Navy Race OCR - Trondheim", "date": "2027-05-22T10:00:00Z", "town": "Trondheim", "area": "Trøndelag", "distanceSummary": "8 km", "distances_km": [8.0], "categories": ["trail"], "url": "https://www.navyrace.no/", "description": "8 km - 30 hinder"}}, {"type": "Feature", "geometry": {"type": "Point", "coordinates": [10.25191, 60.16837]}, "properties": {"id": "O7pJPs5pSyJDGRqm4oPy", "country": "NO", "name": "Schjongs5ern", "date": "2027-05-22T10:00:00Z", "town": "Ringerike", "area": "Buskerud", "distanceSummary": "1,7 km, 0,6 km, 5 km", "distances_km": [0.6, 1.7, 5.0], "categories": ["road", "trail"], "url": "https://www.facebook.com/femmern", "description": "5 km: Lettløpt og rask løype. Kontrollmålt mai 2025. Store deler av trasèen går langs idylliske Storelva på myke og fine stier. Starten foregår 200 m fra målområdet."}}, {"type": "Feature", "geometry": {"type": "Point", "coordinates": [6.34898, 59.64424]}, "properties": {"id": "RR08pQqrA25Pqsvnm5kc", "country": "NO", "name": "Saudafjellet Maraton 2027", "date": "2027-05-22T10:00:00Z", "town": "Sauda", "area": "Rogaland", "distanceSummary": "10 km, Halvmaraton, Maraton", "distances_km": [10.0, 21.098, 42.195], "categories": ["road"], "url": "https://signup.eqtiming.com/arrangement/saudafjellet-maraton-2027/g295.59072?event=saudafjellet_maraton", "description": "Velkommen til et helt unikt halvmaraton og maraton over Saudafjellet – en av Norges mest spektakulære fjelloverganger! Velg mellom maraton, halvmaraton eller Gruvemila. Uansett distanse vil du få en spektakulær opplevelse du sent vil glemme. Velkommen til Sauda!"}}, {"type": "Feature", "geometry": {"type": "Point", "coordinates": [10.74552, 59.91738]}, "properties": {"id": "pNf8lAge53U6W7E82zgi", "country": "NO", "name": "KK-mila", "date": "2027-05-22T10:00:00Z", "town": "Oslo", "area": "Oslo", "distanceSummary": "5 km, 10 km", "distances_km": [5.0, 10.0], "categories": ["road"], "url": "https://www.kkmila.no", "description": "KK-mila byr på fantastisk underholdning, løp, en rikholdig goodiebag og ikke minst smoothie når du kommer i mål. Alt dette er inkludert i startnummeret!\nKKmila er et lavterskeløp som inkluderer alle – både kvinner og menn, gamle og unge. Løypa er flat og rask, så alt ligger til rette for å perse."}}, {"type": "Feature", "geometry": {"type": "Point", "coordinates": [7.28866, 61.40509]}, "properties": {"id": "IUIIN7WrraU3LZAaROCW", "country": "NO", "name": "Lustraløpet", "date": "2027-05-23T10:00:00Z", "town": "Luster", "area": "Vestland", "distanceSummary": "10 km", "distances_km": [10.0], "categories": ["road"], "url": "https://lusteril.idrettenonline.no/next/p/82803/hjem", "description": "Landevegsløp fra Neshøgdi til Luster. \nPåmelding Eq timing. Følg lenke til heimeside eller lenka til direkte påmelding. \nTrimklasse fra 11:00 til 13:30 \nBuss går mellom start og mål heile dagen\nGarderober i målområdet\nGratis betasuppe til alle deltakarar ved mål\n"}}, {"type": "Feature", "geometry": {"type": "Point", "coordinates": [5.33022, 60.39515]}, "properties": {"id": "lqw1dOzXXAkbFsNkLQoh", "country": "NO", "name": "Åsaneløpet 2027", "date": "2027-05-23T10:00:00Z", "town": "Bergen", "area": "Vestland", "distanceSummary": "0,6 km, 5 km, 10 km", "distances_km": [0.6, 5.0, 10.0], "categories": ["road"], "url": "https://asanelopet.no", "description": "Det er mulig at denne må arrangeres 9.mai. \n"}}, {"type": "Feature", "geometry": {"type": "Point", "coordinates": [10.39778, 59.27417]}, "properties": {"id": "BYYPIyKsH7Gs3oDzNlFb", "country": "NO", "name": "Vestfold Historic Ultra Trail", "date": "2027-05-29T10:00:00Z", "town": "Tønsberg", "area": "Vestfold", "distanceSummary": "50 km, 87 km, 147 km", "distances_km": [50.0, 87.0, 147.0], "categories": ["trail"], "url": "https://www.vhut.no", "description": "Terrengultraløp gjennom det beste terrenget i nordre Vestfold"}}, {"type": "Feature", "geometry": {"type": "Point", "coordinates": [5.72894, 58.96852]}, "properties": {"id": "CU1cPPPQJTV7EQvevrRv", "country": "NO", "name": "Energistafetten", "date": "2027-05-29T10:00:00Z", "town": "Stavanger", "area": "Rogaland", "distanceSummary": "13,5 km", "distances_km": [13.5], "categories": ["road"], "url": null, "description": "Energistafetten går av stabelen lørdag 29. mai! En løpefest for alle – med 10 etapper fordelt på 13,5 km. Lag kan være venner, kollegaer eller nabolag. Etter løpet feirer vi sammen på afterrun"}}, {"type": "Feature", "geometry": {"type": "Point", "coordinates": [11.35155, 59.41834]}, "properties": {"id": "SoVO78s8Un5VlKS8EqAT", "country": "NO", "name": "Barskingen OCR Hinderløp", "date": "2027-05-29T10:00:00Z", "town": "Rakkestad", "area": "Østfold", "distanceSummary": "3 km, 5 km, 8 km", "distances_km": [3.0, 5.0, 8.0], "categories": ["trail"], "url": "https://www.barskingen.no/", "description": "Norges barskeste hinderløp, 5 km eller 8 km. Lag eller individuelt. Familieløp på 3 km. "}}, {"type": "Feature", "geometry": {"type": "Point", "coordinates": [5.72949, 58.96986]}, "properties": {"id": "Thss1gmBlweTklv1SB0k", "country": "NO", "name": "Stavanger 5K", "date": "2027-05-29T10:00:00Z", "town": "Stavanger", "area": "Rogaland", "distanceSummary": "5 km", "distances_km": [5.0], "categories": ["road"], "url": "https://www.spirit-friidrett.com/stavanger5k", "description": "Flat 5 km langs vannkanten i Vågen Stvg sentrum"}}, {"type": "Feature", "geometry": {"type": "Point", "coordinates": [10.74569, 59.90122]}, "properties": {"id": "W5Bd55tbWCy3lv7ONTkf", "country": "NO", "name": "Ecotrail Oslo", "date": "2027-05-29T10:00:00Z", "town": "Oslo", "area": "Oslo", "distanceSummary": "10 km, 20,9 km, 20,9 km, 31 km, 50 km, 80 km", "distances_km": [10.0, 20.9, 31.0, 50.0, 80.0], "categories": ["road", "trail"], "url": "https://oslo.ecotrail.com/no", "description": "Terrengløping kommer til byen! Ecotrail Oslo er en del av Ecotrail-familien som teller ni europeiske byer. Løpet har fokus på miljø og byens omkringliggende natur og grønne lunger i byen. Løypa går gjennom marka og langs fjorden. Velg mellom fem forskjellige distanser. Løpet er for alle, også for de"}}, {"type": "Feature", "geometry": {"type": "Point", "coordinates": [9.25748, 59.56151]}, "properties": {"id": "zTPn7kFNHh1BxzMpyYEh", "country": "NO", "name": "Heddal 10K", "date": "2027-05-29T15:00:00Z", "town": "Notodden", "area": "Telemark", "distanceSummary": "0,5 km, 10 km", "distances_km": [0.5, 10.0], "categories": ["road"], "url": "https://www.facebook.com/profile.php?id=61562653461280", "description": "Start og mål ved Tuven Senteret. Deltakerne løper 5 km i retning Heddal stavkirke, før vendepunktet ved Vidarvoll og samme vei tilbake til mål ved Tuven. Flat og lynrask løype med kun 16 høydemeter. Det blir også arrangert et gratis barneløp i etterkant av 10 kilometeren  - Tuven Teddy’s barneløp. "}}, {"type": "Feature", "geometry": {"type": "Point", "coordinates": [6.12487, 62.19487]}, "properties": {"id": "NkfvZ9WrPn3rLo8odWDq", "country": "NO", "name": "Ørsta Fjellmaraton ", "date": "2027-06-05T10:00:00Z", "town": "Ørsta", "area": "Møre og Romsdal", "distanceSummary": "1 km, 7,2 km, Halvmaraton, Maraton", "distances_km": [1.0, 7.2, 21.098, 42.195], "categories": ["trail"], "url": "https://orstafjellmaraton.no/", "description": "Med både halv- og heilmaraton og kort løype, samt barneløp er dette meint å vere ei oppleving for både løpeglade og turglade deltakarar.\n"}}, {"type": "Feature", "geometry": {"type": "Point", "coordinates": [10.39127, 63.43108]}, "properties": {"id": "gLvge9MtssTmve6zJMce", "country": "NO", "name": "Sommernattsløpet Trondheim", "date": "2027-06-05T10:00:00Z", "town": "Trondheim", "area": "Trøndelag", "distanceSummary": "5 km, 10 km", "distances_km": [5.0, 10.0], "categories": ["road"], "url": "https://www.sommernattslopet.no/trondheim/", "description": "Sommernattsløpet er sommerens morsomste gateløp hvor du løper i raske løyper og nydelige omgivelser. Bli med på sommerens store løpefest i solnedgangen! Start og mål på Skansenparken.\n\nUansett om du løper 5 kilometer eller 10 kilometer garanterer vi minimalt med høydemeter og maks sjanse for ny PB"}}, {"type": "Feature", "geometry": {"type": "Point", "coordinates": [10.75393, 59.91574]}, "properties": {"id": "y2yuXaf3ofiDU2X0LOKK", "country": "NO", "name": "Navy Race OCR - Oslo", "date": "2027-06-05T10:00:00Z", "town": "Oslo", "area": "Oslo", "distanceSummary": "5 km", "distances_km": [5.0], "categories": ["trail"], "url": "https://www.navyrace.no/", "description": "5 km - 20 hinder"}}, {"type": "Feature", "geometry": {"type": "Point", "coordinates": [10.25829, 60.15858]}, "properties": {"id": "8Z0YR99hjhWCHxHVmWwP", "country": "NO", "name": "Soknaløpet", "date": "2027-06-12T10:00:00Z", "town": "Ringerike", "area": "Buskerud", "distanceSummary": "1 km, 5 km", "distances_km": [1.0, 5.0], "categories": ["road"], "url": "https://soknalopet.no/", "description": ""}}, {"type": "Feature", "geometry": {"type": "Point", "coordinates": [10.94232, 60.88118]}, "properties": {"id": "JQUG0becuUu30Vb0Hw4k", "country": "NO", "name": "Bèrghem Ultra Trail 2027", "date": "2027-06-12T10:00:00Z", "town": "Ringsaker", "area": "Innlandet", "distanceSummary": "135 km", "distances_km": [135.0], "categories": ["trail"], "url": "https://www.facebook.com/events/2054126835507855", "description": "BÈRGHEM ULTRA TRAIL 2027\nUltra Trailrunning Expedition-løp på Hedmarksvidda \n\n• 135 km og 3600 D+\n• 36 timers frist\n• Umerket løype\n• Orienteringsløping etter GPS-sporet vårt\n• Maks 25 deltakere\n\nRekord å slå = 29:16:49\n"}}, {"type": "Feature", "geometry": {"type": "Point", "coordinates": [6.15327, 62.47185]}, "properties": {"id": "hcwWeQBbICm17KtCdNKn", "country": "NO", "name": "Ålesund Maraton", "date": "2027-06-12T10:00:00Z", "town": "Ålesund", "area": "Møre og Romsdal", "distanceSummary": "0,7 km, 5 km, 5 km, 10 km, Halvmaraton, Maraton", "distances_km": [0.7, 5.0, 10.0, 21.098, 42.195], "categories": ["road"], "url": "https://www.alesundmaraton.no", "description": "En 10 + en 5 km  rundsløyfe med start i Ålesund sentrum. \nHalvmaraton løper 2 runder \nMaraton løper 4 runder. \n5 km og stafett løper 2 runder kun i sentrum\n"}}, {"type": "Feature", "geometry": {"type": "Point", "coordinates": [10.03828, 59.04521]}, "properties": {"id": "iqU8HBrddpu9R6vdKUeN", "country": "NO", "name": "Backyard Larvik Ultra", "date": "2027-06-12T10:00:00Z", "town": "Larvik", "area": "Vestfold", "distanceSummary": "6,7 km, 80 km", "distances_km": [6.7, 80.0], "categories": ["road"], "url": "https://www.backyardultra.no", "description": "For første gang! Backyard Norge utvider sin serie, og gleder seg til å legge til 12 runder på 6,7km i Numedalen. Start og mål er Skattekista – som er en prisnominert skole og flerbruksbygg med fin beliggenhet på Lampeland, 20 minutter fra Kongsberg.\nPåmelding åpner 17.november."}}, {"type": "Feature", "geometry": {"type": "Point", "coordinates": [5.32277, 60.40074]}, "properties": {"id": "y7TYoi2SM8nNPIan8LTd", "country": "NO", "name": "Sommernattsløpet Bergen", "date": "2027-06-12T10:00:00Z", "town": "Bergen", "area": "Vestland", "distanceSummary": "5 km, 10 km", "distances_km": [5.0, 10.0], "categories": ["road"], "url": "https://www.sommernattslopet.no/bergen/", "description": "Meld deg på Sommernattsløpet – 5 km – 10 km! \nSommernattsløpet er sommerens morsomste gateløp hvor du løper i raske løyper og nydelige omgivelser. Bytt ut pensko med løpesko og bli med på sommerens store løpefest i solnedgangen!"}}, {"type": "Feature", "geometry": {"type": "Point", "coordinates": [10.75647, 59.91714]}, "properties": {"id": "YQLVFaAVwWkCdJrHn6qb", "country": "NO", "name": "Sommernattsløpet Oslo", "date": "2027-06-19T10:00:00Z", "town": "Oslo", "area": "Oslo", "distanceSummary": "5 km, 10 km", "distances_km": [5.0, 10.0], "categories": ["road"], "url": "https://www.sommernattslopet.no/oslo/", "description": "Meld deg på Sommernattsløpet – 5 km – 10 km! \nSommernattsløpet er sommerens morsomste gateløp hvor du løper i raske løyper og nydelige omgivelser. Bytt ut pensko med løpesko og bli med på sommerens store løpefest i solnedgangen!"}}, {"type": "Feature", "geometry": {"type": "Point", "coordinates": [5.65087, 58.87762]}, "properties": {"id": "uzebnWVVlgC5bYq6yjGX", "country": "NO", "name": "Solnedgangen", "date": "2027-06-19T10:00:00Z", "town": "Sola", "area": "Rogaland", "distanceSummary": "5 km", "distances_km": [5.0], "categories": ["road"], "url": null, "description": ""}}, {"type": "Feature", "geometry": {"type": "Point", "coordinates": [5.3224, 60.39372]}, "properties": {"id": "It0yg9vkVZhV7azittKD", "country": "NO", "name": "Ecotrail Bergen", "date": "2027-06-26T10:00:00Z", "town": "Bergen", "area": "Vestland", "distanceSummary": "12 km, 27 km, 45 km, 65 km, 90 km", "distances_km": [12.0, 27.0, 45.0, 65.0, 90.0], "categories": ["road", "trail"], "url": null, "description": "Ecotrail Oslo er godt etablert som Norges største ultraløp siden 2015. Nå vil vi også arrangere Ecotrail i Bergen. Den første utgaven har begrenset med plasser i den flotte og tøffe løypa. "}}, {"type": "Feature", "geometry": {"type": "Point", "coordinates": [10.74546, 59.91345]}, "properties": {"id": "sA8ln3gkTDAzZR4qoD6h", "country": "NO", "name": "Oslo Bergen Trail", "date": "2027-07-01T10:00:00Z", "town": "Oslo", "area": "Oslo", "distanceSummary": "37 km, 130 km, 300 km, 500 km", "distances_km": [37.0, 130.0, 300.0, 500.0], "categories": ["trail"], "url": "https://www.oslobergentrail.com/no/home_no/index.html", "description": "Oslo Bergen Trail er et terrengultraløp fra Oslo til Bergen, som ble arrangert for første gang i 2021. Distansene er 500 km solo eller team (2-3 personer), 300 km solo, 130 km solo og 37 km solo. "}}, {"type": "Feature", "geometry": {"type": "Point", "coordinates": [8.56558, 61.13026]}, "properties": {"id": "10Yyp0WzA4iTvBbWfb04", "country": "NO", "name": "JOTUNHEIMEN TRAIL RUN / JTR 2027", "date": "2027-07-03T10:00:00Z", "town": "Vang", "area": "Innlandet", "distanceSummary": "1 km, 12 km, 16 km, Halvmaraton, Maraton, 73 km", "distances_km": [1.0, 12.0, 16.0, 21.0, 42.0, 73.0], "categories": ["trail"], "url": "https://www.jotunheimentrailrun.com/", "description": ""}}, {"type": "Feature", "geometry": {"type": "Point", "coordinates": [14.90681, 68.55453]}, "properties": {"id": "VMFYph6GMNwViCzB0YxJ", "country": "NO", "name": "Melbuløpet", "date": "2027-07-10T10:00:00Z", "town": "Hadsel", "area": "Nordland", "distanceSummary": "2,5 km, 0,6 km, 5 km, 10 km", "distances_km": [0.6, 2.5, 5.0, 10.0], "categories": ["road"], "url": null, "description": "Skigruppa (MIL Ski) arrangerer det årlige Melbuløpet på Melbu torg. Løypene går kun på asfalt med kun 7-8 høydemeter pr runde og alle konkuransedistansene går i samme løype. 2,5 km er 1 runde, 5 km er 2 runder og 10 km er 4 runder. "}}, {"type": "Feature", "geometry": {"type": "Point", "coordinates": [9.22065, 58.7111]}, "properties": {"id": "3mRKun4lvYRNKLm0dnt5", "country": "NO", "name": "Fiskekakeløpet", "date": "2027-07-17T10:00:00Z", "town": "Risør", "area": "Agder", "distanceSummary": "12 km", "distances_km": [12.0], "categories": ["road"], "url": "https://www.instagram.com/fklopetcom", "description": "- løpet som smaker av Risør - Et 12k løp på asfalt i Risør, «Den hvite by ved Skagerak», med fokus på løping og hygge. Vi ses 17.07.2027\n\nPåmelding via fklopet.com"}}, {"type": "Feature", "geometry": {"type": "Point", "coordinates": [9.4279, 59.86298]}, "properties": {"id": "zqNyoK8p3zhSujquChiH", "country": "NO", "name": "Blefjells Beste", "date": "2027-07-23T10:00:00Z", "town": "Flesberg", "area": "Buskerud", "distanceSummary": "5 km, 10 km, Halvmaraton, 57 km, 93 km", "distances_km": [5.0, 10.0, 21.0, 57.0, 93.0], "categories": ["trail"], "url": null, "description": "Ultraløp i fjellet, på mykt underlag."}}, {"type": "Feature", "geometry": {"type": "Point", "coordinates": [10.38981, 63.42733]}, "properties": {"id": "VEApV675Oc3mRVtZ9Z7N", "country": "NO", "name": "Backyard Trondheim ultra", "date": "2027-07-31T10:00:00Z", "town": "Trondheim", "area": "Trøndelag", "distanceSummary": "6,7 km, 80,4 km", "distances_km": [6.7, 80.4], "categories": ["trail"], "url": "https://www.backyardultra.no/trondheim/", "description": "Backyard Ultra. Maks 12 runder. "}}, {"type": "Feature", "geometry": {"type": "Point", "coordinates": [6.94389, 62.30486]}, "properties": {"id": "jONpz7ysRpD0i7CoVROI", "country": "NO", "name": "Stranda Fjord Trail Race", "date": "2027-08-05T10:00:00Z", "town": "Stranda", "area": "Møre og Romsdal", "distanceSummary": "7 km, 14 km, 25 km, 55 km, 95 km", "distances_km": [7.0, 14.0, 25.0, 55.0, 95.0], "categories": ["trail"], "url": "https://strandafjordtrailrace.com/", "description": "Løpsfestival på Stranda med fem ulike distanser: 7km, 14km, 25km, 55km og 95km."}}, {"type": "Feature", "geometry": {"type": "Point", "coordinates": [10.63102, 62.10945]}, "properties": {"id": "8yqlTU0VO9dBaq2thyal", "country": "NO", "name": "Solan Gundersens Bergmaraton", "date": "2027-08-07T10:00:00Z", "town": "Alvdal", "area": "Innlandet", "distanceSummary": "1 km, 22 km, 48 km, 6 km", "distances_km": [1.0, 6.0, 22.0, 48.0], "categories": ["road", "trail"], "url": "https://www.bergmaraton.no/", "description": "Et løp opp og ned gjennom Alvdalsbygda for små og store."}}, {"type": "Feature", "geometry": {"type": "Point", "coordinates": [10.48308, 59.41753]}, "properties": {"id": "hNOGa9ZwxWxDexzSZMRa", "country": "NO", "name": "Navy Race OCR - Horten", "date": "2027-08-07T10:00:00Z", "town": "Horten", "area": "Vestfold", "distanceSummary": "8 km", "distances_km": [8.0], "categories": ["trail"], "url": "https://www.navyrace.no/", "description": "8 km - 30 hinder"}}, {"type": "Feature", "geometry": {"type": "Point", "coordinates": [8.29311, 60.62007]}, "properties": {"id": "iwTUGKHXUFeyERqGPsgG", "country": "NO", "name": "GEILO TRAIL RUN / GTR 2027", "date": "2027-08-14T10:00:00Z", "town": "Hol", "area": "Buskerud", "distanceSummary": "1 km, 16 km, 30 km, 50 km", "distances_km": [1.0, 16.0, 30.0, 50.0], "categories": ["trail"], "url": "https://www.geilotrailrun.com/", "description": ""}}, {"type": "Feature", "geometry": {"type": "Point", "coordinates": [8.94975, 60.70224]}, "properties": {"id": "rtN4GHmqrtcfIN3kPR8C", "country": "NO", "name": "Backyard ultra Golsfjellet", "date": "2027-08-14T10:00:00Z", "town": "Gol", "area": "Buskerud", "distanceSummary": "6,7 km, 80 km", "distances_km": [6.7, 80.0], "categories": ["trail"], "url": "https://www.backyardultra.no", "description": "Backyard ultra Golsfjellet - mer enn bare et løp."}}, {"type": "Feature", "geometry": {"type": "Point", "coordinates": [9.25951, 59.55703]}, "properties": {"id": "gHjlfO1an5PXDTwkmi0H", "country": "NO", "name": "Bluesløpet", "date": "2027-08-14T15:00:00Z", "town": "Notodden", "area": "Telemark", "distanceSummary": "0,5 km, 5 km, 10 km", "distances_km": [0.5, 5.0, 10.0], "categories": ["road"], "url": "https://live.eqtiming.com/83823#dashboard", "description": "5/10 kilometer i Notodden sentrum. \nLettløpt løype med 2,5 kilometers runde. Gode muligheter for personlige rekorder og en god løpsopplevelse. \nGratis barneløp i forkant av hovedløpet. "}}, {"type": "Feature", "geometry": {"type": "Point", "coordinates": [11.01073, 60.21992]}, "properties": {"id": "EBdAlGDlWehYk4QUzek2", "country": "NO", "name": "Romerikes Råeste inkl. NM OCR", "date": "2027-08-21T10:00:00Z", "town": "Nannestad", "area": "Akershus", "distanceSummary": "2 km, 5 km, 8 km", "distances_km": [2.0, 5.0, 8.0], "categories": ["trail"], "url": "https://www.facebook.com/RomerikesRaeste", "description": ""}}, {"type": "Feature", "geometry": {"type": "Point", "coordinates": [10.39236, 63.43267]}, "properties": {"id": "rIK1B4BVol7QYSZ2BdAk", "country": "NO", "name": "Ecotrail Trondheim", "date": "2027-08-21T10:00:00Z", "town": "Trondheim", "area": "Trøndelag", "distanceSummary": "10 km, Halvmaraton, 33 km, 50 km, 80 km", "distances_km": [10.0, 21.0, 33.0, 50.0, 80.0], "categories": ["road", "trail"], "url": null, "description": "Ecotrail Oslo har vært Norges største ultraløp siden 2015. Nå skal det også arrangeres Ecotrail i Trondheim. Første utgaven vil ha begrenset med plasser. "}}, {"type": "Feature", "geometry": {"type": "Point", "coordinates": [5.72922, 58.96902]}, "properties": {"id": "98j9SepSwXkhmF2mB6qx", "country": "NO", "name": "Forusløpet", "date": "2027-08-22T10:00:00Z", "town": "Stavanger", "area": "Rogaland", "distanceSummary": "5 km, 10 km", "distances_km": [5.0, 10.0], "categories": ["road"], "url": null, "description": "2,5 km løpes 2 eller 4 g. Et søndag arr.  "}}, {"type": "Feature", "geometry": {"type": "Point", "coordinates": [5.32431, 60.39219]}, "properties": {"id": "RTSO9IwdPAfWiEpHFFyf", "country": "NO", "name": "Åsane løpskarusell 2027 | Løp 5", "date": "2027-08-26T10:00:00Z", "town": "Bergen", "area": "Vestland", "distanceSummary": "5 km", "distances_km": [5.0], "categories": ["road"], "url": "https://aasane-lopskarusell.no", "description": ""}}, {"type": "Feature", "geometry": {"type": "Point", "coordinates": [10.83945, 59.71926]}, "properties": {"id": "TgeJg6Cb9tK3jx56n3I8", "country": "NO", "name": "Nordre Follo Maraton", "date": "2027-08-28T10:00:00Z", "town": "Nordre Follo", "area": "Akershus", "distanceSummary": "5 km, 10 km, Halvmaraton, Maraton", "distances_km": [5.0, 10.0, 21.098, 42.195], "categories": ["road"], "url": null, "description": "Med start og mål i Ski er ambisjonen å legge en løype som viser frem det beste av kommunen – fra Oppegård til Kråkstad."}}, {"type": "Feature", "geometry": {"type": "Point", "coordinates": [12.94849, 57.72273]}, "properties": {"id": "se7ae17a731ec1", "country": "SE", "name": "Kretsloppet", "date": "2026-09-19T00:00:00Z", "town": "Borås", "area": null, "distanceSummary": "10.0, 5.0, 2.0, 0.4 km", "distances_km": [0.4, 2.0, 5.0, 10.0], "categories": ["road"], "url": "https://www.kretsloppetiboras.se/", "description": "", "estimated": false}}, {"type": "Feature", "geometry": {"type": "Point", "coordinates": [12.94369, 57.71007]}, "properties": {"id": "se0f8929765358", "country": "SE", "name": "Kretsloppet Special", "date": "2026-09-18T00:00:00Z", "town": "Borås", "area": null, "distanceSummary": "4.0, 2.0, 0.4 km", "distances_km": [0.4, 2.0, 4.0], "categories": ["road"], "url": "https://lopplistan.se/lopp/kretsloppet-special/", "description": "", "estimated": false}}, {"type": "Feature", "geometry": {"type": "Point", "coordinates": [12.83016, 55.39267]}, "properties": {"id": "se68d1fbd486c5", "country": "SE", "name": "Löparfesten", "date": "2026-09-19T00:00:00Z", "town": "Falsterbo", "area": null, "distanceSummary": "Barndistans, 21.0, 10.0, 5.0 km", "distances_km": [5.0, 10.0, 21.0], "categories": ["road"], "url": "https://lopplistan.se/lopp/loparfesten/", "description": "", "estimated": false}}, {"type": "Feature", "geometry": {"type": "Point", "coordinates": [16.50346, 59.3824]}, "properties": {"id": "secc34ffb8f1fb", "country": "SE", "name": "Coop Eskilstuna Runt", "date": "2026-09-19T00:00:00Z", "town": "Eskilstuna", "area": null, "distanceSummary": "10.0, 5.0, 1.0, 0.8, 0.5 km", "distances_km": [0.5, 0.8, 1.0, 5.0, 10.0], "categories": ["road"], "url": "https://lopplistan.se/lopp/coop-eskilstuna-runt/", "description": "", "estimated": false}}, {"type": "Feature", "geometry": {"type": "Point", "coordinates": [20.25792, 63.82584]}, "properties": {"id": "sec9cfdb0fc1d8", "country": "SE", "name": "Fredsloppet Umeå", "date": "2026-09-19T00:00:00Z", "town": "Umeå", "area": null, "distanceSummary": "10.0, 5.0, 2.5 km", "distances_km": [2.5, 5.0, 10.0], "categories": ["road"], "url": "https://lopplistan.se/lopp/fredsloppet-umea/", "description": "", "estimated": false}}, {"type": "Feature", "geometry": {"type": "Point", "coordinates": [13.79129, 57.40474]}, "properties": {"id": "se690074b7e012", "country": "SE", "name": "Åsenhögaloppet", "date": "2026-09-19T00:00:00Z", "town": "Åsenhöga", "area": null, "distanceSummary": "9.1, 4.3, 2.6 km", "distances_km": [2.6, 4.3, 9.1], "categories": ["road"], "url": "https://lopplistan.se/lopp/asenhogaloppet/", "description": "", "estimated": false}}, {"type": "Feature", "geometry": {"type": "Point", "coordinates": [17.63705, 59.86928]}, "properties": {"id": "se51234f91cabd", "country": "SE", "name": "Nattvarvet Uppsala", "date": "2026-09-19T00:00:00Z", "town": "Uppsala", "area": null, "distanceSummary": "5.5 km", "distances_km": [5.5], "categories": ["road"], "url": "https://lopplistan.se/lopp/nattvarvet-uppsala/", "description": "", "estimated": false}}, {"type": "Feature", "geometry": {"type": "Point", "coordinates": [17.64369, 59.86495]}, "properties": {"id": "se6d60f7d99230", "country": "SE", "name": "Kung Björn-loppet", "date": "2026-09-19T00:00:00Z", "town": "Uppsala", "area": null, "distanceSummary": "Barndistans, 10.0, 6.0 km", "distances_km": [6.0, 10.0], "categories": ["road"], "url": "https://lopplistan.se/lopp/kung-bjorn-loppet/", "description": "", "estimated": false}}, {"type": "Feature", "geometry": {"type": "Point", "coordinates": [12.93573, 55.58339]}, "properties": {"id": "seaa5e215709e7", "country": "SE", "name": "Limhamn September Backyard Ultra", "date": "2026-09-19T00:00:00Z", "town": "Limhamn", "area": null, "distanceSummary": "Backyard ultra", "distances_km": [], "categories": ["trail"], "url": "https://lopplistan.se/lopp/limhamn-september-backyard-ultra/", "description": "", "estimated": false}}, {"type": "Feature", "geometry": {"type": "Point", "coordinates": [15.9912, 60.27337]}, "properties": {"id": "sef8b1a79158ee", "country": "SE", "name": "Brunnsjöberget trail", "date": "2026-09-19T00:00:00Z", "town": "Hedemora", "area": null, "distanceSummary": "21.1, 10.0, 5.0, 3.0, 0.7 km", "distances_km": [0.7, 3.0, 5.0, 10.0, 21.1], "categories": ["trail"], "url": "https://lopplistan.se/lopp/brunnsjoberget-trail/", "description": "", "estimated": false}}, {"type": "Feature", "geometry": {"type": "Point", "coordinates": [13.53447, 57.05694]}, "properties": {"id": "sebebc440ea339", "country": "SE", "name": "Jälluntofta Trailrun", "date": "2026-09-19T00:00:00Z", "town": "Jälluntofta", "area": null, "distanceSummary": "11.5 km", "distances_km": [11.5], "categories": ["trail"], "url": "https://lopplistan.se/lopp/jalluntofta-trailrun/", "description": "", "estimated": false}}, {"type": "Feature", "geometry": {"type": "Point", "coordinates": [13.75997, 56.16624]}, "properties": {"id": "se0375f817aa28", "country": "SE", "name": "Göinge Spring - Terräng", "date": "2026-09-19T00:00:00Z", "town": "Hässleholm", "area": null, "distanceSummary": "12.0, 4.0 km", "distances_km": [4.0, 12.0], "categories": ["trail"], "url": "https://lopplistan.se/lopp/goinge-spring-terrang/", "description": "", "estimated": false}}, {"type": "Feature", "geometry": {"type": "Point", "coordinates": [15.77587, 58.70777]}, "properties": {"id": "se7ea0e63d12b2", "country": "SE", "name": "Kraftloppet", "date": "2026-09-19T00:00:00Z", "town": "Finspång", "area": null, "distanceSummary": "Stafett", "distances_km": [], "categories": ["road"], "url": "https://lopplistan.se/lopp/kraftloppet/", "description": "", "estimated": false}}, {"type": "Feature", "geometry": {"type": "Point", "coordinates": [13.77304, 56.16655]}, "properties": {"id": "se67fd21fa66f6", "country": "SE", "name": "Göinge Spring", "date": "2026-09-19T00:00:00Z", "town": "Hässleholm", "area": null, "distanceSummary": "21.0, 10.0 km", "distances_km": [10.0, 21.0], "categories": ["road"], "url": "https://lopplistan.se/lopp/goinge-spring/", "description": "", "estimated": false}}, {"type": "Feature", "geometry": {"type": "Point", "coordinates": [13.9597, 58.18973]}, "properties": {"id": "se208554fdb8c1", "country": "SE", "name": "Hökensås Trail", "date": "2026-09-20T00:00:00Z", "town": "Tidaholm", "area": null, "distanceSummary": "19.0, 11.5, 5.5 km", "distances_km": [5.5, 11.5, 19.0], "categories": ["trail"], "url": "https://lopplistan.se/lopp/hokensas-trail/", "description": "", "estimated": false}}, {"type": "Feature", "geometry": {"type": "Point", "coordinates": [15.62851, 58.40583]}, "properties": {"id": "sefe4f231be6e0", "country": "SE", "name": "Coop Linköping Runt", "date": "2026-09-20T00:00:00Z", "town": "Linköping", "area": null, "distanceSummary": "10.0, 5.0, 0.65 km", "distances_km": [0.65, 5.0, 10.0], "categories": ["road"], "url": "https://lopplistan.se/lopp/coop-linkoping-runt/", "description": "", "estimated": false}}, {"type": "Feature", "geometry": {"type": "Point", "coordinates": [16.39032, 61.3488]}, "properties": {"id": "se3332b37ca345", "country": "SE", "name": "Bollnäs Trailrace 10-års jubileum", "date": "2026-09-20T00:00:00Z", "town": "Bollnäs", "area": null, "distanceSummary": "5.0, 2.0, 0.75 km", "distances_km": [0.75, 2.0, 5.0], "categories": ["trail"], "url": "https://lopplistan.se/lopp/bollnas-trailrace-10-ars-jubileum/", "description": "", "estimated": false}}, {"type": "Feature", "geometry": {"type": "Point", "coordinates": [20.26591, 63.82272]}, "properties": {"id": "se0abfb1a5de19", "country": "SE", "name": "Umerivers Marathonstafett", "date": "2026-09-20T00:00:00Z", "town": "Umeå", "area": null, "distanceSummary": "42.2 km", "distances_km": [42.2], "categories": ["road"], "url": "https://lopplistan.se/lopp/umerivers-marathonstafett/", "description": "", "estimated": false}}, {"type": "Feature", "geometry": {"type": "Point", "coordinates": [12.99231, 55.60419]}, "properties": {"id": "sea1d1935169e4", "country": "SE", "name": "Hyllieloppet", "date": "2026-09-23T00:00:00Z", "town": "Malmö", "area": null, "distanceSummary": "5.0 km", "distances_km": [5.0], "categories": ["road"], "url": "https://lopplistan.se/lopp/hyllieloppet/", "description": "", "estimated": false}}, {"type": "Feature", "geometry": {"type": "Point", "coordinates": [18.06441, 59.3211]}, "properties": {"id": "sebf38c956c20f", "country": "SE", "name": "TCS Lidingöfemman", "date": "2026-09-25T00:00:00Z", "town": "Stockholm", "area": null, "distanceSummary": "5.0 km", "distances_km": [5.0], "categories": ["trail"], "url": "https://lopplistan.se/lopp/tcs-lidingofemman/", "description": "", "estimated": false}}, {"type": "Feature", "geometry": {"type": "Point", "coordinates": [18.06762, 59.33522]}, "properties": {"id": "sead5d8299028f", "country": "SE", "name": "TCS Lidingö Rullet & Ruset", "date": "2026-09-25T00:00:00Z", "town": "Stockholm", "area": null, "distanceSummary": "4.0, 2.0, 1.7 km", "distances_km": [1.7, 2.0, 4.0], "categories": ["trail"], "url": "https://lopplistan.se/lopp/tcs-lidingo-rullet-ruset/", "description": "", "estimated": false}}, {"type": "Feature", "geometry": {"type": "Point", "coordinates": [15.61197, 57.98942]}, "properties": {"id": "se61534d1fdbf7", "country": "SE", "name": "Östgöta Ultra Trail", "date": "2026-09-26T00:00:00Z", "town": "Kisa", "area": null, "distanceSummary": "165.0, 100.0, 55.0 km", "distances_km": [55.0, 100.0, 165.0], "categories": ["trail"], "url": "https://lopplistan.se/lopp/ostgota-ultra-trail/", "description": "", "estimated": false}}, {"type": "Feature", "geometry": {"type": "Point", "coordinates": [13.92517, 56.83718]}, "properties": {"id": "se36b7523954bf", "country": "SE", "name": "Backyard Ultra Ljungby", "date": "2026-09-26T00:00:00Z", "town": "Ljungby", "area": null, "distanceSummary": "Backyard ultra", "distances_km": [], "categories": ["road"], "url": "https://lopplistan.se/lopp/backyard-ultra-ljungby/", "description": "", "estimated": false}}, {"type": "Feature", "geometry": {"type": "Point", "coordinates": [12.25132, 57.10657]}, "properties": {"id": "se87dfdb7d7ad1", "country": "SE", "name": "Valingeloppet", "date": "2026-09-26T00:00:00Z", "town": "Varberg", "area": null, "distanceSummary": "24.0, 12.0, 6.0 km", "distances_km": [6.0, 12.0, 24.0], "categories": ["road"], "url": "https://lopplistan.se/lopp/valingeloppet/", "description": "", "estimated": false}}, {"type": "Feature", "geometry": {"type": "Point", "coordinates": [18.06428, 59.32938]}, "properties": {"id": "se94bb68db4488", "country": "SE", "name": "TCS Lidingöloppet", "date": "2026-09-26T00:00:00Z", "town": "Stockholm", "area": null, "distanceSummary": "30.0, 15.0 km", "distances_km": [15.0, 30.0], "categories": ["trail"], "url": "https://lopplistan.se/lopp/tcs-lidingoloppet/", "description": "", "estimated": false}}, {"type": "Feature", "geometry": {"type": "Point", "coordinates": [18.06268, 59.32378]}, "properties": {"id": "se4e15c289f27e", "country": "SE", "name": "TCS Lidingöloppet Junior & Veteran", "date": "2026-09-26T00:00:00Z", "town": "Stockholm", "area": null, "distanceSummary": "Distans beroende på åldersklass, 10.0", "distances_km": [10.0], "categories": ["road"], "url": "https://lopplistan.se/lopp/tcs-lidingoloppet-junior-veteran/", "description": "", "estimated": false}}, {"type": "Feature", "geometry": {"type": "Point", "coordinates": [15.10954, 59.43156]}, "properties": {"id": "se6de96055e57c", "country": "SE", "name": "Hålahult Blackwood Manor TrailRun", "date": "2026-09-27T00:00:00Z", "town": "Hålahult", "area": null, "distanceSummary": "17.0, 7.0 km", "distances_km": [7.0, 17.0], "categories": ["trail"], "url": "https://lopplistan.se/lopp/halahult-blackwood-manor-trailrun/", "description": "", "estimated": false}}, {"type": "Feature", "geometry": {"type": "Point", "coordinates": [18.08073, 59.32142]}, "properties": {"id": "seb8b3fca23a47", "country": "SE", "name": "Rosa bandet-loppet", "date": "2026-09-27T00:00:00Z", "town": "Stockholm", "area": null, "distanceSummary": "10.0, 4.0 km", "distances_km": [4.0, 10.0], "categories": ["trail"], "url": "https://lopplistan.se/lopp/rosa-bandet-loppet/", "description": "", "estimated": false}}, {"type": "Feature", "geometry": {"type": "Point", "coordinates": [17.42974, 59.85667]}, "properties": {"id": "seaae64deef3c7", "country": "SE", "name": "Vängeloppet", "date": "2026-09-29T00:00:00Z", "town": "Vänge", "area": null, "distanceSummary": "5.6, 2.8, 1.6, 0.8 km", "distances_km": [0.8, 1.6, 2.8, 5.6], "categories": ["road"], "url": "https://lopplistan.se/lopp/vangeloppet/", "description": "", "estimated": false}}, {"type": "Feature", "geometry": {"type": "Point", "coordinates": [16.50431, 59.37319]}, "properties": {"id": "sedea28b6fcb03", "country": "SE", "name": "Blodomloppet Eskilstuna", "date": "2027-09-15T00:00:00Z", "town": "Eskilstuna", "area": null, "distanceSummary": "10.0, 5.0 km", "distances_km": [5.0, 10.0], "categories": ["road"], "url": "https://lopplistan.se/lopp/blodomloppet-eskilstuna/", "description": "", "estimated": true}}, {"type": "Feature", "geometry": {"type": "Point", "coordinates": [12.84834, 56.66758]}, "properties": {"id": "se569e3c99f41b", "country": "SE", "name": "Blodomloppet Halmstad", "date": "2027-09-15T00:00:00Z", "town": "Halmstad", "area": null, "distanceSummary": "10.0, 5.0 km", "distances_km": [5.0, 10.0], "categories": ["road"], "url": "https://lopplistan.se/lopp/blodomloppet-halmstad/", "description": "", "estimated": true}}, {"type": "Feature", "geometry": {"type": "Point", "coordinates": [13.19198, 55.70459]}, "properties": {"id": "sea3d6525b2769", "country": "SE", "name": "Lejonbragden", "date": "2027-09-15T00:00:00Z", "town": "Lund", "area": null, "distanceSummary": "100 DUO, 100.0, 50.0, 30.0 km", "distances_km": [30.0, 50.0, 100.0], "categories": ["road"], "url": "https://lopplistan.se/lopp/lejonbragden/", "description": "", "estimated": true}}, {"type": "Feature", "geometry": {"type": "Point", "coordinates": [13.81851, 57.76104]}, "properties": {"id": "seb9b3d77d373c", "country": "SE", "name": "LöpRallarn", "date": "2027-09-15T00:00:00Z", "town": "Bottnaryd", "area": null, "distanceSummary": "15.0, 7.5, 2.0, 1.0, 0.4 km", "distances_km": [0.4, 1.0, 2.0, 7.5, 15.0], "categories": ["trail"], "url": "https://lopplistan.se/lopp/loprallarn/", "description": "", "estimated": true}}, {"type": "Feature", "geometry": {"type": "Point", "coordinates": [12.25746, 57.11398]}, "properties": {"id": "se7563d71ec5bb", "country": "SE", "name": "BTR Vineyard Backyard Ultra", "date": "2027-09-15T00:00:00Z", "town": "Varberg", "area": null, "distanceSummary": "Backyard ultra", "distances_km": [], "categories": ["road"], "url": "https://lopplistan.se/lopp/btr-vineyard-backyard-ultra/", "description": "", "estimated": true}}, {"type": "Feature", "geometry": {"type": "Point", "coordinates": [13.76148, 56.14933]}, "properties": {"id": "seedb599e2c571", "country": "SE", "name": "Hövdingeloppet", "date": "2027-09-15T00:00:00Z", "town": "Hässleholm", "area": null, "distanceSummary": "10.0, 4.8 km", "distances_km": [4.8, 10.0], "categories": ["road"], "url": "https://lopplistan.se/lopp/hovdingeloppet/", "description": "", "estimated": true}}, {"type": "Feature", "geometry": {"type": "Point", "coordinates": [18.2591, 59.05106]}, "properties": {"id": "se9e1e35e1c617", "country": "SE", "name": "USWE Paradiset STHLM", "date": "2027-09-15T00:00:00Z", "town": "Rudans friluftsgård, Haninge", "area": null, "distanceSummary": "26.0, 13.0, 6.0 km", "distances_km": [6.0, 13.0, 26.0], "categories": ["trail"], "url": "https://lopplistan.se/lopp/uswe-paradiset-sthlm/", "description": "", "estimated": true}}, {"type": "Feature", "geometry": {"type": "Point", "coordinates": [12.71345, 56.03903]}, "properties": {"id": "se9b59d4097187", "country": "SE", "name": "Helsingborg Marathon", "date": "2027-09-15T00:00:00Z", "town": "Helsingborg", "area": null, "distanceSummary": "Stafett, 650m, 1600 m, 42.2, 21.1 km", "distances_km": [21.1, 42.2, 650.0], "categories": ["road"], "url": "https://lopplistan.se/lopp/helsingborg-marathon/", "description": "", "estimated": true}}, {"type": "Feature", "geometry": {"type": "Point", "coordinates": [15.2123, 59.27055]}, "properties": {"id": "sea2f220d836b5", "country": "SE", "name": "Norasjön Runt", "date": "2027-09-15T00:00:00Z", "town": "Örebro", "area": null, "distanceSummary": "21.1 km", "distances_km": [21.1], "categories": ["road"], "url": "https://lopplistan.se/lopp/norasjon-runt/", "description": "", "estimated": true}}, {"type": "Feature", "geometry": {"type": "Point", "coordinates": [16.19031, 58.59068]}, "properties": {"id": "se57dc0ea18f73", "country": "SE", "name": "Skärblackaloppet", "date": "2027-09-15T00:00:00Z", "town": "Norrköping", "area": null, "distanceSummary": "6.0, 4.0 km", "distances_km": [4.0, 6.0], "categories": ["road"], "url": "https://lopplistan.se/lopp/skarblackaloppet/", "description": "", "estimated": true}}, {"type": "Feature", "geometry": {"type": "Point", "coordinates": [14.81382, 56.88095]}, "properties": {"id": "secedb337be631", "country": "SE", "name": "Blodomloppet Växjö", "date": "2027-09-15T00:00:00Z", "town": "Växjö", "area": null, "distanceSummary": "10.0, 5.0 km", "distances_km": [5.0, 10.0], "categories": ["road"], "url": "https://lopplistan.se/lopp/blodomloppet-vaxjo/", "description": "", "estimated": true}}, {"type": "Feature", "geometry": {"type": "Point", "coordinates": [11.965, 57.69577]}, "properties": {"id": "se8106b1a7cc00", "country": "SE", "name": "Midnattsloppet", "date": "2027-09-15T00:00:00Z", "town": "Göteborg", "area": null, "distanceSummary": "10.0, 5.0 km", "distances_km": [5.0, 10.0], "categories": ["road"], "url": "https://lopplistan.se/lopp/midnattsloppet-2/", "description": "", "estimated": true}}, {"type": "Feature", "geometry": {"type": "Point", "coordinates": [11.81929, 58.14313]}, "properties": {"id": "se1c4b1c5621d8", "country": "SE", "name": "Orust tvärs terränglopp och vandring", "date": "2027-09-15T00:00:00Z", "town": "Svanesund", "area": null, "distanceSummary": "27.0, 16.0 km", "distances_km": [16.0, 27.0], "categories": ["trail"], "url": "https://lopplistan.se/lopp/orust-tvars-terranglopp-och-vandring/", "description": "", "estimated": true}}, {"type": "Feature", "geometry": {"type": "Point", "coordinates": [11.25426, 58.69212]}, "properties": {"id": "se5b488ccb9b19", "country": "SE", "name": "Grebbestadsloppet", "date": "2027-09-15T00:00:00Z", "town": "Grebbestad", "area": null, "distanceSummary": "10.0, 5.0, 3.0 km", "distances_km": [3.0, 5.0, 10.0], "categories": ["road"], "url": "https://lopplistan.se/lopp/grebbestadsloppet/", "description": "", "estimated": true}}, {"type": "Feature", "geometry": {"type": "Point", "coordinates": [20.95112, 64.75101]}, "properties": {"id": "se11141372dc6a", "country": "SE", "name": "Glädjeruset Skellefteå", "date": "2027-09-15T00:00:00Z", "town": "Skellefteå", "area": null, "distanceSummary": "5.0, 0.4 km", "distances_km": [0.4, 5.0], "categories": ["road"], "url": "https://lopplistan.se/lopp/gladjeruset-skelleftea/", "description": "", "estimated": true}}, {"type": "Feature", "geometry": {"type": "Point", "coordinates": [14.79794, 56.87627]}, "properties": {"id": "se6f6292ed0e49", "country": "SE", "name": "VAIS-loppet", "date": "2027-09-15T00:00:00Z", "town": "Växjö", "area": null, "distanceSummary": "8.4, 4.4 km", "distances_km": [4.4, 8.4], "categories": ["trail"], "url": "https://lopplistan.se/lopp/vais-loppet-1/", "description": "", "estimated": true}}, {"type": "Feature", "geometry": {"type": "Point", "coordinates": [17.80569, 59.2849]}, "properties": {"id": "se9a1af0c79767", "country": "SE", "name": "Mälarömilen", "date": "2027-09-15T00:00:00Z", "town": "Ekerö", "area": null, "distanceSummary": "10.0, 5.0, 3.0, 0.5 km", "distances_km": [0.5, 3.0, 5.0, 10.0], "categories": ["road"], "url": "https://lopplistan.se/lopp/malaromilen/", "description": "", "estimated": true}}, {"type": "Feature", "geometry": {"type": "Point", "coordinates": [14.50011, 58.5833]}, "properties": {"id": "se63857d5c4977", "country": "SE", "name": "Karlsborgs halvmaraton", "date": "2027-09-15T00:00:00Z", "town": "Karlsborg", "area": null, "distanceSummary": "21.1 km", "distances_km": [21.1], "categories": ["road"], "url": "https://lopplistan.se/lopp/karlsborgs-halvmaraton/", "description": "", "estimated": true}}, {"type": "Feature", "geometry": {"type": "Point", "coordinates": [11.44311, 58.34499]}, "properties": {"id": "sede00aba4a4ab", "country": "SE", "name": "Icebug Xperience - West Coast Trail", "date": "2027-09-15T00:00:00Z", "town": "Bohuslän", "area": null, "distanceSummary": "77.0 km", "distances_km": [77.0], "categories": ["trail"], "url": "https://lopplistan.se/lopp/icebug-xperience-west-coast-trail/", "description": "", "estimated": true}}, {"type": "Feature", "geometry": {"type": "Point", "coordinates": [15.90313, 56.74094]}, "properties": {"id": "se95f3018f962e", "country": "SE", "name": "Nybro Backyard 12h", "date": "2027-09-15T00:00:00Z", "town": "Nybro", "area": null, "distanceSummary": "Backyard ultra", "distances_km": [], "categories": ["trail"], "url": "https://lopplistan.se/lopp/nybro-backyard-12h/", "description": "", "estimated": true}}, {"type": "Feature", "geometry": {"type": "Point", "coordinates": [17.08783, 59.62938]}, "properties": {"id": "se457a35ed2c04", "country": "SE", "name": "Enköpingsloppet", "date": "2027-09-15T00:00:00Z", "town": "Enköping", "area": null, "distanceSummary": "10.0, 5.0 km", "distances_km": [5.0, 10.0], "categories": ["road"], "url": "https://lopplistan.se/lopp/enkopingsloppet/", "description": "", "estimated": true}}, {"type": "Feature", "geometry": {"type": "Point", "coordinates": [18.0807, 59.3292]}, "properties": {"id": "sef964bed03beb", "country": "SE", "name": "Olympialoppet", "date": "2027-09-15T00:00:00Z", "town": "Stockholm", "area": null, "distanceSummary": "10.0, 5.0, 2.7, 1.3 km", "distances_km": [1.3, 2.7, 5.0, 10.0], "categories": ["road"], "url": "https://lopplistan.se/lopp/olympialoppet/", "description": "", "estimated": true}}, {"type": "Feature", "geometry": {"type": "Point", "coordinates": [11.91548, 58.0866]}, "properties": {"id": "se47af0163b9e1", "country": "SE", "name": "Hogialoppet", "date": "2027-09-15T00:00:00Z", "town": "Stenungsund", "area": null, "distanceSummary": "6.5, 3.1 km", "distances_km": [3.1, 6.5], "categories": ["road"], "url": "https://lopplistan.se/lopp/hogialoppet/", "description": "", "estimated": true}}, {"type": "Feature", "geometry": {"type": "Point", "coordinates": [18.06102, 59.32547]}, "properties": {"id": "se46d8f9a7585e", "country": "SE", "name": "Brotorp Trailrun", "date": "2027-09-15T00:00:00Z", "town": "Stockholm", "area": null, "distanceSummary": "21.0, 14.0, 7.0, 2.5 km", "distances_km": [2.5, 7.0, 14.0, 21.0], "categories": ["trail"], "url": "https://lopplistan.se/lopp/brotorp-trailrun/", "description": "", "estimated": true}}, {"type": "Feature", "geometry": {"type": "Point", "coordinates": [13.50291, 59.38511]}, "properties": {"id": "secb5dd5353e6e", "country": "SE", "name": "I2 IF Backyard Ultra", "date": "2027-09-15T00:00:00Z", "town": "Karlstad", "area": null, "distanceSummary": "Backyard ultra", "distances_km": [], "categories": ["road"], "url": "https://lopplistan.se/lopp/i2-if-backyard-ultra/", "description": "", "estimated": true}}, {"type": "Feature", "geometry": {"type": "Point", "coordinates": [17.41817, 59.93899]}, "properties": {"id": "se406222fe0537", "country": "SE", "name": "Linnéloppet", "date": "2027-09-15T00:00:00Z", "town": "Jumkil", "area": null, "distanceSummary": "14.0, 8.0, 5.0, 3.0, 1.5, 1.0 km", "distances_km": [1.0, 1.5, 3.0, 5.0, 8.0, 14.0], "categories": ["trail"], "url": "https://lopplistan.se/lopp/linneloppet/", "description": "", "estimated": true}}, {"type": "Feature", "geometry": {"type": "Point", "coordinates": [17.63909, 59.86845]}, "properties": {"id": "se7cc56a4d3754", "country": "SE", "name": "NZ-loppet", "date": "2027-09-15T00:00:00Z", "town": "Uppsala", "area": null, "distanceSummary": "5.0 km", "distances_km": [5.0], "categories": ["road"], "url": "https://lopplistan.se/lopp/nz-loppet/", "description": "", "estimated": true}}, {"type": "Feature", "geometry": {"type": "Point", "coordinates": [13.18815, 55.70268]}, "properties": {"id": "seb718d4db69de", "country": "SE", "name": "TYP1LOPP (Barndiabetesloppet)", "date": "2027-09-15T00:00:00Z", "town": "Lund", "area": null, "distanceSummary": "5.6, 3.0, 1.5, 0.3 km", "distances_km": [0.3, 1.5, 3.0, 5.6], "categories": ["road"], "url": "https://lopplistan.se/lopp/typ1lopp-barndiabetesloppet/", "description": "", "estimated": true}}, {"type": "Feature", "geometry": {"type": "Point", "coordinates": [21.4857, 65.32067]}, "properties": {"id": "se6a4565655f67", "country": "SE", "name": "Paltmilen", "date": "2027-09-15T00:00:00Z", "town": "Piteå", "area": null, "distanceSummary": "10.0 km", "distances_km": [10.0], "categories": ["road"], "url": "https://lopplistan.se/lopp/paltmilen/", "description": "", "estimated": true}}, {"type": "Feature", "geometry": {"type": "Point", "coordinates": [13.11061, 55.65697]}, "properties": {"id": "seca43e06e193d", "country": "SE", "name": "Burlövsloppet", "date": "2027-09-15T00:00:00Z", "town": "Burlöv", "area": null, "distanceSummary": "10.0, 5.0, 2.5, 1.3 km", "distances_km": [1.3, 2.5, 5.0, 10.0], "categories": ["road"], "url": "https://lopplistan.se/lopp/burlovsloppet/", "description": "", "estimated": true}}, {"type": "Feature", "geometry": {"type": "Point", "coordinates": [12.84555, 55.39565]}, "properties": {"id": "se2ef8a781bc39", "country": "SE", "name": "Falsterbo Backyard Ultra Summer", "date": "2027-09-15T00:00:00Z", "town": "Falsterbo", "area": null, "distanceSummary": "Backyard ultra", "distances_km": [], "categories": ["road"], "url": "https://lopplistan.se/lopp/falsterbo-backyard-ultra-summer/", "description": "", "estimated": true}}, {"type": "Feature", "geometry": {"type": "Point", "coordinates": [16.79574, 58.62988]}, "properties": {"id": "seb9617b4c0b73", "country": "SE", "name": "Sörmlands 100 Trail Run - 100 miles", "date": "2027-09-15T00:00:00Z", "town": "Nävekvarn", "area": null, "distanceSummary": "161.0 km", "distances_km": [161.0], "categories": ["trail"], "url": "https://lopplistan.se/lopp/sormlands-100-trail-run-100-miles/", "description": "", "estimated": true}}, {"type": "Feature", "geometry": {"type": "Point", "coordinates": [16.78764, 58.63639]}, "properties": {"id": "see06a3a22d229", "country": "SE", "name": "Sörmlands 100 Trail Run - Night Trail Run", "date": "2027-09-15T00:00:00Z", "town": "Nävekvarn", "area": null, "distanceSummary": "8.0 km", "distances_km": [8.0], "categories": ["trail"], "url": "https://lopplistan.se/lopp/sormlands-100-trail-run-night-trail-run/", "description": "", "estimated": true}}, {"type": "Feature", "geometry": {"type": "Point", "coordinates": [16.79024, 58.62634]}, "properties": {"id": "see583c53a3926", "country": "SE", "name": "Sörmlands 100 Trail Run", "date": "2027-09-15T00:00:00Z", "town": "Nävekvarn", "area": null, "distanceSummary": "100.0, 50.0, 22.0, 8.0, 2.0 km", "distances_km": [2.0, 8.0, 22.0, 50.0, 100.0], "categories": ["trail"], "url": "https://lopplistan.se/lopp/sormlands-100-trail-run/", "description": "", "estimated": true}}, {"type": "Feature", "geometry": {"type": "Point", "coordinates": [17.07636, 61.64054]}, "properties": {"id": "sebb3d0a6fb45e", "country": "SE", "name": "Höstharen", "date": "2027-09-15T00:00:00Z", "town": "Iggesund", "area": null, "distanceSummary": "10.0, 5.0, 1.5, 0.8 km", "distances_km": [0.8, 1.5, 5.0, 10.0], "categories": ["trail"], "url": "https://lopplistan.se/lopp/hostharen/", "description": "", "estimated": true}}, {"type": "Feature", "geometry": {"type": "Point", "coordinates": [18.06763, 59.31733]}, "properties": {"id": "se7a4f27caa0ae", "country": "SE", "name": "Tjejmilen", "date": "2027-09-15T00:00:00Z", "town": "Stockholm", "area": null, "distanceSummary": "10.0 km", "distances_km": [10.0], "categories": ["road"], "url": "https://lopplistan.se/lopp/tjejmilen/", "description": "", "estimated": true}}, {"type": "Feature", "geometry": {"type": "Point", "coordinates": [15.57178, 56.61101]}, "properties": {"id": "seac337dba18c5", "country": "SE", "name": "Mossarun", "date": "2027-09-15T00:00:00Z", "town": "Lindås", "area": null, "distanceSummary": "Kids, 24-timmar, 51.0, 17.0 km", "distances_km": [17.0, 24.0, 51.0], "categories": ["trail"], "url": "https://lopplistan.se/lopp/mossarun/", "description": "", "estimated": true}}, {"type": "Feature", "geometry": {"type": "Point", "coordinates": [15.99713, 58.19076]}, "properties": {"id": "se1f223b802934", "country": "SE", "name": "Bysjöloppet", "date": "2027-09-15T00:00:00Z", "town": "Åtvidaberg", "area": null, "distanceSummary": "10.0, 5.0, 1.3, 0.7 km", "distances_km": [0.7, 1.3, 5.0, 10.0], "categories": ["road"], "url": "https://lopplistan.se/lopp/bysjoloppet/", "description": "", "estimated": true}}, {"type": "Feature", "geometry": {"type": "Point", "coordinates": [16.36447, 56.65578]}, "properties": {"id": "seb3c72e01b097", "country": "SE", "name": "Blodomloppet Kalmar", "date": "2027-09-15T00:00:00Z", "town": "Kalmar", "area": null, "distanceSummary": "10.0, 5.0 km", "distances_km": [5.0, 10.0], "categories": ["road"], "url": "https://lopplistan.se/lopp/blodomloppet-kalmar/", "description": "", "estimated": true}}, {"type": "Feature", "geometry": {"type": "Point", "coordinates": [11.96572, 57.71123]}, "properties": {"id": "se1a6277b8ca57", "country": "SE", "name": "Merrell Göteborg Trailrun", "date": "2027-09-15T00:00:00Z", "town": "Göteborg", "area": null, "distanceSummary": "45.0, 33.0, 22.0, 12.0, 8.0 km", "distances_km": [8.0, 12.0, 22.0, 33.0, 45.0], "categories": ["trail"], "url": "https://lopplistan.se/lopp/merrell-goteborg-trailrun/", "description": "", "estimated": true}}, {"type": "Feature", "geometry": {"type": "Point", "coordinates": [16.63728, 56.67155]}, "properties": {"id": "sec46e2db1b542", "country": "SE", "name": "Ekerumsloppet", "date": "2026-10-03T00:00:00Z", "town": "Öland", "area": null, "distanceSummary": "10.0, 1.3 km", "distances_km": [1.3, 10.0], "categories": ["road"], "url": "https://lopplistan.se/lopp/ekerumsloppet/", "description": "", "estimated": false}}, {"type": "Feature", "geometry": {"type": "Point", "coordinates": [18.07198, 59.33359]}, "properties": {"id": "sed59f354071bd", "country": "SE", "name": "Förbifartspremiären", "date": "2026-10-03T00:00:00Z", "town": "Stockholm", "area": null, "distanceSummary": "10.0, 7.0, 4.0 km", "distances_km": [4.0, 7.0, 10.0], "categories": ["road"], "url": "https://lopplistan.se/lopp/forbifartspremiaren/", "description": "", "estimated": false}}, {"type": "Feature", "geometry": {"type": "Point", "coordinates": [13.00692, 55.60986]}, "properties": {"id": "se0d707ce65f23", "country": "SE", "name": "Malmö Marathon", "date": "2026-10-03T00:00:00Z", "town": "Malmö", "area": null, "distanceSummary": "42.2, 21.1 km", "distances_km": [21.1, 42.2], "categories": ["road"], "url": "https://lopplistan.se/lopp/malmo-marathon/", "description": "", "estimated": false}}, {"type": "Feature", "geometry": {"type": "Point", "coordinates": [16.32975, 60.22263]}, "properties": {"id": "se5ad46f95a290", "country": "SE", "name": "Avesta Backyard Ultra", "date": "2026-10-03T00:00:00Z", "town": "Avesta", "area": null, "distanceSummary": "Backyard ultra", "distances_km": [], "categories": ["trail"], "url": "https://lopplistan.se/lopp/avesta-backyard-ultra/", "description": "", "estimated": false}}, {"type": "Feature", "geometry": {"type": "Point", "coordinates": [15.04667, 58.53228]}, "properties": {"id": "se54076084cd86", "country": "SE", "name": "Broloppet Motala", "date": "2026-10-03T00:00:00Z", "town": "Motala", "area": null, "distanceSummary": "10.0, 5.0 km", "distances_km": [5.0, 10.0], "categories": ["road"], "url": "https://lopplistan.se/lopp/broloppet-motala/", "description": "", "estimated": false}}, {"type": "Feature", "geometry": {"type": "Point", "coordinates": [13.82092, 58.70873]}, "properties": {"id": "sea73a19690eda", "country": "SE", "name": "E20-loppet", "date": "2026-10-03T00:00:00Z", "town": "Mariestad", "area": null, "distanceSummary": "11.0, 6.0, 3.0 km", "distances_km": [3.0, 6.0, 11.0], "categories": ["road"], "url": "https://lopplistan.se/lopp/e20-loppet/", "description": "", "estimated": false}}, {"type": "Feature", "geometry": {"type": "Point", "coordinates": [16.43876, 57.26407]}, "properties": {"id": "se60d3aaee84f7", "country": "SE", "name": "Hiit Out - Trailrun", "date": "2026-10-03T00:00:00Z", "town": "Oskarshamn", "area": null, "distanceSummary": "16.0, 12.0, 8.0, 4.0 km", "distances_km": [4.0, 8.0, 12.0, 16.0], "categories": ["trail"], "url": "https://lopplistan.se/lopp/hiit-out-trailrun/", "description": "", "estimated": false}}, {"type": "Feature", "geometry": {"type": "Point", "coordinates": [18.3084, 57.52535]}, "properties": {"id": "se034133890ea5", "country": "SE", "name": "Gotland Ultramarathon", "date": "2026-10-03T00:00:00Z", "town": "Gotland", "area": null, "distanceSummary": "50.0, 28.0 km", "distances_km": [28.0, 50.0], "categories": ["trail"], "url": "https://lopplistan.se/lopp/gotland-ultramarathon/", "description": "", "estimated": false}}, {"type": "Feature", "geometry": {"type": "Point", "coordinates": [14.56134, 56.11929]}, "properties": {"id": "se12e9a9824205", "country": "SE", "name": "Nordiska Mästarnas Backyard Ultra", "date": "2026-10-03T00:00:00Z", "town": "Bromölla", "area": null, "distanceSummary": "Backyard ultra", "distances_km": [], "categories": ["road"], "url": "https://lopplistan.se/lopp/nordiska-mastarnas-backyard-ultra/", "description": "", "estimated": false}}, {"type": "Feature", "geometry": {"type": "Point", "coordinates": [13.95934, 58.1763]}, "properties": {"id": "seccf3da71dea7", "country": "SE", "name": "Tidaholm Marathon", "date": "2026-10-03T00:00:00Z", "town": "Tidaholm", "area": null, "distanceSummary": "Stafett, 42.2, 21.1 km", "distances_km": [21.1, 42.2], "categories": ["road"], "url": "https://lopplistan.se/lopp/tidaholm-marathon/", "description": "", "estimated": false}}, {"type": "Feature", "geometry": {"type": "Point", "coordinates": [11.66958, 58.04134]}, "properties": {"id": "sea274ad5cde79", "country": "SE", "name": "Järv Äventyr Tjörn", "date": "2026-10-03T00:00:00Z", "town": "Tjörn", "area": null, "distanceSummary": "10.0, 5.0 km", "distances_km": [5.0, 10.0], "categories": ["trail"], "url": "https://lopplistan.se/lopp/jarv-aventyr-tjorn/", "description": "", "estimated": false}}, {"type": "Feature", "geometry": {"type": "Point", "coordinates": [16.19542, 58.99572]}, "properties": {"id": "se6c2f19342a06", "country": "SE", "name": "Julita Loppet", "date": "2026-10-03T00:00:00Z", "town": "Katrineholm", "area": null, "distanceSummary": "10.0, 5.0, 1.7, 0.5 km", "distances_km": [0.5, 1.7, 5.0, 10.0], "categories": ["road"], "url": "https://lopplistan.se/lopp/julita-loppet/", "description": "", "estimated": false}}, {"type": "Feature", "geometry": {"type": "Point", "coordinates": [14.36221, 56.17971]}, "properties": {"id": "se2c63507c6777", "country": "SE", "name": "Vånga Mountain Xtreme", "date": "2026-10-04T00:00:00Z", "town": "Vångabacken", "area": null, "distanceSummary": "40.0, 16.0, 8.0 km", "distances_km": [8.0, 16.0, 40.0], "categories": ["trail"], "url": "https://lopplistan.se/lopp/vanga-mountain-xtreme/", "description": "", "estimated": false}}, {"type": "Feature", "geometry": {"type": "Point", "coordinates": [15.20527, 59.27209]}, "properties": {"id": "se62ebbcae59ab", "country": "SE", "name": "Hostruset", "date": "2026-10-04T00:00:00Z", "town": "Örebro", "area": null, "distanceSummary": "5.0, 0.7 km", "distances_km": [0.7, 5.0], "categories": ["road"], "url": "https://lopplistan.se/lopp/hostruset/", "description": "", "estimated": false}}, {"type": "Feature", "geometry": {"type": "Point", "coordinates": [11.9195, 57.457]}, "properties": {"id": "se0402e353455a", "country": "SE", "name": "Lerkilsloppet", "date": "2026-10-04T00:00:00Z", "town": "Lerkil", "area": null, "distanceSummary": "10.0, 5.0, 2.0, 0.4 km", "distances_km": [0.4, 2.0, 5.0, 10.0], "categories": ["road"], "url": "https://lopplistan.se/lopp/lerkilsloppet/", "description": "", "estimated": false}}, {"type": "Feature", "geometry": {"type": "Point", "coordinates": [12.52435, 57.93057]}, "properties": {"id": "se620657f9711d", "country": "SE", "name": "Running Lights", "date": "2026-10-10T00:00:00Z", "town": "Alingsås", "area": null, "distanceSummary": "10.0, 5.0 km", "distances_km": [5.0, 10.0], "categories": ["road"], "url": "https://lopplistan.se/lopp/running-lights/", "description": "", "estimated": false}}, {"type": "Feature", "geometry": {"type": "Point", "coordinates": [15.20393, 59.27152]}, "properties": {"id": "se0d09f35d0d88", "country": "SE", "name": "Å-stadsloppet", "date": "2026-10-10T00:00:00Z", "town": "Örebro", "area": null, "distanceSummary": "21.1, 10.0, 5.0, 1.4 km", "distances_km": [1.4, 5.0, 10.0, 21.1], "categories": ["road"], "url": "https://lopplistan.se/lopp/a-stadsloppet/", "description": "", "estimated": false}}, {"type": "Feature", "geometry": {"type": "Point", "coordinates": [11.26004, 58.69109]}, "properties": {"id": "se6f990d2bc781", "country": "SE", "name": "Bohusläns Bästa", "date": "2026-10-10T00:00:00Z", "town": "Grebbestad", "area": null, "distanceSummary": "22.0 km", "distances_km": [22.0], "categories": ["trail"], "url": "https://lopplistan.se/lopp/bohuslans-basta/", "description": "", "estimated": false}}, {"type": "Feature", "geometry": {"type": "Point", "coordinates": [11.96789, 57.70894]}, "properties": {"id": "se294969994874", "country": "SE", "name": "Göteborg Marathon", "date": "2026-10-10T00:00:00Z", "town": "Göteborg", "area": null, "distanceSummary": "42.2, 21.1 km", "distances_km": [21.1, 42.2], "categories": ["road"], "url": "https://lopplistan.se/lopp/goteborg-marathon/", "description": "", "estimated": false}}, {"type": "Feature", "geometry": {"type": "Point", "coordinates": [12.82918, 55.87014]}, "properties": {"id": "se4a3dbf0c7460", "country": "SE", "name": "Hven Seaside Run", "date": "2026-10-10T00:00:00Z", "town": "Landskrona", "area": null, "distanceSummary": "18.52 km", "distances_km": [18.52], "categories": ["road"], "url": "https://lopplistan.se/lopp/hven-seaside-run/", "description": "", "estimated": false}}, {"type": "Feature", "geometry": {"type": "Point", "coordinates": [18.07869, 59.32687]}, "properties": {"id": "sed059eaceef33", "country": "SE", "name": "Mental Health Run", "date": "2026-10-10T00:00:00Z", "town": "Stockholm", "area": null, "distanceSummary": "5.0 km", "distances_km": [5.0], "categories": ["road"], "url": "https://lopplistan.se/lopp/mental-health-run/", "description": "", "estimated": false}}, {"type": "Feature", "geometry": {"type": "Point", "coordinates": [12.71154, 56.03931]}, "properties": {"id": "se851cba43598d", "country": "SE", "name": "Helsingborgs Terränglopp", "date": "2026-10-11T00:00:00Z", "town": "Helsingborg", "area": null, "distanceSummary": "8.0, 4.0, 2.0, 1.0 km", "distances_km": [1.0, 2.0, 4.0, 8.0], "categories": ["trail"], "url": "https://lopplistan.se/lopp/helsingborgs-terranglopp/", "description": "", "estimated": false}}, {"type": "Feature", "geometry": {"type": "Point", "coordinates": [18.07289, 59.32512]}, "properties": {"id": "se4a068bb1d6b7", "country": "SE", "name": "Hässelbyloppet", "date": "2026-10-11T00:00:00Z", "town": "Stockholm", "area": null, "distanceSummary": "10.0 km", "distances_km": [10.0], "categories": ["road"], "url": "https://lopplistan.se/lopp/hasselbyloppet/", "description": "", "estimated": false}}, {"type": "Feature", "geometry": {"type": "Point", "coordinates": [17.96177, 59.43034]}, "properties": {"id": "se37c846b7f4b1", "country": "SE", "name": "Night Trail Run - Night 1", "date": "2026-10-15T00:00:00Z", "town": "Sollentuna", "area": null, "distanceSummary": "Hundtrail, 10.0, 5.0 km", "distances_km": [5.0, 10.0], "categories": ["trail"], "url": "https://lopplistan.se/lopp/night-trail-run-night-1/", "description": "", "estimated": false}}, {"type": "Feature", "geometry": {"type": "Point", "coordinates": [17.95128, 59.43152]}, "properties": {"id": "sed17f07bb9c92", "country": "SE", "name": "Night Trail Run - Night 2", "date": "2026-10-16T00:00:00Z", "town": "Sollentuna", "area": null, "distanceSummary": "10.0, 5.0 km", "distances_km": [5.0, 10.0], "categories": ["trail"], "url": "https://lopplistan.se/lopp/night-trail-run-night-2/", "description": "", "estimated": false}}, {"type": "Feature", "geometry": {"type": "Point", "coordinates": [14.15409, 57.78216]}, "properties": {"id": "se637f05b0fb6f", "country": "SE", "name": "Jönköping 10K/5K", "date": "2026-10-17T00:00:00Z", "town": "Jönköping", "area": null, "distanceSummary": "10.0, 5.0 km", "distances_km": [5.0, 10.0], "categories": ["road"], "url": "https://lopplistan.se/lopp/jonkoping-10k-5k/", "description": "", "estimated": false}}, {"type": "Feature", "geometry": {"type": "Point", "coordinates": [18.07019, 59.32264]}, "properties": {"id": "se36a6d193a8bc", "country": "SE", "name": "Night Trail Run - Night 3", "date": "2026-10-17T00:00:00Z", "town": "Stockholm", "area": null, "distanceSummary": "30.0, 21.0, 10.0, 5.0 km", "distances_km": [5.0, 10.0, 21.0, 30.0], "categories": ["trail"], "url": "https://lopplistan.se/lopp/night-trail-run-night-3/", "description": "", "estimated": false}}, {"type": "Feature", "geometry": {"type": "Point", "coordinates": [17.63552, 59.85539]}, "properties": {"id": "sec5fcaa72b243", "country": "SE", "name": "Uppsala Marathon", "date": "2026-10-17T00:00:00Z", "town": "Uppsala", "area": null, "distanceSummary": "Stafett, 42.2, 21.1 km", "distances_km": [21.1, 42.2], "categories": ["road"], "url": "https://lopplistan.se/lopp/uppsala-marathon/", "description": "", "estimated": false}}, {"type": "Feature", "geometry": {"type": "Point", "coordinates": [12.25526, 57.10662]}, "properties": {"id": "sec996ff069ecc", "country": "SE", "name": "Varberg halvmarathon", "date": "2026-10-17T00:00:00Z", "town": "Varberg", "area": null, "distanceSummary": "21.1, 11.5 km", "distances_km": [11.5, 21.1], "categories": ["road"], "url": "https://lopplistan.se/lopp/varberg-halvmarathon/", "description": "", "estimated": false}}, {"type": "Feature", "geometry": {"type": "Point", "coordinates": [14.275, 57.79196]}, "properties": {"id": "sea681f2f3ef69", "country": "SE", "name": "Vistakulle Backyard & Lilla Vistakulle Backyard", "date": "2026-10-17T00:00:00Z", "town": "Huskvarna", "area": null, "distanceSummary": "6.706, 3.5 km", "distances_km": [3.5, 6.706], "categories": ["trail"], "url": "https://lopplistan.se/lopp/vistakulle-backyard-lilla-vistakulle-backyard/", "description": "", "estimated": false}}, {"type": "Feature", "geometry": {"type": "Point", "coordinates": [18.21284, 59.31277]}, "properties": {"id": "seb02f2e8a376b", "country": "SE", "name": "Hellasloppet", "date": "2026-10-17T00:00:00Z", "town": "Nacka", "area": null, "distanceSummary": "10.0, 5.0, 2.8, 1.4, 0.4 km", "distances_km": [0.4, 1.4, 2.8, 5.0, 10.0], "categories": ["road"], "url": "https://lopplistan.se/lopp/hellasloppet/", "description": "", "estimated": false}}, {"type": "Feature", "geometry": {"type": "Point", "coordinates": [15.62774, 58.41338]}, "properties": {"id": "se80861acb2584", "country": "SE", "name": "XC-Race", "date": "2026-10-17T00:00:00Z", "town": "Linköping", "area": null, "distanceSummary": "10.0, 5.0 km", "distances_km": [5.0, 10.0], "categories": ["trail"], "url": "https://lopplistan.se/lopp/xc-race/", "description": "", "estimated": false}}, {"type": "Feature", "geometry": {"type": "Point", "coordinates": [18.0647, 59.46888]}, "properties": {"id": "se4f32060f1e81", "country": "SE", "name": "Täby Halvmarathon", "date": "2026-10-18T00:00:00Z", "town": "Täby", "area": null, "distanceSummary": "21.1, 1.2 km", "distances_km": [1.2, 21.1], "categories": ["road"], "url": "https://lopplistan.se/lopp/taby-halvmarathon/", "description": "", "estimated": false}}, {"type": "Feature", "geometry": {"type": "Point", "coordinates": [18.26401, 59.04201]}, "properties": {"id": "se7a2175e59eab", "country": "SE", "name": "Haninge Trail", "date": "2026-10-18T00:00:00Z", "town": "Rudans friluftsgård, Haninge", "area": null, "distanceSummary": "16.7, 10.0, 5.0 km", "distances_km": [5.0, 10.0, 16.7], "categories": ["trail"], "url": "https://lopplistan.se/lopp/haninge-trail/", "description": "", "estimated": false}}, {"type": "Feature", "geometry": {"type": "Point", "coordinates": [15.79493, 58.43711]}, "properties": {"id": "seabaa45faf69d", "country": "SE", "name": "Linghem Dark Halfyard (Ultra) Trail", "date": "2026-10-24T00:00:00Z", "town": "Linghem", "area": null, "distanceSummary": "3.5-45.5", "distances_km": [3.5, 45.5], "categories": ["trail"], "url": "https://lopplistan.se/lopp/linghem-dark-halfyard-ultra-trail/", "description": "", "estimated": false}}, {"type": "Feature", "geometry": {"type": "Point", "coordinates": [15.28625, 56.21316]}, "properties": {"id": "sedb6a510f5d1f", "country": "SE", "name": "Halloween Night Trail", "date": "2026-10-24T00:00:00Z", "town": "Ronneby", "area": null, "distanceSummary": "10.0, 5.0, 2.0 km", "distances_km": [2.0, 5.0, 10.0], "categories": ["trail"], "url": "https://lopplistan.se/lopp/halloween-night-trail/", "description": "", "estimated": false}}, {"type": "Feature", "geometry": {"type": "Point", "coordinates": [16.33908, 57.70185]}, "properties": {"id": "seebd829292406", "country": "SE", "name": "Rävrännet", "date": "2026-10-24T00:00:00Z", "town": "Ankarsrum", "area": null, "distanceSummary": "8.0, 5.0, 1.5 km", "distances_km": [1.5, 5.0, 8.0], "categories": ["road"], "url": "https://lopplistan.se/lopp/ravrannet/", "description": "", "estimated": false}}, {"type": "Feature", "geometry": {"type": "Point", "coordinates": [13.32467, 59.49761]}, "properties": {"id": "se32fb303bdddf", "country": "SE", "name": "Kilterrängen", "date": "2026-10-25T00:00:00Z", "town": "Kil", "area": null, "distanceSummary": "16.0, 6.0 km", "distances_km": [6.0, 16.0], "categories": ["trail"], "url": "https://lopplistan.se/lopp/kilterrangen/", "description": "", "estimated": false}}, {"type": "Feature", "geometry": {"type": "Point", "coordinates": [16.44018, 57.25966]}, "properties": {"id": "sec516cfff7052", "country": "SE", "name": "Oskarshamn Backyard 6h", "date": "2026-10-25T00:00:00Z", "town": "Oskarshamn", "area": null, "distanceSummary": "42.2 km", "distances_km": [42.2], "categories": ["trail"], "url": "https://lopplistan.se/lopp/oskarshamn-backyard-6h/", "description": "", "estimated": false}}, {"type": "Feature", "geometry": {"type": "Point", "coordinates": [12.48601, 56.91142]}, "properties": {"id": "sea05732dbe70d", "country": "SE", "name": "Halloweenloppet", "date": "2026-10-30T00:00:00Z", "town": "Falkenberg", "area": null, "distanceSummary": "10.0, 5.0 km", "distances_km": [5.0, 10.0], "categories": ["trail"], "url": "https://lopplistan.se/lopp/halloweenloppet/", "description": "", "estimated": false}}, {"type": "Feature", "geometry": {"type": "Point", "coordinates": [11.97061, 57.70627]}, "properties": {"id": "se99c5d069c9e6", "country": "SE", "name": "Finalloppet", "date": "2026-10-31T00:00:00Z", "town": "Göteborg", "area": null, "distanceSummary": "19.0, 10.0, 5.3, 2.3, 1.8 km", "distances_km": [1.8, 2.3, 5.3, 10.0, 19.0], "categories": ["trail"], "url": "https://lopplistan.se/lopp/finalloppet/", "description": "", "estimated": false}}, {"type": "Feature", "geometry": {"type": "Point", "coordinates": [14.81248, 56.87219]}, "properties": {"id": "se9151730968bc", "country": "SE", "name": "Växjö Marathon", "date": "2026-10-15T00:00:00Z", "town": "Växjö", "area": null, "distanceSummary": "Stafett, 42.2 km", "distances_km": [42.2], "categories": ["road"], "url": "https://lopplistan.se/lopp/vaxjo-marathon/", "description": "", "estimated": true}}, {"type": "Feature", "geometry": {"type": "Point", "coordinates": [16.18978, 58.59074]}, "properties": {"id": "sed6b48757acd2", "country": "SE", "name": "Höstmilen", "date": "2026-10-15T00:00:00Z", "town": "Norrköping", "area": null, "distanceSummary": "10.6, 5.2, 2.0, 1.4 km", "distances_km": [1.4, 2.0, 5.2, 10.6], "categories": ["trail"], "url": "https://lopplistan.se/lopp/hostmilen/", "description": "", "estimated": true}}, {"type": "Feature", "geometry": {"type": "Point", "coordinates": [13.18983, 55.7009]}, "properties": {"id": "sec0301e7e1176", "country": "SE", "name": "Skrylle Challenge", "date": "2026-10-15T00:00:00Z", "town": "Lund", "area": null, "distanceSummary": "26.0, 13.0, 0.6 km", "distances_km": [0.6, 13.0, 26.0], "categories": ["trail"], "url": "https://lopplistan.se/lopp/skrylle-challenge/", "description": "", "estimated": true}}, {"type": "Feature", "geometry": {"type": "Point", "coordinates": [15.22422, 59.28237]}, "properties": {"id": "se0df2eeb8df33", "country": "SE", "name": "Skräcklöparloppet Run For Your Lives", "date": "2026-10-15T00:00:00Z", "town": "Örebro", "area": null, "distanceSummary": "6.0, 3.5 km", "distances_km": [3.5, 6.0], "categories": ["road"], "url": "https://lopplistan.se/lopp/skrackloparloppet-run-for-your-lives-1/", "description": "", "estimated": true}}, {"type": "Feature", "geometry": {"type": "Point", "coordinates": [12.99816, 55.59951]}, "properties": {"id": "sea02101029b5f", "country": "SE", "name": "Yddingeloppet", "date": "2026-10-15T00:00:00Z", "town": "Malmö", "area": null, "distanceSummary": "12.0, 6.0 km", "distances_km": [6.0, 12.0], "categories": ["road"], "url": "https://lopplistan.se/lopp/yddingeloppet/", "description": "", "estimated": true}}, {"type": "Feature", "geometry": {"type": "Point", "coordinates": [16.36223, 58.67044]}, "properties": {"id": "se4b1582d993a6", "country": "SE", "name": "KolmårdsRundan Höst Trail", "date": "2026-10-15T00:00:00Z", "town": "Kolmården", "area": null, "distanceSummary": "15.0, 10.0, 6.0 km", "distances_km": [6.0, 10.0, 15.0], "categories": ["trail"], "url": "https://lopplistan.se/lopp/kolmardsrundan-host-trail/", "description": "", "estimated": true}}, {"type": "Feature", "geometry": {"type": "Point", "coordinates": [12.94082, 57.71989]}, "properties": {"id": "sed7c879891ba9", "country": "SE", "name": "Borås Night Trail", "date": "2026-10-15T00:00:00Z", "town": "Borås", "area": null, "distanceSummary": "12.0, 8.0, 4.0 km", "distances_km": [4.0, 8.0, 12.0], "categories": ["trail"], "url": "https://lopplistan.se/lopp/boras-night-trail/", "description": "", "estimated": true}}, {"type": "Feature", "geometry": {"type": "Point", "coordinates": [14.16039, 56.03665]}, "properties": {"id": "se0aa603bc3984", "country": "SE", "name": "Åhus TrailRun", "date": "2026-10-15T00:00:00Z", "town": "Kristianstad", "area": null, "distanceSummary": "17.0, 11.0, 6.0, 2.5 km", "distances_km": [2.5, 6.0, 11.0, 17.0], "categories": ["trail"], "url": "https://lopplistan.se/lopp/ahus-trailrun-1/", "description": "", "estimated": true}}, {"type": "Feature", "geometry": {"type": "Point", "coordinates": [17.74983, 59.19167]}, "properties": {"id": "se3dca8756fc51", "country": "SE", "name": "Rönninge Backyard Run", "date": "2026-10-15T00:00:00Z", "town": "Rönninge", "area": null, "distanceSummary": "Backyard ultra", "distances_km": [], "categories": ["road"], "url": "https://lopplistan.se/lopp/ronninge-backyard-run/", "description": "", "estimated": true}}, {"type": "Feature", "geometry": {"type": "Point", "coordinates": [17.62529, 59.20706]}, "properties": {"id": "se8e3af39e4a35", "country": "SE", "name": "Täljemilen", "date": "2026-10-15T00:00:00Z", "town": "Södertälje", "area": null, "distanceSummary": "10.0 km", "distances_km": [10.0], "categories": ["road"], "url": "https://lopplistan.se/lopp/taljemilen/", "description": "", "estimated": true}}, {"type": "Feature", "geometry": {"type": "Point", "coordinates": [16.3649, 58.68238]}, "properties": {"id": "se090e5b3f5909", "country": "SE", "name": "Kolmården Night Trail Run", "date": "2026-10-15T00:00:00Z", "town": "Kolmården", "area": null, "distanceSummary": "9.0 km", "distances_km": [9.0], "categories": ["trail"], "url": "https://lopplistan.se/lopp/kolmarden-night-trail-run/", "description": "", "estimated": true}}, {"type": "Feature", "geometry": {"type": "Point", "coordinates": [12.94088, 57.72075]}, "properties": {"id": "seee10a785bd45", "country": "SE", "name": "Rya Åsar Trail Run", "date": "2026-10-15T00:00:00Z", "town": "Borås", "area": null, "distanceSummary": "12.0, 5.0, 1.8, 0.8 km", "distances_km": [0.8, 1.8, 5.0, 12.0], "categories": ["trail"], "url": "https://lopplistan.se/lopp/rya-asar-trail-run/", "description": "", "estimated": true}}, {"type": "Feature", "geometry": {"type": "Point", "coordinates": [17.63764, 59.85814]}, "properties": {"id": "see2fc67fe4ac5", "country": "SE", "name": "Ultunamilen", "date": "2026-10-15T00:00:00Z", "town": "Uppsala", "area": null, "distanceSummary": "10.0 km", "distances_km": [10.0], "categories": ["road"], "url": "https://lopplistan.se/lopp/ultunamilen/", "description": "", "estimated": true}}, {"type": "Feature", "geometry": {"type": "Point", "coordinates": [12.85775, 56.67588]}, "properties": {"id": "seff2ed1368916", "country": "SE", "name": "Halmstad Halvmaraton & Halmstadmilen", "date": "2026-10-15T00:00:00Z", "town": "Halmstad", "area": null, "distanceSummary": "21.0, 10.0 km", "distances_km": [10.0, 21.0], "categories": ["road"], "url": "https://lopplistan.se/lopp/halmstad-halvmaraton-halmstadmilen/", "description": "", "estimated": true}}, {"type": "Feature", "geometry": {"type": "Point", "coordinates": [18.00511, 59.27907]}, "properties": {"id": "seac4bb590a9d7", "country": "SE", "name": "Älvsjöloppet Night Trail", "date": "2026-10-15T00:00:00Z", "town": "Älvsjö", "area": null, "distanceSummary": "5.0 km", "distances_km": [5.0], "categories": ["trail"], "url": "https://lopplistan.se/lopp/alvsjoloppet-night-trail/", "description": "", "estimated": true}}, {"type": "Feature", "geometry": {"type": "Point", "coordinates": [18.06593, 59.32621]}, "properties": {"id": "sefd1f485bd483", "country": "SE", "name": "Stockholms Brantaste", "date": "2026-10-15T00:00:00Z", "town": "Stockholm", "area": null, "distanceSummary": "3.3 km", "distances_km": [3.3], "categories": ["road"], "url": "https://lopplistan.se/lopp/stockholms-brantaste-stockholm/", "description": "", "estimated": true}}, {"type": "Feature", "geometry": {"type": "Point", "coordinates": [16.20027, 58.59178]}, "properties": {"id": "seb27f63611803", "country": "SE", "name": "Yxbacken Extreme Challenge", "date": "2026-10-15T00:00:00Z", "town": "Norrköping", "area": null, "distanceSummary": "7.5 km", "distances_km": [7.5], "categories": ["road"], "url": "https://lopplistan.se/lopp/yxbacken-extreme-challenge/", "description": "", "estimated": true}}, {"type": "Feature", "geometry": {"type": "Point", "coordinates": [18.07834, 59.33407]}, "properties": {"id": "seed63011703b7", "country": "SE", "name": "Sörmland Ultra", "date": "2026-10-15T00:00:00Z", "town": "Stockholm", "area": null, "distanceSummary": "50.0 km", "distances_km": [50.0], "categories": ["trail"], "url": "https://lopplistan.se/lopp/sormland-ultra/", "description": "", "estimated": true}}, {"type": "Feature", "geometry": {"type": "Point", "coordinates": [13.63219, 55.85259]}, "properties": {"id": "sef2e0e006fc1b", "country": "SE", "name": "Kullamannen 100 km & 100 miles", "date": "2026-10-15T00:00:00Z", "town": "Skåne", "area": null, "distanceSummary": "161.0, 100.0 km", "distances_km": [100.0, 161.0], "categories": ["trail"], "url": "https://lopplistan.se/lopp/kullamannen-100-km-100-miles/", "description": "", "estimated": true}}, {"type": "Feature", "geometry": {"type": "Point", "coordinates": [14.28087, 57.7892]}, "properties": {"id": "sec0214e5d8164", "country": "SE", "name": "John Bauer Trail Run", "date": "2026-10-15T00:00:00Z", "town": "Huskvarna", "area": null, "distanceSummary": "18.0, 10.0, 5.0, 4.0, 2.0, 0.4 km", "distances_km": [0.4, 2.0, 4.0, 5.0, 10.0, 18.0], "categories": ["trail"], "url": "https://lopplistan.se/lopp/john-bauer-trail-run/", "description": "", "estimated": true}}, {"type": "Feature", "geometry": {"type": "Point", "coordinates": [16.5461, 59.61227]}, "properties": {"id": "sed67e00d24ed0", "country": "SE", "name": "Fire Night Run", "date": "2026-10-15T00:00:00Z", "town": "Västerås", "area": null, "distanceSummary": "10.0, 5.0, 2.0 km", "distances_km": [2.0, 5.0, 10.0], "categories": ["road"], "url": "https://lopplistan.se/lopp/fire-night-run/", "description": "", "estimated": true}}, {"type": "Feature", "geometry": {"type": "Point", "coordinates": [14.03995, 57.18455]}, "properties": {"id": "se4bd6ba2e0292", "country": "SE", "name": "Borgen Outdoor Run", "date": "2026-10-15T00:00:00Z", "town": "Värnamo", "area": null, "distanceSummary": "9.5 km", "distances_km": [9.5], "categories": ["trail"], "url": "https://lopplistan.se/lopp/borgen-outdoor-run/", "description": "", "estimated": true}}, {"type": "Feature", "geometry": {"type": "Point", "coordinates": [18.27916, 62.94755]}, "properties": {"id": "se0bb146eabb5b", "country": "SE", "name": "Härnö Trail", "date": "2026-10-15T00:00:00Z", "town": "Höga Kusten", "area": null, "distanceSummary": "21.0, 14.0, 7.0 km", "distances_km": [7.0, 14.0, 21.0], "categories": ["trail"], "url": "https://lopplistan.se/lopp/harno-trail/", "description": "", "estimated": true}}, {"type": "Feature", "geometry": {"type": "Point", "coordinates": [12.21707, 59.02899]}, "properties": {"id": "sec5e6b8fdaaa3", "country": "SE", "name": "Dalsland X-Trail", "date": "2026-10-15T00:00:00Z", "town": "Bengtsfors", "area": null, "distanceSummary": "22.0, 13.0, 9.0 km", "distances_km": [9.0, 13.0, 22.0], "categories": ["trail"], "url": "https://lopplistan.se/lopp/dalsland-x-trail/", "description": "", "estimated": true}}, {"type": "Feature", "geometry": {"type": "Point", "coordinates": [14.74824, 57.82219]}, "properties": {"id": "seff5cf314df7b", "country": "SE", "name": "Stalpet Trail Run", "date": "2026-10-15T00:00:00Z", "town": "Aneby", "area": null, "distanceSummary": "21.0, 10.0 km", "distances_km": [10.0, 21.0], "categories": ["trail"], "url": "https://lopplistan.se/lopp/stalpet-trail-run/", "description": "", "estimated": true}}, {"type": "Feature", "geometry": {"type": "Point", "coordinates": [13.36841, 55.69001]}, "properties": {"id": "se9e7e82faed56", "country": "SE", "name": "SpriT Frontyard Måryd", "date": "2026-10-15T00:00:00Z", "town": "Måryd", "area": null, "distanceSummary": "Frontyard", "distances_km": [], "categories": ["trail"], "url": "https://lopplistan.se/lopp/sprit-frontyard-maryd/", "description": "", "estimated": true}}, {"type": "Feature", "geometry": {"type": "Point", "coordinates": [18.07218, 59.32156]}, "properties": {"id": "sea1ad80565c64", "country": "SE", "name": "Stadium Night Run", "date": "2026-10-15T00:00:00Z", "town": "Stockholm", "area": null, "distanceSummary": "5.0 km", "distances_km": [5.0], "categories": ["road"], "url": "https://lopplistan.se/lopp/stadium-night-run/", "description": "", "estimated": true}}, {"type": "Feature", "geometry": {"type": "Point", "coordinates": [12.50702, 56.30017]}, "properties": {"id": "se02151c9a8b08", "country": "SE", "name": "Kullahalvön Trailrun", "date": "2026-10-15T00:00:00Z", "town": "Kullaberg", "area": null, "distanceSummary": "20.0 km", "distances_km": [20.0], "categories": ["trail"], "url": "https://lopplistan.se/lopp/kullahalvon-trailrun/", "description": "", "estimated": true}}, {"type": "Feature", "geometry": {"type": "Point", "coordinates": [18.07064, 59.32568]}, "properties": {"id": "seef8bb8bb537e", "country": "SE", "name": "Stockholm Cross Country", "date": "2026-10-15T00:00:00Z", "town": "Stockholm", "area": null, "distanceSummary": "5.0 km", "distances_km": [5.0], "categories": ["road"], "url": "https://lopplistan.se/lopp/stockholm-cross-country/", "description": "", "estimated": true}}, {"type": "Feature", "geometry": {"type": "Point", "coordinates": [20.26377, 63.82323]}, "properties": {"id": "se91fe6ccdb0db", "country": "SE", "name": "Umemaran", "date": "2026-10-15T00:00:00Z", "town": "Umeå", "area": null, "distanceSummary": "42.2, 21.1 km", "distances_km": [21.1, 42.2], "categories": ["road"], "url": "https://lopplistan.se/lopp/umemaran/", "description": "", "estimated": true}}, {"type": "Feature", "geometry": {"type": "Point", "coordinates": [18.08106, 59.31865]}, "properties": {"id": "se0f995397c5bc", "country": "SE", "name": "Tjurruset", "date": "2026-10-15T00:00:00Z", "town": "Stockholm", "area": null, "distanceSummary": "10.0, 5.0 km", "distances_km": [5.0, 10.0], "categories": ["trail"], "url": "https://lopplistan.se/lopp/tjurruset/", "description": "", "estimated": true}}, {"type": "Feature", "geometry": {"type": "Point", "coordinates": [18.06474, 59.3249]}, "properties": {"id": "sedd405d05e026", "country": "SE", "name": "Kalvruset", "date": "2026-10-15T00:00:00Z", "town": "Stockholm", "area": null, "distanceSummary": "3.0, 0.5 km", "distances_km": [0.5, 3.0], "categories": ["trail"], "url": "https://lopplistan.se/lopp/kalvruset/", "description": "", "estimated": true}}, {"type": "Feature", "geometry": {"type": "Point", "coordinates": [18.07081, 59.32565]}, "properties": {"id": "see339c6433bd4", "country": "SE", "name": "Ultimate Trail", "date": "2026-10-15T00:00:00Z", "town": "Stockholm", "area": null, "distanceSummary": "30.0, 20.0, 10.0 km", "distances_km": [10.0, 20.0, 30.0], "categories": ["trail"], "url": "https://lopplistan.se/lopp/ultimate-trail/", "description": "", "estimated": true}}, {"type": "Feature", "geometry": {"type": "Point", "coordinates": [17.9447, 58.90577]}, "properties": {"id": "sed912d5a7041f", "country": "SE", "name": "TRAIL Nynäshamn", "date": "2026-10-15T00:00:00Z", "town": "Nynäshamn", "area": null, "distanceSummary": "21.0, 10.0, 5.0 km", "distances_km": [5.0, 10.0, 21.0], "categories": ["trail"], "url": "https://lopplistan.se/lopp/trail-nynashamn/", "description": "", "estimated": true}}, {"type": "Feature", "geometry": {"type": "Point", "coordinates": [13.51358, 59.37939]}, "properties": {"id": "sec7bcc8b93fde", "country": "SE", "name": "Hjärnresan", "date": "2026-10-15T00:00:00Z", "town": "Karlstad", "area": null, "distanceSummary": "7.5 km", "distances_km": [7.5], "categories": ["road"], "url": "https://lopplistan.se/lopp/hjarnresan/", "description": "", "estimated": true}}, {"type": "Feature", "geometry": {"type": "Point", "coordinates": [13.85114, 58.39349]}, "properties": {"id": "sec24b7dcb686e", "country": "SE", "name": "Vintermarathon Skövde", "date": "2026-10-15T00:00:00Z", "town": "Skövde", "area": null, "distanceSummary": "42.2 km", "distances_km": [42.2], "categories": ["road"], "url": "https://lopplistan.se/lopp/vintermarathon-skovde/", "description": "", "estimated": true}}, {"type": "Feature", "geometry": {"type": "Point", "coordinates": [16.32204, 60.21825]}, "properties": {"id": "seceaa8b12064d", "country": "SE", "name": "Avesta Night Sky Run & Backyard", "date": "2026-10-15T00:00:00Z", "town": "Avesta", "area": null, "distanceSummary": "Backyard ultra, 10.0, 3.3 km", "distances_km": [3.3, 10.0], "categories": ["trail"], "url": "https://lopplistan.se/lopp/avesta-night-sky-run-backyard/", "description": "", "estimated": true}}, {"type": "Feature", "geometry": {"type": "Point", "coordinates": [18.71384, 63.28125]}, "properties": {"id": "sead7880045a41", "country": "SE", "name": "TailÖvik Night Edition", "date": "2026-10-15T00:00:00Z", "town": "Örnsköldsvik", "area": null, "distanceSummary": "12.0, 6.0 km", "distances_km": [6.0, 12.0], "categories": ["trail"], "url": "https://lopplistan.se/lopp/tailovik-night-edition/", "description": "", "estimated": true}}, {"type": "Feature", "geometry": {"type": "Point", "coordinates": [13.37099, 56.31499]}, "properties": {"id": "se360d31bee47e", "country": "SE", "name": "Åshöjdenloppet", "date": "2026-10-15T00:00:00Z", "town": "Åsljunga", "area": null, "distanceSummary": "11.0, 5.0, 0.9, 0.5 km", "distances_km": [0.5, 0.9, 5.0, 11.0], "categories": ["trail"], "url": "https://lopplistan.se/lopp/ashojdenloppet/", "description": "", "estimated": true}}, {"type": "Feature", "geometry": {"type": "Point", "coordinates": [16.36307, 56.65369]}, "properties": {"id": "se1870b7892547", "country": "SE", "name": "Skräckloppet", "date": "2026-10-15T00:00:00Z", "town": "Kalmar", "area": null, "distanceSummary": "6.0, 2.0 km", "distances_km": [2.0, 6.0], "categories": ["road"], "url": "https://lopplistan.se/lopp/skrackloppet/", "description": "", "estimated": true}}, {"type": "Feature", "geometry": {"type": "Point", "coordinates": [17.01427, 58.74631]}, "properties": {"id": "se569ba75095d7", "country": "SE", "name": "Tunrundan", "date": "2026-10-15T00:00:00Z", "town": "Nyköping", "area": null, "distanceSummary": "5.0, 3.0 km", "distances_km": [3.0, 5.0], "categories": ["road"], "url": "https://lopplistan.se/lopp/tunrundan/", "description": "", "estimated": true}}, {"type": "Feature", "geometry": {"type": "Point", "coordinates": [14.9973, 58.16377]}, "properties": {"id": "seaf42f23e49db", "country": "SE", "name": "Sjögarpslunken", "date": "2026-10-15T00:00:00Z", "town": "Boxholm", "area": null, "distanceSummary": "14.0, 7.5, 5.0, 3.0, 1.5 km", "distances_km": [1.5, 3.0, 5.0, 7.5, 14.0], "categories": ["trail"], "url": "https://lopplistan.se/lopp/sjogarpslunken/", "description": "", "estimated": true}}, {"type": "Feature", "geometry": {"type": "Point", "coordinates": [15.28726, 60.7106]}, "properties": {"id": "se8a9ae178996a", "country": "SE", "name": "Hackmora Bergslopp", "date": "2026-10-15T00:00:00Z", "town": "Sågmyra", "area": null, "distanceSummary": "2.9 km", "distances_km": [2.9], "categories": ["trail"], "url": "https://lopplistan.se/lopp/hackmora-bergslopp/", "description": "", "estimated": true}}, {"type": "Feature", "geometry": {"type": "Point", "coordinates": [15.58212, 56.15894]}, "properties": {"id": "se40eadc68a305", "country": "SE", "name": "Jämjöhalvan", "date": "2026-11-07T00:00:00Z", "town": "Karlskrona", "area": null, "distanceSummary": "21.0, 10.0, 5.0 km", "distances_km": [5.0, 10.0, 21.0], "categories": ["road"], "url": "https://lopplistan.se/lopp/jamjohalvan/", "description": "", "estimated": false}}, {"type": "Feature", "geometry": {"type": "Point", "coordinates": [18.07394, 59.33026]}, "properties": {"id": "se83af0af7aae7", "country": "SE", "name": "Höstrusket", "date": "2026-11-07T00:00:00Z", "town": "Stockholm", "area": null, "distanceSummary": "42.2, 21.1, 10.0 km", "distances_km": [10.0, 21.1, 42.2], "categories": ["road"], "url": "https://lopplistan.se/lopp/hostrusket/", "description": "", "estimated": false}}, {"type": "Feature", "geometry": {"type": "Point", "coordinates": [12.95161, 56.12687]}, "properties": {"id": "se4a6ce83a37d4", "country": "SE", "name": "Skanneloppet", "date": "2026-11-07T00:00:00Z", "town": "Åstorp", "area": null, "distanceSummary": "17.3, 7.6, 3.9 km", "distances_km": [3.9, 7.6, 17.3], "categories": ["road"], "url": "https://lopplistan.se/lopp/skanneloppet/", "description": "", "estimated": false}}, {"type": "Feature", "geometry": {"type": "Point", "coordinates": [12.35417, 58.70815]}, "properties": {"id": "se553fd33bc91b", "country": "SE", "name": "Kroppefjäll trailrun", "date": "2026-11-07T00:00:00Z", "town": "Dals Rostock", "area": null, "distanceSummary": "42.0, 21.0, 10.5 km", "distances_km": [10.5, 21.0, 42.0], "categories": ["trail"], "url": "https://lopplistan.se/lopp/kroppefjall-trailrun/", "description": "", "estimated": false}}, {"type": "Feature", "geometry": {"type": "Point", "coordinates": [17.02907, 59.38055]}, "properties": {"id": "se4dfb26a95a8a", "country": "SE", "name": "Strängnäs Halvmaraton", "date": "2026-11-15T00:00:00Z", "town": "Strängnäs", "area": null, "distanceSummary": "21.1 km", "distances_km": [21.1], "categories": ["road"], "url": "https://lopplistan.se/lopp/strangnas-halvmaraton/", "description": "", "estimated": true}}, {"type": "Feature", "geometry": {"type": "Point", "coordinates": [17.93842, 59.42891]}, "properties": {"id": "se0464ffc00516", "country": "SE", "name": "Sollentunaloppet", "date": "2026-11-15T00:00:00Z", "town": "Sollentuna", "area": null, "distanceSummary": "5.0, 2.5, 0.5 km", "distances_km": [0.5, 2.5, 5.0], "categories": ["road"], "url": "https://lopplistan.se/lopp/sollentunaloppet/", "description": "", "estimated": true}}, {"type": "Feature", "geometry": {"type": "Point", "coordinates": [17.14344, 60.66497]}, "properties": {"id": "se652dcb7fd9d7", "country": "SE", "name": "Gävle Adventslopp", "date": "2026-11-15T00:00:00Z", "town": "Gävle", "area": null, "distanceSummary": "10.0, 5.0 km", "distances_km": [5.0, 10.0], "categories": ["road"], "url": "https://lopplistan.se/lopp/gavle-adventslopp/", "description": "", "estimated": true}}, {"type": "Feature", "geometry": {"type": "Point", "coordinates": [15.27041, 57.82791]}, "properties": {"id": "se23bc2db2ee91", "country": "SE", "name": "Jätten Bule-löpet", "date": "2026-11-15T00:00:00Z", "town": "Österbymo", "area": null, "distanceSummary": "10.0, 5.0, 2.4 km", "distances_km": [2.4, 5.0, 10.0], "categories": ["road"], "url": "https://lopplistan.se/lopp/jatten-bule-lopet/", "description": "", "estimated": true}}, {"type": "Feature", "geometry": {"type": "Point", "coordinates": [15.21795, 59.27766]}, "properties": {"id": "sed3d7145c6581", "country": "SE", "name": "Kilsbergsleden", "date": "2026-11-15T00:00:00Z", "town": "Örebro", "area": null, "distanceSummary": "14.7, 10.0, 5.0 km", "distances_km": [5.0, 10.0, 14.7], "categories": ["trail"], "url": "https://lopplistan.se/lopp/kilsbergsleden/", "description": "", "estimated": true}}, {"type": "Feature", "geometry": {"type": "Point", "coordinates": [15.21697, 59.28525]}, "properties": {"id": "se33f509b5a93a", "country": "SE", "name": "Adventsjoggen", "date": "2026-11-15T00:00:00Z", "town": "Örebro", "area": null, "distanceSummary": "7.5, 0.6 km", "distances_km": [0.6, 7.5], "categories": ["road"], "url": "https://lopplistan.se/lopp/adventsjoggen/", "description": "", "estimated": true}}, {"type": "Feature", "geometry": {"type": "Point", "coordinates": [12.02029, 57.6631]}, "properties": {"id": "se1c628ec46637", "country": "SE", "name": "Rambo Mosse Night Trail", "date": "2026-11-15T00:00:00Z", "town": "Mölndal", "area": null, "distanceSummary": "11.0 km", "distances_km": [11.0], "categories": ["trail"], "url": "https://lopplistan.se/lopp/rambo-mosse-night-trail/", "description": "", "estimated": true}}, {"type": "Feature", "geometry": {"type": "Point", "coordinates": [12.22098, 57.98118]}, "properties": {"id": "se5c172fc007c6", "country": "SE", "name": "Alehofs Ultra", "date": "2026-11-15T00:00:00Z", "town": "Skepplanda", "area": null, "distanceSummary": "30.0, 15.0 km", "distances_km": [15.0, 30.0], "categories": ["trail"], "url": "https://lopplistan.se/lopp/alehofs-ultra/", "description": "", "estimated": true}}, {"type": "Feature", "geometry": {"type": "Point", "coordinates": [13.62737, 55.8382]}, "properties": {"id": "seefda16e511aa", "country": "SE", "name": "Kullamannen 50 & 20 km", "date": "2026-11-15T00:00:00Z", "town": "Skåne", "area": null, "distanceSummary": "50.0, 20.0 km", "distances_km": [20.0, 50.0], "categories": ["trail"], "url": "https://lopplistan.se/lopp/kullamannen-50-20-km/", "description": "", "estimated": true}}, {"type": "Feature", "geometry": {"type": "Point", "coordinates": [18.06367, 59.3246]}, "properties": {"id": "se6a305f49ab66", "country": "SE", "name": "Hammarby Alpin Marathon", "date": "2026-11-15T00:00:00Z", "town": "Stockholm", "area": null, "distanceSummary": "42.2 km", "distances_km": [42.2], "categories": ["trail"], "url": "https://lopplistan.se/lopp/hammarby-alpin-marathon/", "description": "", "estimated": true}}, {"type": "Feature", "geometry": {"type": "Point", "coordinates": [11.97684, 57.70775]}, "properties": {"id": "seeb4637a3b371", "country": "SE", "name": "Skatås mörkaste", "date": "2026-11-15T00:00:00Z", "town": "Göteborg", "area": null, "distanceSummary": "12.0, 7.0 km", "distances_km": [7.0, 12.0], "categories": ["trail"], "url": "https://lopplistan.se/lopp/skatas-morkaste/", "description": "", "estimated": true}}, {"type": "Feature", "geometry": {"type": "Point", "coordinates": [12.93326, 57.7249]}, "properties": {"id": "se0d4f7f84b05a", "country": "SE", "name": "Borås 6-timmars", "date": "2026-11-15T00:00:00Z", "town": "Borås", "area": null, "distanceSummary": "6-timmar", "distances_km": [6.0], "categories": ["road"], "url": "https://lopplistan.se/lopp/boras-6-timmars/", "description": "", "estimated": true}}, {"type": "Feature", "geometry": {"type": "Point", "coordinates": [16.63963, 57.75833]}, "properties": {"id": "se0bb22c8147c3", "country": "SE", "name": "Gränsö Trailrun", "date": "2026-11-15T00:00:00Z", "town": "Västervik", "area": null, "distanceSummary": "15.0, 8.0 km", "distances_km": [8.0, 15.0], "categories": ["trail"], "url": "https://lopplistan.se/lopp/granso-trailrun/", "description": "", "estimated": true}}, {"type": "Feature", "geometry": {"type": "Point", "coordinates": [13.00144, 55.60497]}, "properties": {"id": "se786f93920099", "country": "SE", "name": "Malmö Höstmil", "date": "2026-11-15T00:00:00Z", "town": "Malmö", "area": null, "distanceSummary": "10.0, 5.0 km", "distances_km": [5.0, 10.0], "categories": ["road"], "url": "https://lopplistan.se/lopp/malmo-hostmil-malmo/", "description": "", "estimated": true}}, {"type": "Feature", "geometry": {"type": "Point", "coordinates": [11.96556, 57.70639]}, "properties": {"id": "se721c32aa86cf", "country": "SE", "name": "Mustaschmilen", "date": "2026-11-15T00:00:00Z", "town": "Göteborg", "area": null, "distanceSummary": "10.0, 5.0, 1.0 km", "distances_km": [1.0, 5.0, 10.0], "categories": ["road"], "url": "https://lopplistan.se/lopp/mustaschmilen-2/", "description": "", "estimated": true}}, {"type": "Feature", "geometry": {"type": "Point", "coordinates": [14.14575, 56.03091]}, "properties": {"id": "sebcf2fa12f188", "country": "SE", "name": "Kristianstad Trail", "date": "2026-11-15T00:00:00Z", "town": "Kristianstad", "area": null, "distanceSummary": "25.0, 12.0, 5.0 km", "distances_km": [5.0, 12.0, 25.0], "categories": ["trail"], "url": "https://lopplistan.se/lopp/kristianstad-trail/", "description": "", "estimated": true}}, {"type": "Feature", "geometry": {"type": "Point", "coordinates": [15.73473, 59.48838]}, "properties": {"id": "sede6dc2edf983", "country": "SE", "name": "Team Fillinge Ultras Terrängtävling", "date": "2026-11-15T00:00:00Z", "town": "Fillinge", "area": null, "distanceSummary": "10.0 km", "distances_km": [10.0], "categories": ["trail"], "url": "https://lopplistan.se/lopp/team-fillinge-ultras-terrangtavling/", "description": "", "estimated": true}}, {"type": "Feature", "geometry": {"type": "Point", "coordinates": [13.50387, 59.37392]}, "properties": {"id": "seeeb7abd1af9f", "country": "SE", "name": "Energiruset", "date": "2026-11-15T00:00:00Z", "town": "Karlstad", "area": null, "distanceSummary": "5.0, 2.0 km", "distances_km": [2.0, 5.0], "categories": ["road"], "url": "https://lopplistan.se/lopp/energiruset/", "description": "", "estimated": true}}, {"type": "Feature", "geometry": {"type": "Point", "coordinates": [11.96824, 57.70436]}, "properties": {"id": "se77c3185c6188", "country": "SE", "name": "Black Friday Trailrun", "date": "2026-11-15T00:00:00Z", "town": "Göteborg", "area": null, "distanceSummary": "9.0, 2.5 km", "distances_km": [2.5, 9.0], "categories": ["trail"], "url": "https://lopplistan.se/lopp/black-friday-trailrun/", "description": "", "estimated": true}}, {"type": "Feature", "geometry": {"type": "Point", "coordinates": [11.66813, 58.20381]}, "properties": {"id": "se234ba203b7fe", "country": "SE", "name": "Orust Night Trail", "date": "2026-11-15T00:00:00Z", "town": "Orust", "area": null, "distanceSummary": "8.5, 5.0, 1.5 km", "distances_km": [1.5, 5.0, 8.5], "categories": ["trail"], "url": "https://lopplistan.se/lopp/orust-night-trail/", "description": "", "estimated": true}}, {"type": "Feature", "geometry": {"type": "Point", "coordinates": [12.21764, 57.69081]}, "properties": {"id": "se114aea34d937", "country": "SE", "name": "Landehof 4-årstider - Höstloppet", "date": "2026-11-15T00:00:00Z", "town": "Landvetter", "area": null, "distanceSummary": "12.5, 7.5, 3.0, 1.5 km", "distances_km": [1.5, 3.0, 7.5, 12.5], "categories": ["trail"], "url": "https://lopplistan.se/lopp/landehof-4-arstider-hostloppet/", "description": "", "estimated": true}}, {"type": "Feature", "geometry": {"type": "Point", "coordinates": [18.33391, 59.21758]}, "properties": {"id": "se6d37aa50b1e1", "country": "SE", "name": "Tyresö Night Run", "date": "2026-11-15T00:00:00Z", "town": "Tyresö", "area": null, "distanceSummary": "10.0, 5.0 km", "distances_km": [5.0, 10.0], "categories": ["road"], "url": "https://lopplistan.se/lopp/tyreso-night-run/", "description": "", "estimated": true}}, {"type": "Feature", "geometry": {"type": "Point", "coordinates": [12.49867, 56.91228]}, "properties": {"id": "sedc8287f33d5b", "country": "SE", "name": "FalkTrailen", "date": "2026-11-15T00:00:00Z", "town": "Falkenberg", "area": null, "distanceSummary": "Barndistans, 10.0, 5.0 km", "distances_km": [5.0, 10.0], "categories": ["trail"], "url": "https://lopplistan.se/lopp/falktrailen/", "description": "", "estimated": true}}, {"type": "Feature", "geometry": {"type": "Point", "coordinates": [14.44152, 62.81092]}, "properties": {"id": "se55cd1d5f0eec", "country": "SE", "name": "NO BAD WEATHER 50 K", "date": "2026-11-15T00:00:00Z", "town": "Hoverberg", "area": null, "distanceSummary": "50.0 km", "distances_km": [50.0], "categories": ["trail"], "url": "https://lopplistan.se/lopp/no-bad-weather-50-k/", "description": "", "estimated": true}}, {"type": "Feature", "geometry": {"type": "Point", "coordinates": [12.44222, 57.69973]}, "properties": {"id": "se6745156be2db", "country": "SE", "name": "Hindås Trail", "date": "2026-11-15T00:00:00Z", "town": "Hindås", "area": null, "distanceSummary": "14.0, 5.0, 1.0 km", "distances_km": [1.0, 5.0, 14.0], "categories": ["trail"], "url": "https://lopplistan.se/lopp/hindas-trail/", "description": "", "estimated": true}}, {"type": "Feature", "geometry": {"type": "Point", "coordinates": [16.2066, 58.99354]}, "properties": {"id": "se500a1d1a0170", "country": "SE", "name": "Katrineholm Night Trail", "date": "2026-11-15T00:00:00Z", "town": "Katrineholm", "area": null, "distanceSummary": "10.0, 5.0 km", "distances_km": [5.0, 10.0], "categories": ["trail"], "url": "https://lopplistan.se/lopp/katrineholm-night-trail/", "description": "", "estimated": true}}, {"type": "Feature", "geometry": {"type": "Point", "coordinates": [17.52659, 59.57366]}, "properties": {"id": "se5b090d31abbe", "country": "SE", "name": "Vintermarathon", "date": "2026-11-15T00:00:00Z", "town": "Bålsta", "area": null, "distanceSummary": "21.1 km", "distances_km": [21.1], "categories": ["road"], "url": "https://lopplistan.se/lopp/vintermarathon-balsta/", "description": "", "estimated": true}}, {"type": "Feature", "geometry": {"type": "Point", "coordinates": [18.06944, 59.32441]}, "properties": {"id": "seedf212991c54", "country": "SE", "name": "Stockholm Santa Run", "date": "2026-12-06T00:00:00Z", "town": "Stockholm", "area": null, "distanceSummary": "6.0, 3.0 km", "distances_km": [3.0, 6.0], "categories": ["road"], "url": "https://lopplistan.se/lopp/stockholm-santa-run/", "description": "", "estimated": false}}, {"type": "Feature", "geometry": {"type": "Point", "coordinates": [16.36191, 56.66188]}, "properties": {"id": "se7530f2b8050a", "country": "SE", "name": "Sylvesterloppet Kalmar", "date": "2026-12-31T00:00:00Z", "town": "Kalmar", "area": null, "distanceSummary": "10.0, 5.0 km", "distances_km": [5.0, 10.0], "categories": ["road"], "url": "https://lopplistan.se/lopp/sylvesterloppet-kalmar/", "description": "", "estimated": false}}, {"type": "Feature", "geometry": {"type": "Point", "coordinates": [11.96239, 57.70892]}, "properties": {"id": "se686c41633ef0", "country": "SE", "name": "Sylvesterloppet Göteborg", "date": "2026-12-31T00:00:00Z", "town": "Göteborg", "area": null, "distanceSummary": "10.0 km", "distances_km": [10.0], "categories": ["road"], "url": "https://lopplistan.se/lopp/sylvesterloppet-goteborg/", "description": "", "estimated": false}}, {"type": "Feature", "geometry": {"type": "Point", "coordinates": [13.63749, 57.28931]}, "properties": {"id": "se8b26b0e3c79a", "country": "SE", "name": "Sylvesterloppet Anderstorp", "date": "2026-12-31T00:00:00Z", "town": "Anderstorp", "area": null, "distanceSummary": "10.0, 5.0, 1.5 km", "distances_km": [1.5, 5.0, 10.0], "categories": ["road"], "url": "https://lopplistan.se/lopp/sylvesterloppet-anderstorp/", "description": "", "estimated": false}}, {"type": "Feature", "geometry": {"type": "Point", "coordinates": [15.20466, 59.27326]}, "properties": {"id": "seba239923af7c", "country": "SE", "name": "Sylvesterloppet i Nora", "date": "2026-12-31T00:00:00Z", "town": "Örebro", "area": null, "distanceSummary": "10.4 km", "distances_km": [10.4], "categories": ["road"], "url": "https://lopplistan.se/lopp/sylvesterloppet-i-nora/", "description": "", "estimated": false}}, {"type": "Feature", "geometry": {"type": "Point", "coordinates": [13.15349, 55.38352]}, "properties": {"id": "se65d0b4b8c31c", "country": "SE", "name": "Sylvesterloppet Trelleborg", "date": "2026-12-31T00:00:00Z", "town": "Trelleborg", "area": null, "distanceSummary": "6.9 km", "distances_km": [6.9], "categories": ["road"], "url": "https://lopplistan.se/lopp/sylvesterloppet-trelleborg/", "description": "", "estimated": false}}, {"type": "Feature", "geometry": {"type": "Point", "coordinates": [14.51631, 56.30533]}, "properties": {"id": "se903d43ca00cb", "country": "SE", "name": "Sylvesterloppet Olofström", "date": "2026-12-31T00:00:00Z", "town": "Olofström", "area": null, "distanceSummary": "10.5 km", "distances_km": [10.5], "categories": ["road"], "url": "https://lopplistan.se/lopp/sylvesterloppet-olofstrom/", "description": "", "estimated": false}}, {"type": "Feature", "geometry": {"type": "Point", "coordinates": [12.31527, 58.37976]}, "properties": {"id": "se4f8df225b79b", "country": "SE", "name": "Sylvesterloppet Vänersborg", "date": "2026-12-31T00:00:00Z", "town": "Vänersborg", "area": null, "distanceSummary": "8.0 km", "distances_km": [8.0], "categories": ["road"], "url": "https://lopplistan.se/lopp/sylvesterloppet-vanersborg/", "description": "", "estimated": false}}, {"type": "Feature", "geometry": {"type": "Point", "coordinates": [13.00463, 55.60442]}, "properties": {"id": "seedccca3a0973", "country": "SE", "name": "Sylvesterloppet Malmö", "date": "2026-12-31T00:00:00Z", "town": "Malmö", "area": null, "distanceSummary": "5.4, 2.7 km", "distances_km": [2.7, 5.4], "categories": ["road"], "url": "https://lopplistan.se/lopp/sylvesterloppet-malmo/", "description": "", "estimated": false}}, {"type": "Feature", "geometry": {"type": "Point", "coordinates": [13.81638, 55.43325]}, "properties": {"id": "seb517749d7313", "country": "SE", "name": "Nyårsloppet Ystad", "date": "2026-12-31T00:00:00Z", "town": "Ystad", "area": null, "distanceSummary": "5.0, 2.5 km", "distances_km": [2.5, 5.0], "categories": ["road"], "url": "https://lopplistan.se/lopp/nyarsloppet-ystad/", "description": "", "estimated": false}}, {"type": "Feature", "geometry": {"type": "Point", "coordinates": [18.06233, 59.32512]}, "properties": {"id": "se5461caf47aad", "country": "SE", "name": "Nyårsloppet Stockholm", "date": "2026-12-31T00:00:00Z", "town": "Stockholm", "area": null, "distanceSummary": "10.0, 5.0, 2.0 km", "distances_km": [2.0, 5.0, 10.0], "categories": ["road"], "url": "https://lopplistan.se/lopp/nyarsloppet-stockholm/", "description": "", "estimated": false}}, {"type": "Feature", "geometry": {"type": "Point", "coordinates": [16.18133, 58.59592]}, "properties": {"id": "se639a4526a5b3", "country": "SE", "name": "Nyårsloppet Norrköping", "date": "2026-12-31T00:00:00Z", "town": "Norrköping", "area": null, "distanceSummary": "10.0, 5.0 km", "distances_km": [5.0, 10.0], "categories": ["road"], "url": "https://lopplistan.se/lopp/nyarsloppet-norrkoping/", "description": "", "estimated": false}}, {"type": "Feature", "geometry": {"type": "Point", "coordinates": [15.26536, 56.76752]}, "properties": {"id": "se7dc0e19d9bcd", "country": "SE", "name": "Sylvesterloppet Hovmantorp", "date": "2026-12-31T00:00:00Z", "town": "Lessebo", "area": null, "distanceSummary": "5.0 km", "distances_km": [5.0], "categories": ["road"], "url": "https://lopplistan.se/lopp/sylvesterloppet-hovmantorp/", "description": "", "estimated": false}}, {"type": "Feature", "geometry": {"type": "Point", "coordinates": [14.8307, 60.20539]}, "properties": {"id": "sea821e2e64724", "country": "SE", "name": "Sylvesterloppet Ludvika", "date": "2026-12-31T00:00:00Z", "town": "Ludvika", "area": null, "distanceSummary": "5.0 km", "distances_km": [5.0], "categories": ["road"], "url": "https://lopplistan.se/lopp/sylvesterloppet-ludvika/", "description": "", "estimated": false}}, {"type": "Feature", "geometry": {"type": "Point", "coordinates": [14.8673, 59.02366]}, "properties": {"id": "se96e6ed526090", "country": "SE", "name": "Lucialoppet Vretstorp", "date": "2026-12-15T00:00:00Z", "town": "Vretstorp", "area": null, "distanceSummary": "10.0, 5.0 km", "distances_km": [5.0, 10.0], "categories": ["road"], "url": "https://lopplistan.se/lopp/lucialoppet-vretstorp/", "description": "", "estimated": true}}, {"type": "Feature", "geometry": {"type": "Point", "coordinates": [18.2974, 57.63925]}, "properties": {"id": "se3368c884a182", "country": "SE", "name": "Lucialoppet", "date": "2026-12-15T00:00:00Z", "town": "Visby", "area": null, "distanceSummary": "Lag, 10.6, 5.3, 2.5 km", "distances_km": [2.5, 5.3, 10.6], "categories": ["road"], "url": "https://lopplistan.se/lopp/lucialoppet/", "description": "", "estimated": true}}, {"type": "Feature", "geometry": {"type": "Point", "coordinates": [15.79819, 58.43203]}, "properties": {"id": "se75127023c510", "country": "SE", "name": "Glöggtrailen", "date": "2026-12-15T00:00:00Z", "town": "Linghem", "area": null, "distanceSummary": "3,5 km/varv, 0.65", "distances_km": [0.65, 3.5], "categories": ["trail"], "url": "https://lopplistan.se/lopp/gloggtrailen/", "description": "", "estimated": true}}, {"type": "Feature", "geometry": {"type": "Point", "coordinates": [11.97658, 57.70171]}, "properties": {"id": "seddfcd631e0d2", "country": "SE", "name": "Becksvart", "date": "2026-12-15T00:00:00Z", "town": "Göteborg", "area": null, "distanceSummary": "10.0, 5.0 km", "distances_km": [5.0, 10.0], "categories": ["trail"], "url": "https://lopplistan.se/lopp/becksvart/", "description": "", "estimated": true}}, {"type": "Feature", "geometry": {"type": "Point", "coordinates": [12.93837, 57.70993]}, "properties": {"id": "se7dc07f8ac4f5", "country": "SE", "name": "Bergspring Sandared", "date": "2026-12-15T00:00:00Z", "town": "Borås", "area": null, "distanceSummary": "27.0, 10.0 km", "distances_km": [10.0, 27.0], "categories": ["trail"], "url": "https://lopplistan.se/lopp/bergspring-sandared/", "description": "", "estimated": true}}, {"type": "Feature", "geometry": {"type": "Point", "coordinates": [13.34037, 55.66233]}, "properties": {"id": "se8bde5b98fde9", "country": "SE", "name": "SpriT Frontyard Dalby by Night", "date": "2026-12-15T00:00:00Z", "town": "Dalby", "area": null, "distanceSummary": "Frontyard", "distances_km": [], "categories": ["trail"], "url": "https://lopplistan.se/lopp/sprit-frontyard-dalby-by-night/", "description": "", "estimated": true}}, {"type": "Feature", "geometry": {"type": "Point", "coordinates": [12.86483, 56.43538]}, "properties": {"id": "seeed17fb6527f", "country": "SE", "name": "Hallandsåstunnelns Jubileumslopp 10 år", "date": "2026-12-15T00:00:00Z", "town": "Båstad", "area": null, "distanceSummary": "21.1, 10.0 km", "distances_km": [10.0, 21.1], "categories": ["road"], "url": "https://lopplistan.se/lopp/hallandsastunnelns-jubileumslopp-10-ar/", "description": "", "estimated": true}}, {"type": "Feature", "geometry": {"type": "Point", "coordinates": [15.99654, 60.27423]}, "properties": {"id": "se19d02c9152c9", "country": "SE", "name": "Ultra Caballo Blanco Suecia The Winter Adventure", "date": "2026-12-15T00:00:00Z", "town": "Hedemora", "area": null, "distanceSummary": "50 miles, 100 miles", "distances_km": [50.0, 100.0], "categories": ["trail"], "url": "https://lopplistan.se/lopp/ultra-caballo-blanco-suecia-the-winter-adventure/", "description": "", "estimated": true}}, {"type": "Feature", "geometry": {"type": "Point", "coordinates": [11.96708, 57.70891]}, "properties": {"id": "sefb08b006513a", "country": "SE", "name": "Sandsjöbacka trail", "date": "2027-01-15T00:00:00Z", "town": "Göteborg", "area": null, "distanceSummary": "180.0 km", "distances_km": [180.0], "categories": ["trail"], "url": "https://lopplistan.se/lopp/sandsjobacka-trail/", "description": "", "estimated": true}}, {"type": "Feature", "geometry": {"type": "Point", "coordinates": [15.21157, 59.2814]}, "properties": {"id": "se118a41411eb3", "country": "SE", "name": "Sörbyskogen Svartare", "date": "2027-01-15T00:00:00Z", "town": "Örebro", "area": null, "distanceSummary": "36.0, 18.0, 1.2 km", "distances_km": [1.2, 18.0, 36.0], "categories": ["trail"], "url": "https://lopplistan.se/lopp/sorbyskogen-svartare/", "description": "", "estimated": true}}, {"type": "Feature", "geometry": {"type": "Point", "coordinates": [12.25088, 57.11412]}, "properties": {"id": "secfc1ae42e29f", "country": "SE", "name": "Varbergsloppet", "date": "2027-01-15T00:00:00Z", "town": "Varberg", "area": null, "distanceSummary": "10.0 km", "distances_km": [10.0], "categories": ["road"], "url": "https://lopplistan.se/lopp/varbergsloppet/", "description": "", "estimated": true}}, {"type": "Feature", "geometry": {"type": "Point", "coordinates": [18.07109, 59.31432]}, "properties": {"id": "sec80410d6f98d", "country": "SE", "name": "EcoTrail Stockholm Winter", "date": "2027-01-15T00:00:00Z", "town": "Stockholm", "area": null, "distanceSummary": "18.0, 12.0, 6.0 km", "distances_km": [6.0, 12.0, 18.0], "categories": ["trail"], "url": "https://lopplistan.se/lopp/ecotrail-stockholm-winter/", "description": "", "estimated": true}}, {"type": "Feature", "geometry": {"type": "Point", "coordinates": [18.0632, 59.33301]}, "properties": {"id": "se350c754e53b2", "country": "SE", "name": "Winterrun", "date": "2027-01-15T00:00:00Z", "town": "Stockholm", "area": null, "distanceSummary": "10.0, 5.0, 1.3 km", "distances_km": [1.3, 5.0, 10.0], "categories": ["road"], "url": "https://lopplistan.se/lopp/winterrun/", "description": "", "estimated": true}}, {"type": "Feature", "geometry": {"type": "Point", "coordinates": [18.07299, 59.32804]}, "properties": {"id": "se921f41256f84", "country": "SE", "name": "Stadion Marathon", "date": "2027-01-15T00:00:00Z", "town": "Stockholm", "area": null, "distanceSummary": "42.2, 21.1, 10.0 km", "distances_km": [10.0, 21.1, 42.2], "categories": ["road"], "url": "https://lopplistan.se/lopp/stadion-marathon/", "description": "", "estimated": true}}, {"type": "Feature", "geometry": {"type": "Point", "coordinates": [18.07801, 59.33463]}, "properties": {"id": "seb6a7de56cf10", "country": "SE", "name": "Blackyard", "date": "2027-02-15T00:00:00Z", "town": "Stockholm", "area": null, "distanceSummary": "Backyard", "distances_km": [], "categories": ["trail"], "url": "https://lopplistan.se/lopp/blackyard/", "description": "", "estimated": true}}, {"type": "Feature", "geometry": {"type": "Point", "coordinates": [14.59386, 56.05147]}, "properties": {"id": "se7157924f06c4", "country": "SE", "name": "Snapphaneracet", "date": "2027-02-15T00:00:00Z", "town": "Sölvesborg", "area": null, "distanceSummary": "50.0, 25.0, 13.0 km", "distances_km": [13.0, 25.0, 50.0], "categories": ["trail"], "url": "https://lopplistan.se/lopp/snapphaneracet/", "description": "", "estimated": true}}, {"type": "Feature", "geometry": {"type": "Point", "coordinates": [12.25502, 57.09924]}, "properties": {"id": "sebb6aadc97774", "country": "SE", "name": "Bocksten Trailrun Winter", "date": "2027-02-15T00:00:00Z", "town": "Varberg", "area": null, "distanceSummary": "24.0, 12.0, 5.0 km", "distances_km": [5.0, 12.0, 24.0], "categories": ["trail"], "url": "https://lopplistan.se/lopp/bocksten-trailrun-winter/", "description": "", "estimated": true}}, {"type": "Feature", "geometry": {"type": "Point", "coordinates": [16.79806, 58.62964]}, "properties": {"id": "se0c1a1caffe8a", "country": "SE", "name": "Sörmlands Winter Trail", "date": "2027-02-15T00:00:00Z", "town": "Nävekvarn", "area": null, "distanceSummary": "43.0, 22.0, 10.0 km", "distances_km": [10.0, 22.0, 43.0], "categories": ["trail"], "url": "https://lopplistan.se/lopp/sormlands-winter-trail/", "description": "", "estimated": true}}, {"type": "Feature", "geometry": {"type": "Point", "coordinates": [18.06441, 59.32044]}, "properties": {"id": "sedfc8ceb7fdb2", "country": "SE", "name": "BlackTrail﻿", "date": "2027-02-15T00:00:00Z", "town": "Stockholm", "area": null, "distanceSummary": "8.0, 4.0 km", "distances_km": [4.0, 8.0], "categories": ["trail"], "url": "https://lopplistan.se/lopp/blacktrail/", "description": "", "estimated": true}}, {"type": "Feature", "geometry": {"type": "Point", "coordinates": [12.84706, 55.39417]}, "properties": {"id": "se012399e53a0b", "country": "SE", "name": "Falsterbo Backyard", "date": "2027-02-15T00:00:00Z", "town": "Falsterbo", "area": null, "distanceSummary": "Backyard ultra", "distances_km": [], "categories": ["trail"], "url": "https://lopplistan.se/lopp/falsterbo-backyard/", "description": "", "estimated": true}}, {"type": "Feature", "geometry": {"type": "Point", "coordinates": [13.50268, 59.38101]}, "properties": {"id": "sea79b02192657", "country": "SE", "name": "Karlstad 6-timmars", "date": "2027-02-15T00:00:00Z", "town": "Karlstad", "area": null, "distanceSummary": "6-timmar", "distances_km": [6.0], "categories": ["road"], "url": "https://lopplistan.se/lopp/karlstad-6-timmars/", "description": "", "estimated": true}}, {"type": "Feature", "geometry": {"type": "Point", "coordinates": [12.94533, 57.71078]}, "properties": {"id": "see95bf99a56ac", "country": "SE", "name": "Februarimaran", "date": "2027-02-15T00:00:00Z", "town": "Borås", "area": null, "distanceSummary": "42.2 km", "distances_km": [42.2], "categories": ["road"], "url": "https://lopplistan.se/lopp/februarimaran/", "description": "", "estimated": true}}, {"type": "Feature", "geometry": {"type": "Point", "coordinates": [13.71706, 55.55427]}, "properties": {"id": "sea1fc9014c73f", "country": "SE", "name": "Skåne Frozen Trail", "date": "2027-02-15T00:00:00Z", "town": "Snogeholm", "area": null, "distanceSummary": "60.0, 50.0, 30.0 km", "distances_km": [30.0, 50.0, 60.0], "categories": ["trail"], "url": "https://lopplistan.se/lopp/skane-frozen-trail/", "description": "", "estimated": true}}, {"type": "Feature", "geometry": {"type": "Point", "coordinates": [18.26784, 62.94492]}, "properties": {"id": "seadafc9c8aba4", "country": "SE", "name": "Världsarvsloppet", "date": "2027-02-15T00:00:00Z", "town": "Friluftsbyn, Höga Kusten", "area": null, "distanceSummary": "10.0, 5.0, 1.5, 0.4, 0.2 km", "distances_km": [0.2, 0.4, 1.5, 5.0, 10.0], "categories": ["trail"], "url": "https://lopplistan.se/lopp/varldsarvsloppet/", "description": "", "estimated": true}}, {"type": "Feature", "geometry": {"type": "Point", "coordinates": [18.27525, 62.94945]}, "properties": {"id": "sef594af8eec66", "country": "SE", "name": "Höga Kusten Winter Trail", "date": "2027-02-15T00:00:00Z", "town": "Friluftsbyn, Höga Kusten", "area": null, "distanceSummary": "50.0, 35.0, 25.0, 17.0, 13.0 km", "distances_km": [13.0, 17.0, 25.0, 35.0, 50.0], "categories": ["trail"], "url": "https://lopplistan.se/lopp/hoga-kusten-winter-trail/", "description": "", "estimated": true}}, {"type": "Feature", "geometry": {"type": "Point", "coordinates": [12.84047, 55.38593]}, "properties": {"id": "sefdbda9a842ed", "country": "SE", "name": "Falsterbo Backyard Ultra Winter", "date": "2027-02-15T00:00:00Z", "town": "Falsterbo", "area": null, "distanceSummary": "Backyard ultra", "distances_km": [], "categories": ["road"], "url": "https://lopplistan.se/lopp/falsterbo-backyard-ultra-winter/", "description": "", "estimated": true}}, {"type": "Feature", "geometry": {"type": "Point", "coordinates": [13.94091, 55.54086]}, "properties": {"id": "seaba0a3295819", "country": "SE", "name": "Winter Cross Run", "date": "2027-02-15T00:00:00Z", "town": "Tomelilla", "area": null, "distanceSummary": "7.6, 4.0 km", "distances_km": [4.0, 7.6], "categories": ["trail"], "url": "https://lopplistan.se/lopp/winter-cross-run/", "description": "", "estimated": true}}, {"type": "Feature", "geometry": {"type": "Point", "coordinates": [17.95267, 59.42459]}, "properties": {"id": "se975df8cc7c24", "country": "SE", "name": "Sollentuna Winter Marathons", "date": "2027-02-15T00:00:00Z", "town": "Sollentuna", "area": null, "distanceSummary": "42.2, 21.1, 2.0 km", "distances_km": [2.0, 21.1, 42.2], "categories": ["road"], "url": "https://lopplistan.se/lopp/sollentuna-winter-marathons/", "description": "", "estimated": true}}, {"type": "Feature", "geometry": {"type": "Point", "coordinates": [13.74065, 61.33366]}, "properties": {"id": "sece2688f3d147", "country": "SE", "name": "Älvdalen Winter Trail", "date": "2027-03-15T00:00:00Z", "town": "Älvdalen", "area": null, "distanceSummary": "58.0, 38.0, 25.0 km", "distances_km": [25.0, 38.0, 58.0], "categories": ["trail"], "url": "https://lopplistan.se/lopp/alvdalen-winter-trail/", "description": "", "estimated": true}}, {"type": "Feature", "geometry": {"type": "Point", "coordinates": [12.86208, 56.42855]}, "properties": {"id": "sefa6c28a5f81b", "country": "SE", "name": "Hoka Torekov-Båstad Lördag 21 km", "date": "2027-03-15T00:00:00Z", "town": "Båstad", "area": null, "distanceSummary": "21.0 km", "distances_km": [21.0], "categories": ["trail"], "url": "https://lopplistan.se/lopp/hoka-torekov-bastad-lordag-21-km/", "description": "", "estimated": true}}, {"type": "Feature", "geometry": {"type": "Point", "coordinates": [12.86664, 56.4268]}, "properties": {"id": "sef38e7b6fea7d", "country": "SE", "name": "Hoka Torekov-Båstad Söndag 28 km", "date": "2027-03-15T00:00:00Z", "town": "Båstad", "area": null, "distanceSummary": "28.0 km", "distances_km": [28.0], "categories": ["trail"], "url": "https://lopplistan.se/lopp/hoka-torekov-bastad-sondag-28-km/", "description": "", "estimated": true}}, {"type": "Feature", "geometry": {"type": "Point", "coordinates": [17.02361, 58.7523]}, "properties": {"id": "se758a55f36125", "country": "SE", "name": "Equinox Adventure Ultra", "date": "2027-03-15T00:00:00Z", "town": "Nyköping", "area": null, "distanceSummary": "100.0, 50.0 km", "distances_km": [50.0, 100.0], "categories": ["trail"], "url": "https://lopplistan.se/lopp/equinox-adventure-ultra/", "description": "", "estimated": true}}, {"type": "Feature", "geometry": {"type": "Point", "coordinates": [18.06877, 59.31907]}, "properties": {"id": "se5e1cc1a5e432", "country": "SE", "name": "Ursviks Ultra", "date": "2027-03-15T00:00:00Z", "town": "Stockholm", "area": null, "distanceSummary": "75.0, 45.0, 15.0 km", "distances_km": [15.0, 45.0, 75.0], "categories": ["trail"], "url": "https://lopplistan.se/lopp/ursviks-ultra/", "description": "", "estimated": true}}, {"type": "Feature", "geometry": {"type": "Point", "coordinates": [11.94038, 57.51456]}, "properties": {"id": "se4f2a92c1d81e", "country": "SE", "name": "Backyard Ultra Särö", "date": "2027-03-15T00:00:00Z", "town": "Särö", "area": null, "distanceSummary": "Backyard ultra", "distances_km": [], "categories": ["road"], "url": "https://lopplistan.se/lopp/backyard-ultra-saro/", "description": "", "estimated": true}}, {"type": "Feature", "geometry": {"type": "Point", "coordinates": [18.30314, 57.53078]}, "properties": {"id": "se5b4f7894787d", "country": "SE", "name": "GotRun Winter Trail", "date": "2027-03-15T00:00:00Z", "town": "Gotland", "area": null, "distanceSummary": "81.0, 36.0 km", "distances_km": [36.0, 81.0], "categories": ["trail"], "url": "https://lopplistan.se/lopp/gotrun-winter-trail/", "description": "", "estimated": true}}, {"type": "Feature", "geometry": {"type": "Point", "coordinates": [18.07251, 59.31781]}, "properties": {"id": "sebf2ea650d854", "country": "SE", "name": "Två sjöar runt", "date": "2027-03-15T00:00:00Z", "town": "Stockholm", "area": null, "distanceSummary": "16.2, 10.9, 5.5, 2.2, 0.5 km", "distances_km": [0.5, 2.2, 5.5, 10.9, 16.2], "categories": ["road"], "url": "https://lopplistan.se/lopp/tva-sjoar-runt/", "description": "", "estimated": true}}, {"type": "Feature", "geometry": {"type": "Point", "coordinates": [13.39394, 55.60201]}, "properties": {"id": "se0caab7521471", "country": "SE", "name": "GIFT - Genarps IF Trail", "date": "2027-03-15T00:00:00Z", "town": "Genarp", "area": null, "distanceSummary": "25.0, 10.0, 5.0 km", "distances_km": [5.0, 10.0, 25.0], "categories": ["trail"], "url": "https://lopplistan.se/lopp/gift-genarps-if-trail/", "description": "", "estimated": true}}, {"type": "Feature", "geometry": {"type": "Point", "coordinates": [15.28393, 56.21741]}, "properties": {"id": "se4bb881b2a37b", "country": "SE", "name": "Ronneby Backyard Ultra TEAM", "date": "2027-03-15T00:00:00Z", "town": "Ronneby", "area": null, "distanceSummary": "Backyard ultra", "distances_km": [], "categories": ["trail"], "url": "https://lopplistan.se/lopp/ronneby-backyard-ultra-team/", "description": "", "estimated": true}}, {"type": "Feature", "geometry": {"type": "Point", "coordinates": [15.27548, 56.21213]}, "properties": {"id": "se3eb7cfab1234", "country": "SE", "name": "Ronneby Reflect Run 6.0 - No way back", "date": "2027-03-15T00:00:00Z", "town": "Ronneby", "area": null, "distanceSummary": "12.0, 3.5 km", "distances_km": [3.5, 12.0], "categories": ["trail"], "url": "https://lopplistan.se/lopp/ronneby-reflect-run-6-0-no-way-back/", "description": "", "estimated": true}}, {"type": "Feature", "geometry": {"type": "Point", "coordinates": [18.07049, 59.32513]}, "properties": {"id": "sec4321aa6e75b", "country": "SE", "name": "adidas Premiärmilen", "date": "2027-03-15T00:00:00Z", "town": "Stockholm", "area": null, "distanceSummary": "10.0 km", "distances_km": [10.0], "categories": ["road"], "url": "https://lopplistan.se/lopp/adidas-premiarmilen/", "description": "", "estimated": true}}, {"type": "Feature", "geometry": {"type": "Point", "coordinates": [13.09191, 55.77222]}, "properties": {"id": "sefd08c264775c", "country": "SE", "name": "Stävie Trail", "date": "2027-03-15T00:00:00Z", "town": "Furulund", "area": null, "distanceSummary": "21.0, 13.0, 6.5 km", "distances_km": [6.5, 13.0, 21.0], "categories": ["trail"], "url": "https://lopplistan.se/lopp/stavie-trail/", "description": "", "estimated": true}}, {"type": "Feature", "geometry": {"type": "Point", "coordinates": [13.85296, 58.39421]}, "properties": {"id": "se3ae7159a11ae", "country": "SE", "name": "Skövde 6 timmars", "date": "2027-03-15T00:00:00Z", "town": "Skövde", "area": null, "distanceSummary": "6-timmar, 3-timmar, 1-timme", "distances_km": [1.0, 3.0, 6.0], "categories": ["road"], "url": "https://lopplistan.se/lopp/skovde-6-timmars/", "description": "", "estimated": true}}, {"type": "Feature", "geometry": {"type": "Point", "coordinates": [15.21434, 59.26733]}, "properties": {"id": "se44b86578e7c2", "country": "SE", "name": "Nora marathon", "date": "2027-03-15T00:00:00Z", "town": "Örebro", "area": null, "distanceSummary": "42.2 km", "distances_km": [42.2], "categories": ["road"], "url": "https://lopplistan.se/lopp/nora-marathon/", "description": "", "estimated": true}}, {"type": "Feature", "geometry": {"type": "Point", "coordinates": [12.29821, 58.27952]}, "properties": {"id": "se4e301603d85d", "country": "SE", "name": "Edsvidsleden Trailrun", "date": "2027-03-15T00:00:00Z", "town": "Trollhättan", "area": null, "distanceSummary": "14.0 km", "distances_km": [14.0], "categories": ["trail"], "url": "https://lopplistan.se/lopp/edsvidsleden-trailrun/", "description": "", "estimated": true}}, {"type": "Feature", "geometry": {"type": "Point", "coordinates": [15.2701, 56.20811]}, "properties": {"id": "sed0605d69aa23", "country": "SE", "name": "Ronneby Trail Run", "date": "2027-03-15T00:00:00Z", "town": "Ronneby", "area": null, "distanceSummary": "Stafett, 12.0, 3.5 km", "distances_km": [3.5, 12.0], "categories": ["trail"], "url": "https://lopplistan.se/lopp/ronneby-trail-run/", "description": "", "estimated": true}}, {"type": "Feature", "geometry": {"type": "Point", "coordinates": [11.9566, 57.7065]}, "properties": {"id": "sef26057f38bbe", "country": "SE", "name": "Vårtävlingarna i Skatås", "date": "2027-03-15T00:00:00Z", "town": "Göteborg", "area": null, "distanceSummary": "32.0, 16.0, 8.0 km", "distances_km": [8.0, 16.0, 32.0], "categories": ["road"], "url": "https://lopplistan.se/lopp/vartavlingarna-i-skatas/", "description": "", "estimated": true}}, {"type": "Feature", "geometry": {"type": "Point", "coordinates": [13.05219, 63.21944]}, "properties": {"id": "se9b5ae6bc76cf", "country": "SE", "name": "Fjällmaraton Vinter", "date": "2027-04-15T00:00:00Z", "town": "Ottsjö", "area": null, "distanceSummary": "42.0, 22.0, 12.0 km", "distances_km": [12.0, 22.0, 42.0], "categories": ["trail"], "url": "https://lopplistan.se/lopp/fjallmaraton-vinter/", "description": "", "estimated": true}}, {"type": "Feature", "geometry": {"type": "Point", "coordinates": [11.96721, 57.69607]}, "properties": {"id": "se789d32a7e169", "country": "SE", "name": "Premiärloppet", "date": "2027-04-15T00:00:00Z", "town": "Göteborg", "area": null, "distanceSummary": "10.0, 5.0 km", "distances_km": [5.0, 10.0], "categories": ["trail"], "url": "https://lopplistan.se/lopp/premiarloppet/", "description": "", "estimated": true}}, {"type": "Feature", "geometry": {"type": "Point", "coordinates": [14.34116, 55.55145]}, "properties": {"id": "sef779f90b993f", "country": "SE", "name": "Österlen Spring Trail", "date": "2027-04-15T00:00:00Z", "town": "Simrishamn", "area": null, "distanceSummary": "duo, 60.0, 21.0", "distances_km": [21.0, 60.0], "categories": ["trail"], "url": "https://lopplistan.se/lopp/osterlen-spring-trail/", "description": "", "estimated": true}}, {"type": "Feature", "geometry": {"type": "Point", "coordinates": [18.06749, 59.32703]}, "properties": {"id": "se6d425d14767d", "country": "SE", "name": "STHLM Trail Marathon", "date": "2027-04-15T00:00:00Z", "town": "Stockholm", "area": null, "distanceSummary": "90.0, 45.0, 15.0, 1.0 km", "distances_km": [1.0, 15.0, 45.0, 90.0], "categories": ["trail"], "url": "https://lopplistan.se/lopp/sthlm-trail-marathon/", "description": "", "estimated": true}}, {"type": "Feature", "geometry": {"type": "Point", "coordinates": [14.64324, 56.82604]}, "properties": {"id": "se9e6d36fe3cac", "country": "SE", "name": "Ellandaloppet", "date": "2027-04-15T00:00:00Z", "town": "Ellanda", "area": null, "distanceSummary": "10.0 km", "distances_km": [10.0], "categories": ["road"], "url": "https://lopplistan.se/lopp/ellandaloppet/", "description": "", "estimated": true}}, {"type": "Feature", "geometry": {"type": "Point", "coordinates": [16.64141, 57.75257]}, "properties": {"id": "se9460d9cff2cd", "country": "SE", "name": "Tjust Trail Run", "date": "2027-04-15T00:00:00Z", "town": "Västervik", "area": null, "distanceSummary": "42.2, 21.0, 10.0, 5.0 km", "distances_km": [5.0, 10.0, 21.0, 42.2], "categories": ["trail"], "url": "https://lopplistan.se/lopp/tjust-trail-run/", "description": "", "estimated": true}}, {"type": "Feature", "geometry": {"type": "Point", "coordinates": [12.70911, 56.04708]}, "properties": {"id": "se6c693b5cc5e5", "country": "SE", "name": "Wolfman", "date": "2027-04-15T00:00:00Z", "town": "Helsingborg", "area": null, "distanceSummary": "10.0 km", "distances_km": [10.0], "categories": ["trail"], "url": "https://lopplistan.se/lopp/wolfman/", "description": "", "estimated": true}}, {"type": "Feature", "geometry": {"type": "Point", "coordinates": [18.07128, 59.32691]}, "properties": {"id": "see378290feebd", "country": "SE", "name": "Kvantumloppet", "date": "2027-04-15T00:00:00Z", "town": "Stockholm", "area": null, "distanceSummary": "17.0, 7.0, 5.0, 3.0, 0.7 km", "distances_km": [0.7, 3.0, 5.0, 7.0, 17.0], "categories": ["trail"], "url": "https://lopplistan.se/lopp/kvantumloppet/", "description": "", "estimated": true}}, {"type": "Feature", "geometry": {"type": "Point", "coordinates": [15.82992, 56.1892]}, "properties": {"id": "se1e85ae6c5404", "country": "SE", "name": "Orion Trail", "date": "2027-04-15T00:00:00Z", "town": "Jämjö", "area": null, "distanceSummary": "10.0, 5.0, 1.0, 0.5 km", "distances_km": [0.5, 1.0, 5.0, 10.0], "categories": ["trail"], "url": "https://lopplistan.se/lopp/orion-trail/", "description": "", "estimated": true}}, {"type": "Feature", "geometry": {"type": "Point", "coordinates": [18.07094, 59.32607]}, "properties": {"id": "sef22e2f0f2e64", "country": "SE", "name": "STHLM Trail Run", "date": "2027-04-15T00:00:00Z", "town": "Stockholm", "area": null, "distanceSummary": "10.0, 5.0 km", "distances_km": [5.0, 10.0], "categories": ["trail"], "url": "https://lopplistan.se/lopp/sthlm-trail-run/", "description": "", "estimated": true}}, {"type": "Feature", "geometry": {"type": "Point", "coordinates": [14.1641, 57.78063]}, "properties": {"id": "sec15fff808775", "country": "SE", "name": "Varvetmilen", "date": "2027-04-15T00:00:00Z", "town": "Jönköping", "area": null, "distanceSummary": "10.0 km", "distances_km": [10.0], "categories": ["road"], "url": "https://lopplistan.se/lopp/varvetmilen/", "description": "", "estimated": true}}, {"type": "Feature", "geometry": {"type": "Point", "coordinates": [15.77858, 58.71014]}, "properties": {"id": "se120bb4f490e1", "country": "SE", "name": "MRC Finspång Loop Trail Ultra", "date": "2027-04-15T00:00:00Z", "town": "Finspång", "area": null, "distanceSummary": "50.0 km", "distances_km": [50.0], "categories": ["trail"], "url": "https://lopplistan.se/lopp/mrc-finspang-loop-trail-ultra/", "description": "", "estimated": true}}, {"type": "Feature", "geometry": {"type": "Point", "coordinates": [15.22008, 59.28446]}, "properties": {"id": "sedbaeb48756e1", "country": "SE", "name": "Startmilen", "date": "2027-04-15T00:00:00Z", "town": "Örebro", "area": null, "distanceSummary": "10.0, 5.0, 1.0 km", "distances_km": [1.0, 5.0, 10.0], "categories": ["road"], "url": "https://lopplistan.se/lopp/startmilen/", "description": "", "estimated": true}}, {"type": "Feature", "geometry": {"type": "Point", "coordinates": [18.07679, 59.32766]}, "properties": {"id": "se3d1a1f821b43", "country": "SE", "name": "Kvarnloppet", "date": "2027-04-15T00:00:00Z", "town": "Stockholm", "area": null, "distanceSummary": "10.0, 5.0, 1.0 km", "distances_km": [1.0, 5.0, 10.0], "categories": ["road"], "url": "https://lopplistan.se/lopp/kvarnloppet/", "description": "", "estimated": true}}, {"type": "Feature", "geometry": {"type": "Point", "coordinates": [17.63664, 59.8591]}, "properties": {"id": "se935c0af47127", "country": "SE", "name": "Rock The Trail", "date": "2027-04-15T00:00:00Z", "town": "Uppsala", "area": null, "distanceSummary": "45.0, 15.0, 7.5 km", "distances_km": [7.5, 15.0, 45.0], "categories": ["trail"], "url": "https://lopplistan.se/lopp/rock-the-trail/", "description": "", "estimated": true}}, {"type": "Feature", "geometry": {"type": "Point", "coordinates": [18.06968, 59.32401]}, "properties": {"id": "se00a3dc643097", "country": "SE", "name": "TEC 200 miles", "date": "2027-04-15T00:00:00Z", "town": "Stockholm", "area": null, "distanceSummary": "322.0 km", "distances_km": [322.0], "categories": ["trail"], "url": "https://lopplistan.se/lopp/tec-200-miles/", "description": "", "estimated": true}}, {"type": "Feature", "geometry": {"type": "Point", "coordinates": [18.06974, 59.3263]}, "properties": {"id": "se6f15cbc69049", "country": "SE", "name": "TEC Instegsultra", "date": "2027-04-15T00:00:00Z", "town": "Stockholm", "area": null, "distanceSummary": "46.0 km", "distances_km": [46.0], "categories": ["trail"], "url": "https://lopplistan.se/lopp/tec-instegsultra/", "description": "", "estimated": true}}, {"type": "Feature", "geometry": {"type": "Point", "coordinates": [18.07522, 59.31436]}, "properties": {"id": "se4610cae63fcf", "country": "SE", "name": "TEC Backyard", "date": "2027-04-15T00:00:00Z", "town": "Stockholm", "area": null, "distanceSummary": "Backyard ultra", "distances_km": [], "categories": ["trail"], "url": "https://lopplistan.se/lopp/tec-backyard/", "description": "", "estimated": true}}, {"type": "Feature", "geometry": {"type": "Point", "coordinates": [14.49401, 58.94873]}, "properties": {"id": "seb3b7403dd89d", "country": "SE", "name": "Munkastigen Trailrun", "date": "2027-04-15T00:00:00Z", "town": "Laxå", "area": null, "distanceSummary": "44.0 km", "distances_km": [44.0], "categories": ["trail"], "url": "https://lopplistan.se/lopp/munkastigen-trailrun/", "description": "", "estimated": true}}, {"type": "Feature", "geometry": {"type": "Point", "coordinates": [14.30543, 57.85026]}, "properties": {"id": "se9d02dd9c2df8", "country": "SE", "name": "Landsjön Runt", "date": "2027-04-15T00:00:00Z", "town": "Kaxholmen", "area": null, "distanceSummary": "12.5, 5.5, 1.0, 0.5 km", "distances_km": [0.5, 1.0, 5.5, 12.5], "categories": ["road"], "url": "https://lopplistan.se/lopp/landsjon-runt/", "description": "", "estimated": true}}, {"type": "Feature", "geometry": {"type": "Point", "coordinates": [17.43116, 59.26628]}, "properties": {"id": "se7e821aec1a43", "country": "SE", "name": "Påsksmällen", "date": "2027-04-15T00:00:00Z", "town": "Enhörna", "area": null, "distanceSummary": "10.0, 4.0, 2.0, 1.0, 0.6 km", "distances_km": [0.6, 1.0, 2.0, 4.0, 10.0], "categories": ["road"], "url": "https://lopplistan.se/lopp/pasksmallen/", "description": "", "estimated": true}}, {"type": "Feature", "geometry": {"type": "Point", "coordinates": [12.495, 56.90515]}, "properties": {"id": "sebc68f89d84d3", "country": "SE", "name": "Allstarsmilen", "date": "2027-04-15T00:00:00Z", "town": "Falkenberg", "area": null, "distanceSummary": "10.0 km", "distances_km": [10.0], "categories": ["road"], "url": "https://lopplistan.se/lopp/allstarsmilen/", "description": "", "estimated": true}}, {"type": "Feature", "geometry": {"type": "Point", "coordinates": [11.96871, 57.69657]}, "properties": {"id": "se47a347769d24", "country": "SE", "name": "Göteborg City Run", "date": "2027-04-15T00:00:00Z", "town": "Göteborg", "area": null, "distanceSummary": "6.5 km", "distances_km": [6.5], "categories": ["road"], "url": "https://lopplistan.se/lopp/goteborg-city-run/", "description": "", "estimated": true}}, {"type": "Feature", "geometry": {"type": "Point", "coordinates": [16.35798, 58.67499]}, "properties": {"id": "se0edf610eedd4", "country": "SE", "name": "Kolmården Vertical", "date": "2027-04-15T00:00:00Z", "town": "Kolmården", "area": null, "distanceSummary": "5.0 km", "distances_km": [5.0], "categories": ["trail"], "url": "https://lopplistan.se/lopp/kolmarden-vertical/", "description": "", "estimated": true}}, {"type": "Feature", "geometry": {"type": "Point", "coordinates": [16.36057, 58.67168]}, "properties": {"id": "se4513739c6cb5", "country": "SE", "name": "Järv Äventyr Kolmården", "date": "2027-04-15T00:00:00Z", "town": "Kolmården", "area": null, "distanceSummary": "8.0, 5.0 km", "distances_km": [5.0, 8.0], "categories": ["trail"], "url": "https://lopplistan.se/lopp/jarv-aventyr-kolmarden/", "description": "", "estimated": true}}, {"type": "Feature", "geometry": {"type": "Point", "coordinates": [11.96583, 57.71688]}, "properties": {"id": "se5865a52082de", "country": "SE", "name": "Urban Run", "date": "2027-04-15T00:00:00Z", "town": "Göteborg", "area": null, "distanceSummary": "6.0 km", "distances_km": [6.0], "categories": ["road"], "url": "https://lopplistan.se/lopp/urban-run/", "description": "", "estimated": true}}, {"type": "Feature", "geometry": {"type": "Point", "coordinates": [18.26368, 58.94856]}, "properties": {"id": "sec536edae0ae0", "country": "SE", "name": "Utö Backyard Extreme 6.4K", "date": "2027-04-15T00:00:00Z", "town": "Utö", "area": null, "distanceSummary": "48.0 km", "distances_km": [48.0], "categories": ["trail"], "url": "https://lopplistan.se/lopp/uto-backyard-extreme-6-4k/", "description": "", "estimated": true}}, {"type": "Feature", "geometry": {"type": "Point", "coordinates": [18.2659, 58.94772]}, "properties": {"id": "se40e5b403c8cd", "country": "SE", "name": "Utö Backyard Ultra 3.3K", "date": "2027-04-15T00:00:00Z", "town": "Utö", "area": null, "distanceSummary": "50.0 km", "distances_km": [50.0], "categories": ["trail"], "url": "https://lopplistan.se/lopp/uto-backyard-ultra-3-3k/", "description": "", "estimated": true}}, {"type": "Feature", "geometry": {"type": "Point", "coordinates": [14.86236, 56.17075]}, "properties": {"id": "sedd0f479c6caa", "country": "SE", "name": "Uddloppet", "date": "2027-04-15T00:00:00Z", "town": "Karlshamn", "area": null, "distanceSummary": "Promenadklass, 21.1, 10.0, 4.0, 0.4 km", "distances_km": [0.4, 4.0, 10.0, 21.1], "categories": ["road"], "url": "https://lopplistan.se/lopp/uddloppet/", "description": "", "estimated": true}}, {"type": "Feature", "geometry": {"type": "Point", "coordinates": [18.07262, 59.32199]}, "properties": {"id": "se46be3aed9f0e", "country": "SE", "name": "Lidingöloppet Vårmilen", "date": "2027-04-15T00:00:00Z", "town": "Stockholm", "area": null, "distanceSummary": "Barndistans", "distances_km": [], "categories": ["trail"], "url": "https://lopplistan.se/lopp/lidingoloppet-varmilen/", "description": "", "estimated": true}}, {"type": "Feature", "geometry": {"type": "Point", "coordinates": [12.07971, 57.48763]}, "properties": {"id": "se20ab79b00745", "country": "SE", "name": "Kungsbackaloppet", "date": "2027-04-15T00:00:00Z", "town": "Kungsbacka", "area": null, "distanceSummary": "21.0, 10.5, 3.2, 1.8 km", "distances_km": [1.8, 3.2, 10.5, 21.0], "categories": ["road"], "url": "https://lopplistan.se/lopp/kungsbackaloppet/", "description": "", "estimated": true}}, {"type": "Feature", "geometry": {"type": "Point", "coordinates": [12.26916, 57.76983]}, "properties": {"id": "se7dea299268ed", "country": "SE", "name": "Lerumsloppet", "date": "2027-04-15T00:00:00Z", "town": "Lerum", "area": null, "distanceSummary": "10.0, 5.1, 3.3, 1.6, 0.25 km", "distances_km": [0.25, 1.6, 3.3, 5.1, 10.0], "categories": ["road"], "url": "https://lopplistan.se/lopp/lerumsloppet/", "description": "", "estimated": true}}, {"type": "Feature", "geometry": {"type": "Point", "coordinates": [18.06683, 59.32389]}, "properties": {"id": "se36af7a220662", "country": "SE", "name": "adidas Premiärhalvan", "date": "2027-04-15T00:00:00Z", "town": "Stockholm", "area": null, "distanceSummary": "21.1 km", "distances_km": [21.1], "categories": ["road"], "url": "https://lopplistan.se/lopp/adidas-premiarhalvan/", "description": "", "estimated": true}}, {"type": "Feature", "geometry": {"type": "Point", "coordinates": [15.79942, 57.39669]}, "properties": {"id": "se66f88d0e7c16", "country": "SE", "name": "Hultsfred marathon", "date": "2027-04-15T00:00:00Z", "town": "Hultsfred", "area": null, "distanceSummary": "42.2, 21.1 km", "distances_km": [21.1, 42.2], "categories": ["road"], "url": "https://lopplistan.se/lopp/hultsfred-marathon/", "description": "", "estimated": true}}, {"type": "Feature", "geometry": {"type": "Point", "coordinates": [15.7957, 57.39468]}, "properties": {"id": "se98d08a45c0c1", "country": "SE", "name": "Kurts Marathon", "date": "2027-04-15T00:00:00Z", "town": "Hultsfred", "area": null, "distanceSummary": "42.2, 21.1, 9.0 km", "distances_km": [9.0, 21.1, 42.2], "categories": ["road"], "url": "https://lopplistan.se/lopp/kurts-marathon/", "description": "", "estimated": true}}, {"type": "Feature", "geometry": {"type": "Point", "coordinates": [13.73529, 56.55992]}, "properties": {"id": "se2e1fd67f629f", "country": "SE", "name": "Strömsnäs Trailrun", "date": "2027-04-15T00:00:00Z", "town": "Strömsnäsbruk", "area": null, "distanceSummary": "12.0, 7.4, 4.0 km", "distances_km": [4.0, 7.4, 12.0], "categories": ["trail"], "url": "https://lopplistan.se/lopp/stromsnas-trailrun/", "description": "", "estimated": true}}, {"type": "Feature", "geometry": {"type": "Point", "coordinates": [18.0761, 59.3303]}, "properties": {"id": "sef0fb8a2615dc", "country": "SE", "name": "Lilla barnets lopp", "date": "2027-04-15T00:00:00Z", "town": "Stockholm", "area": null, "distanceSummary": "10.0, 5.0, 1.0, 0.3 km", "distances_km": [0.3, 1.0, 5.0, 10.0], "categories": ["road"], "url": "https://lopplistan.se/lopp/lilla-barnets-lopp/", "description": "", "estimated": true}}, {"type": "Feature", "geometry": {"type": "Point", "coordinates": [15.07277, 57.9589]}, "properties": {"id": "secb3657479266", "country": "SE", "name": "Isaberg500", "date": "2027-04-15T00:00:00Z", "town": "Hestra", "area": null, "distanceSummary": "11.0, 5.0, 2.0 km", "distances_km": [2.0, 5.0, 11.0], "categories": ["trail"], "url": "https://lopplistan.se/lopp/isaberg500/", "description": "", "estimated": true}}, {"type": "Feature", "geometry": {"type": "Point", "coordinates": [13.89103, 56.48128]}, "properties": {"id": "see10e94a23bd5", "country": "SE", "name": "Hallarydsloppet", "date": "2027-04-15T00:00:00Z", "town": "Hallaryd", "area": null, "distanceSummary": "21.0, 9.8, 6.0, 3.3, 1.3 km", "distances_km": [1.3, 3.3, 6.0, 9.8, 21.0], "categories": ["road"], "url": "https://lopplistan.se/lopp/hallarydsloppet/", "description": "", "estimated": true}}, {"type": "Feature", "geometry": {"type": "Point", "coordinates": [16.37076, 56.65401]}, "properties": {"id": "se24a848816aa5", "country": "SE", "name": "Kalmar Backyard Ultra", "date": "2027-04-15T00:00:00Z", "town": "Kalmar", "area": null, "distanceSummary": "Backyard ultra", "distances_km": [], "categories": ["trail"], "url": "https://lopplistan.se/lopp/kalmar-backyard-ultra/", "description": "", "estimated": true}}, {"type": "Feature", "geometry": {"type": "Point", "coordinates": [15.21033, 59.28373]}, "properties": {"id": "se5f7a536bdd33", "country": "SE", "name": "Örebro AIK halvmarathon", "date": "2027-04-15T00:00:00Z", "town": "Örebro", "area": null, "distanceSummary": "21.1, 10.0 km", "distances_km": [10.0, 21.1], "categories": ["road"], "url": "https://lopplistan.se/lopp/orebro-aik-halvmarathon/", "description": "", "estimated": true}}, {"type": "Feature", "geometry": {"type": "Point", "coordinates": [12.32235, 58.38086]}, "properties": {"id": "se54b2e70af573", "country": "SE", "name": "Påskrundan", "date": "2027-04-15T00:00:00Z", "town": "Vänersborg", "area": null, "distanceSummary": "7.0, 0.8, 0.2 km", "distances_km": [0.2, 0.8, 7.0], "categories": ["trail"], "url": "https://lopplistan.se/lopp/paskrundan/", "description": "", "estimated": true}}, {"type": "Feature", "geometry": {"type": "Point", "coordinates": [12.12056, 57.64875]}, "properties": {"id": "se6ac95e92881b", "country": "SE", "name": "Finnsjön 100", "date": "2027-04-15T00:00:00Z", "town": "Mölnlycke", "area": null, "distanceSummary": "varvbana", "distances_km": [], "categories": ["road"], "url": "https://lopplistan.se/lopp/finnsjon-100/", "description": "", "estimated": true}}, {"type": "Feature", "geometry": {"type": "Point", "coordinates": [16.36626, 56.66312]}, "properties": {"id": "seeffbef065466", "country": "SE", "name": "Skälbyloppet", "date": "2027-04-15T00:00:00Z", "town": "Kalmar", "area": null, "distanceSummary": "8.0, 4.0, 1.9, 1.1, 0.6 km", "distances_km": [0.6, 1.1, 1.9, 4.0, 8.0], "categories": ["road"], "url": "https://lopplistan.se/lopp/skalbyloppet/", "description": "", "estimated": true}}, {"type": "Feature", "geometry": {"type": "Point", "coordinates": [13.84312, 58.3895]}, "properties": {"id": "sefbd9f4fda7a9", "country": "SE", "name": "Skövdeloppet", "date": "2027-04-15T00:00:00Z", "town": "Skövde", "area": null, "distanceSummary": "21.1, 10.5, 5.0 km", "distances_km": [5.0, 10.5, 21.1], "categories": ["road"], "url": "https://lopplistan.se/lopp/skovdeloppet/", "description": "", "estimated": true}}, {"type": "Feature", "geometry": {"type": "Point", "coordinates": [13.20313, 55.7024]}, "properties": {"id": "sed65f4ee9e123", "country": "SE", "name": "Skrylleloppet", "date": "2027-04-15T00:00:00Z", "town": "Lund", "area": null, "distanceSummary": "10.0, 5.0, 3.0 km", "distances_km": [3.0, 5.0, 10.0], "categories": ["trail"], "url": "https://lopplistan.se/lopp/skrylleloppet/", "description": "", "estimated": true}}, {"type": "Feature", "geometry": {"type": "Point", "coordinates": [13.84169, 58.3882]}, "properties": {"id": "se904c02ccd2b1", "country": "SE", "name": "Billingen Trail", "date": "2027-04-15T00:00:00Z", "town": "Skövde", "area": null, "distanceSummary": "47.0, 21.0, 12.0 km", "distances_km": [12.0, 21.0, 47.0], "categories": ["trail"], "url": "https://lopplistan.se/lopp/billingen-trail/", "description": "", "estimated": true}}, {"type": "Feature", "geometry": {"type": "Point", "coordinates": [17.53312, 59.57421]}, "properties": {"id": "se20b0bb708f90", "country": "SE", "name": "Bålsta stadslopp", "date": "2027-04-15T00:00:00Z", "town": "Bålsta", "area": null, "distanceSummary": "10.0, 5.0 km", "distances_km": [5.0, 10.0], "categories": ["road"], "url": "https://lopplistan.se/lopp/balsta-stadslopp/", "description": "", "estimated": true}}, {"type": "Feature", "geometry": {"type": "Point", "coordinates": [14.8035, 56.8832]}, "properties": {"id": "se97a203ef8691", "country": "SE", "name": "VXO Ultrafest", "date": "2027-04-15T00:00:00Z", "town": "Växjö", "area": null, "distanceSummary": "24-timmar, 100.0", "distances_km": [24.0, 100.0], "categories": ["road"], "url": "https://lopplistan.se/lopp/vxo-ultrafest/", "description": "", "estimated": true}}, {"type": "Feature", "geometry": {"type": "Point", "coordinates": [18.06973, 59.32244]}, "properties": {"id": "se1c767a36fb77", "country": "SE", "name": "TEC 50 & 100 miles", "date": "2027-04-15T00:00:00Z", "town": "Stockholm", "area": null, "distanceSummary": "161.0, 80.5 km", "distances_km": [80.5, 161.0], "categories": ["trail"], "url": "https://lopplistan.se/lopp/tec-50-100-miles/", "description": "", "estimated": true}}, {"type": "Feature", "geometry": {"type": "Point", "coordinates": [13.08542, 55.66723]}, "properties": {"id": "se8c4c6952f2ba", "country": "SE", "name": "Lomma Backyard Ultra", "date": "2027-04-15T00:00:00Z", "town": "Lomma", "area": null, "distanceSummary": "Backyard ultra", "distances_km": [], "categories": ["trail"], "url": "https://lopplistan.se/lopp/lomma-backyard-ultra/", "description": "", "estimated": true}}, {"type": "Feature", "geometry": {"type": "Point", "coordinates": [13.76357, 56.15874]}, "properties": {"id": "seca5ae96ef78b", "country": "SE", "name": "Hässleholmsloppet", "date": "2027-04-15T00:00:00Z", "town": "Hässleholm", "area": null, "distanceSummary": "21.0, 10.0, 5.4 km", "distances_km": [5.4, 10.0, 21.0], "categories": ["trail"], "url": "https://lopplistan.se/lopp/hassleholmsloppet/", "description": "", "estimated": true}}, {"type": "Feature", "geometry": {"type": "Point", "coordinates": [13.39279, 55.60266]}, "properties": {"id": "sebec61e5e04f1", "country": "SE", "name": "Sprint Trail Frontyard Genarp", "date": "2027-04-15T00:00:00Z", "town": "Genarp", "area": null, "distanceSummary": "Frontyard", "distances_km": [], "categories": ["trail"], "url": "https://lopplistan.se/lopp/sprint-trail-frontyard-genarp/", "description": "", "estimated": true}}, {"type": "Feature", "geometry": {"type": "Point", "coordinates": [15.57058, 56.6176]}, "properties": {"id": "seb3552f3c1c2a", "country": "SE", "name": "WTF Backyard Ultra", "date": "2027-04-15T00:00:00Z", "town": "Lindås", "area": null, "distanceSummary": "Backyard ultra", "distances_km": [], "categories": ["trail"], "url": "https://lopplistan.se/lopp/wtf-backyard-ultra/", "description": "", "estimated": true}}, {"type": "Feature", "geometry": {"type": "Point", "coordinates": [13.50372, 59.38258]}, "properties": {"id": "se6f30f9714edf", "country": "SE", "name": "I2-loppet", "date": "2027-04-15T00:00:00Z", "town": "Karlstad", "area": null, "distanceSummary": "8.0 km", "distances_km": [8.0], "categories": ["road"], "url": "https://lopplistan.se/lopp/i2-loppet/", "description": "", "estimated": true}}, {"type": "Feature", "geometry": {"type": "Point", "coordinates": [17.43789, 59.85245]}, "properties": {"id": "seb7052d91740a", "country": "SE", "name": "Backyard Ultra Vänge", "date": "2027-05-29T00:00:00Z", "town": "Vänge", "area": null, "distanceSummary": "Backyard ultra", "distances_km": [], "categories": ["trail"], "url": "https://lopplistan.se/lopp/backyard-ultra-vange/", "description": "", "estimated": false}}, {"type": "Feature", "geometry": {"type": "Point", "coordinates": [18.07197, 59.32341]}, "properties": {"id": "se9c4b3aed0a93", "country": "SE", "name": "Wings for life", "date": "2027-05-15T00:00:00Z", "town": "Stockholm", "area": null, "distanceSummary": "Så långt du hinner", "distances_km": [], "categories": ["road"], "url": "https://lopplistan.se/lopp/wings-for-life/", "description": "", "estimated": true}}, {"type": "Feature", "geometry": {"type": "Point", "coordinates": [12.71057, 56.05039]}, "properties": {"id": "sefadd4c664e54", "country": "SE", "name": "Springtime", "date": "2027-05-15T00:00:00Z", "town": "Helsingborg", "area": null, "distanceSummary": "10.0, 5.0 km", "distances_km": [5.0, 10.0], "categories": ["road"], "url": "https://lopplistan.se/lopp/springtime/", "description": "", "estimated": true}}, {"type": "Feature", "geometry": {"type": "Point", "coordinates": [11.94538, 58.34479]}, "properties": {"id": "se90b614965d2a", "country": "SE", "name": "Blodomloppet Uddevalla", "date": "2027-05-15T00:00:00Z", "town": "Uddevalla", "area": null, "distanceSummary": "10.0, 5.0 km", "distances_km": [5.0, 10.0], "categories": ["road"], "url": "https://lopplistan.se/lopp/blodomloppet-uddevalla/", "description": "", "estimated": true}}, {"type": "Feature", "geometry": {"type": "Point", "coordinates": [13.15206, 58.5045]}, "properties": {"id": "se5a7cc3230aad", "country": "SE", "name": "Blodomloppet Lidköping", "date": "2027-05-15T00:00:00Z", "town": "Lidköping", "area": null, "distanceSummary": "10.0, 5.0 km", "distances_km": [5.0, 10.0], "categories": ["road"], "url": "https://lopplistan.se/lopp/blodomloppet-lidkoping/", "description": "", "estimated": true}}, {"type": "Feature", "geometry": {"type": "Point", "coordinates": [13.0065, 55.61506]}, "properties": {"id": "see56e71ae01ee", "country": "SE", "name": "Blodomloppet Malmö", "date": "2027-05-15T00:00:00Z", "town": "Malmö", "area": null, "distanceSummary": "10.0, 5.0 km", "distances_km": [5.0, 10.0], "categories": ["road"], "url": "https://lopplistan.se/lopp/blodomloppet-malmo/", "description": "", "estimated": true}}, {"type": "Feature", "geometry": {"type": "Point", "coordinates": [16.1109, 59.43]}, "properties": {"id": "se0a218560f2a2", "country": "SE", "name": "Björnlunken", "date": "2027-05-15T00:00:00Z", "town": "Kungsör", "area": null, "distanceSummary": "18.0, 10.0, 5.5 km", "distances_km": [5.5, 10.0, 18.0], "categories": ["trail"], "url": "https://lopplistan.se/lopp/bjornlunken-1/", "description": "", "estimated": true}}, {"type": "Feature", "geometry": {"type": "Point", "coordinates": [15.62449, 58.41209]}, "properties": {"id": "se9f2cf3618724", "country": "SE", "name": "Blodomloppet Linköping", "date": "2027-05-15T00:00:00Z", "town": "Linköping", "area": null, "distanceSummary": "10.0, 5.0 km", "distances_km": [5.0, 10.0], "categories": ["road"], "url": "https://lopplistan.se/lopp/blodomloppet-linkoping/", "description": "", "estimated": true}}, {"type": "Feature", "geometry": {"type": "Point", "coordinates": [20.26094, 63.83489]}, "properties": {"id": "se27ae0abc9934", "country": "SE", "name": "Blodomloppet Umeå", "date": "2027-05-15T00:00:00Z", "town": "Umeå", "area": null, "distanceSummary": "10.0, 5.0 km", "distances_km": [5.0, 10.0], "categories": ["road"], "url": "https://lopplistan.se/lopp/blodomloppet-umea/", "description": "", "estimated": true}}, {"type": "Feature", "geometry": {"type": "Point", "coordinates": [17.63784, 59.85973]}, "properties": {"id": "se77abc6721c81", "country": "SE", "name": "Blodomloppet Uppsala", "date": "2027-05-15T00:00:00Z", "town": "Uppsala", "area": null, "distanceSummary": "10.0, 5.0 km", "distances_km": [5.0, 10.0], "categories": ["road"], "url": "https://lopplistan.se/lopp/blodomloppet-uppsala/", "description": "", "estimated": true}}, {"type": "Feature", "geometry": {"type": "Point", "coordinates": [15.41968, 60.48145]}, "properties": {"id": "seee6b128a4702", "country": "SE", "name": "Blodomloppet Borlänge", "date": "2027-05-15T00:00:00Z", "town": "Borlänge", "area": null, "distanceSummary": "10.0, 5.0 km", "distances_km": [5.0, 10.0], "categories": ["road"], "url": "https://lopplistan.se/lopp/blodomloppet-borlange/", "description": "", "estimated": true}}, {"type": "Feature", "geometry": {"type": "Point", "coordinates": [17.10325, 61.73421]}, "properties": {"id": "seb01d6f22870d", "country": "SE", "name": "Blodomloppet Hudiksvall", "date": "2027-05-15T00:00:00Z", "town": "Hudiksvall", "area": null, "distanceSummary": "10.0, 5.0 km", "distances_km": [5.0, 10.0], "categories": ["road"], "url": "https://lopplistan.se/lopp/blodomloppet-hudiksvall/", "description": "", "estimated": true}}, {"type": "Feature", "geometry": {"type": "Point", "coordinates": [15.58828, 56.16035]}, "properties": {"id": "se07a69482ef83", "country": "SE", "name": "Blodomloppet Karlskrona", "date": "2027-05-15T00:00:00Z", "town": "Karlskrona", "area": null, "distanceSummary": "10.0, 5.0 km", "distances_km": [5.0, 10.0], "categories": ["road"], "url": "https://lopplistan.se/lopp/blodomloppet-karlskrona/", "description": "", "estimated": true}}, {"type": "Feature", "geometry": {"type": "Point", "coordinates": [11.30226, 58.44101]}, "properties": {"id": "see964395dd2ab", "country": "SE", "name": "Nordens Ark TrailRun", "date": "2027-05-15T00:00:00Z", "town": "Nordens Ark, Hunnebostrand", "area": null, "distanceSummary": "30.0, 15.0, 8.0, 3.0, 2.4, 2.0, 1.0 km", "distances_km": [1.0, 2.0, 2.4, 3.0, 8.0, 15.0, 30.0], "categories": ["trail"], "url": "https://lopplistan.se/lopp/nordens-ark-trailrun/", "description": "", "estimated": true}}, {"type": "Feature", "geometry": {"type": "Point", "coordinates": [18.07672, 59.34394]}, "properties": {"id": "sed283ededb96d", "country": "SE", "name": "Shake Out Run", "date": "2027-05-15T00:00:00Z", "town": "Stockholm Stadion", "area": null, "distanceSummary": "5.0 km", "distances_km": [5.0], "categories": ["road"], "url": "https://lopplistan.se/lopp/shake-out-run/", "description": "", "estimated": true}}, {"type": "Feature", "geometry": {"type": "Point", "coordinates": [12.99519, 55.61294]}, "properties": {"id": "se53378250f97c", "country": "SE", "name": "Vårruset Malmö", "date": "2027-05-15T00:00:00Z", "town": "Malmö", "area": null, "distanceSummary": "5.0, 2.5 km", "distances_km": [2.5, 5.0], "categories": ["road"], "url": "https://lopplistan.se/lopp/varruset-malmo/", "description": "", "estimated": true}}, {"type": "Feature", "geometry": {"type": "Point", "coordinates": [12.70157, 56.04387]}, "properties": {"id": "sef24de377316b", "country": "SE", "name": "Vårruset Helsingborg", "date": "2027-05-15T00:00:00Z", "town": "Helsingborg", "area": null, "distanceSummary": "5.0, 2.5 km", "distances_km": [2.5, 5.0], "categories": ["road"], "url": "https://lopplistan.se/lopp/varruset-helsingborg/", "description": "", "estimated": true}}, {"type": "Feature", "geometry": {"type": "Point", "coordinates": [12.85839, 56.68137]}, "properties": {"id": "se444be8076045", "country": "SE", "name": "Vårruset Halmstad", "date": "2027-05-15T00:00:00Z", "town": "Halmstad", "area": null, "distanceSummary": "5.0, 2.5 km", "distances_km": [2.5, 5.0], "categories": ["road"], "url": "https://lopplistan.se/lopp/varruset-halmstad/", "description": "", "estimated": true}}, {"type": "Feature", "geometry": {"type": "Point", "coordinates": [16.54558, 59.60661]}, "properties": {"id": "sec0093817f6e8", "country": "SE", "name": "Västerås Marathon", "date": "2027-05-15T00:00:00Z", "town": "Västerås", "area": null, "distanceSummary": "42.0, 21.0, 10.0 km", "distances_km": [10.0, 21.0, 42.0], "categories": ["road"], "url": "https://lopplistan.se/lopp/vasteras-marathon/", "description": "", "estimated": true}}, {"type": "Feature", "geometry": {"type": "Point", "coordinates": [14.80602, 56.88717]}, "properties": {"id": "se2b14255f7954", "country": "SE", "name": "Vårruset Växjö", "date": "2027-05-15T00:00:00Z", "town": "Växjö", "area": null, "distanceSummary": "5.0, 2.5 km", "distances_km": [2.5, 5.0], "categories": ["road"], "url": "https://lopplistan.se/lopp/varruset-vaxjo/", "description": "", "estimated": true}}, {"type": "Feature", "geometry": {"type": "Point", "coordinates": [16.15008, 59.7512]}, "properties": {"id": "se23e71ee6dcb8", "country": "SE", "name": "Virsborun", "date": "2027-05-15T00:00:00Z", "town": "Surahammar", "area": null, "distanceSummary": "21.2, 15.9, 10.6, 5.3, 0.85 km", "distances_km": [0.85, 5.3, 10.6, 15.9, 21.2], "categories": ["trail"], "url": "https://lopplistan.se/lopp/virsborun/", "description": "", "estimated": true}}, {"type": "Feature", "geometry": {"type": "Point", "coordinates": [14.16582, 57.78278]}, "properties": {"id": "se49e945c8e5df", "country": "SE", "name": "Vårruset Jönköping", "date": "2027-05-15T00:00:00Z", "town": "Jönköping", "area": null, "distanceSummary": "5.0, 2.5 km", "distances_km": [2.5, 5.0], "categories": ["road"], "url": "https://lopplistan.se/lopp/varruset-jonkoping/", "description": "", "estimated": true}}, {"type": "Feature", "geometry": {"type": "Point", "coordinates": [15.62559, 60.60831]}, "properties": {"id": "seb4a528da9637", "country": "SE", "name": "Vårruset Falun", "date": "2027-05-15T00:00:00Z", "town": "Falun", "area": null, "distanceSummary": "5.0, 2.5 km", "distances_km": [2.5, 5.0], "categories": ["road"], "url": "https://lopplistan.se/lopp/varruset-falun/", "description": "", "estimated": true}}, {"type": "Feature", "geometry": {"type": "Point", "coordinates": [17.14028, 60.67411]}, "properties": {"id": "sed751f3860473", "country": "SE", "name": "Vårruset Gävle", "date": "2027-05-15T00:00:00Z", "town": "Gävle", "area": null, "distanceSummary": "5.0, 2.5 km", "distances_km": [2.5, 5.0], "categories": ["road"], "url": "https://lopplistan.se/lopp/varruset-gavle/", "description": "", "estimated": true}}, {"type": "Feature", "geometry": {"type": "Point", "coordinates": [11.97199, 57.70512]}, "properties": {"id": "see75bc7b7f14b", "country": "SE", "name": "Specialvarvet", "date": "2027-05-15T00:00:00Z", "town": "Göteborg", "area": null, "distanceSummary": "3.3, 2.1 km", "distances_km": [2.1, 3.3], "categories": ["road"], "url": "https://lopplistan.se/lopp/specialvarvet/", "description": "", "estimated": true}}, {"type": "Feature", "geometry": {"type": "Point", "coordinates": [16.19105, 58.58887]}, "properties": {"id": "se51c485e9fb97", "country": "SE", "name": "Vårruset Norrköping", "date": "2027-05-15T00:00:00Z", "town": "Norrköping", "area": null, "distanceSummary": "5.0, 2.5 km", "distances_km": [2.5, 5.0], "categories": ["road"], "url": "https://lopplistan.se/lopp/varruset-norrkoping/", "description": "", "estimated": true}}, {"type": "Feature", "geometry": {"type": "Point", "coordinates": [16.19325, 58.59169]}, "properties": {"id": "sea090a320ab0f", "country": "SE", "name": "Himmelstalundsloppet", "date": "2027-05-15T00:00:00Z", "town": "Norrköping", "area": null, "distanceSummary": "5.0, 0.6, 0.4 km", "distances_km": [0.4, 0.6, 5.0], "categories": ["road"], "url": "https://lopplistan.se/lopp/himmelstalundsloppet/", "description": "", "estimated": true}}, {"type": "Feature", "geometry": {"type": "Point", "coordinates": [11.97734, 57.70723]}, "properties": {"id": "se0c3c242e2906", "country": "SE", "name": "Stafettvarvet", "date": "2027-05-15T00:00:00Z", "town": "Göteborg", "area": null, "distanceSummary": "4x3.2km", "distances_km": [3.2, 4.0], "categories": ["road"], "url": "https://lopplistan.se/lopp/stafettvarvet/", "description": "", "estimated": true}}, {"type": "Feature", "geometry": {"type": "Point", "coordinates": [17.64025, 59.85084]}, "properties": {"id": "se99f58d1c05ad", "country": "SE", "name": "Vårruset Uppsala", "date": "2027-05-15T00:00:00Z", "town": "Uppsala", "area": null, "distanceSummary": "5.0, 2.5 km", "distances_km": [2.5, 5.0], "categories": ["road"], "url": "https://lopplistan.se/lopp/varruset-uppsala/", "description": "", "estimated": true}}, {"type": "Feature", "geometry": {"type": "Point", "coordinates": [16.54637, 59.6027]}, "properties": {"id": "sefe47b958122b", "country": "SE", "name": "Vårruset Västerås", "date": "2027-05-15T00:00:00Z", "town": "Västerås", "area": null, "distanceSummary": "5.0, 2.5 km", "distances_km": [2.5, 5.0], "categories": ["road"], "url": "https://lopplistan.se/lopp/varruset-vasteras/", "description": "", "estimated": true}}, {"type": "Feature", "geometry": {"type": "Point", "coordinates": [12.99991, 55.61009]}, "properties": {"id": "see86ee6a1e576", "country": "SE", "name": "Glädjeruset Malmö", "date": "2027-05-15T00:00:00Z", "town": "Malmö", "area": null, "distanceSummary": "5.0, 2.5 km", "distances_km": [2.5, 5.0], "categories": ["road"], "url": "https://lopplistan.se/lopp/gladjeruset-malmo/", "description": "", "estimated": true}}, {"type": "Feature", "geometry": {"type": "Point", "coordinates": [15.22459, 59.27165]}, "properties": {"id": "sef269e6ec732b", "country": "SE", "name": "Vårruset Örebro", "date": "2027-05-15T00:00:00Z", "town": "Örebro", "area": null, "distanceSummary": "5.0, 2.5 km", "distances_km": [2.5, 5.0], "categories": ["road"], "url": "https://lopplistan.se/lopp/varruset-orebro/", "description": "", "estimated": true}}, {"type": "Feature", "geometry": {"type": "Point", "coordinates": [12.9344, 57.71926]}, "properties": {"id": "sef7648eecf1a3", "country": "SE", "name": "Borås Trail Run", "date": "2027-05-15T00:00:00Z", "town": "Borås", "area": null, "distanceSummary": "24.0, 12.0 km", "distances_km": [12.0, 24.0], "categories": ["trail"], "url": "https://lopplistan.se/lopp/boras-trail-run/", "description": "", "estimated": true}}, {"type": "Feature", "geometry": {"type": "Point", "coordinates": [16.87094, 61.7584]}, "properties": {"id": "se2c5be46c883a", "country": "SE", "name": "Borgarloppet Trail Race", "date": "2027-05-15T00:00:00Z", "town": "Näsviken", "area": null, "distanceSummary": "23.0, 13.0, 6.0, 3.0, 0.6 km", "distances_km": [0.6, 3.0, 6.0, 13.0, 23.0], "categories": ["trail"], "url": "https://lopplistan.se/lopp/borgarloppet-trail-race/", "description": "", "estimated": true}}, {"type": "Feature", "geometry": {"type": "Point", "coordinates": [21.57191, 65.42801]}, "properties": {"id": "se2ba9be741d2d", "country": "SE", "name": "Peters Trail", "date": "2027-05-15T00:00:00Z", "town": "Småland", "area": null, "distanceSummary": "Stafett, 107.0, 54.0 km", "distances_km": [54.0, 107.0], "categories": ["trail"], "url": "https://lopplistan.se/lopp/peters-trail/", "description": "", "estimated": true}}, {"type": "Feature", "geometry": {"type": "Point", "coordinates": [17.57957, 60.13785]}, "properties": {"id": "see6517683a06f", "country": "SE", "name": "Ottarsloppet & Ottarsloppet Ultra", "date": "2027-05-15T00:00:00Z", "town": "Ottarsborg", "area": null, "distanceSummary": "69.0, 46.0, 23.0, 15.0, 5.0 km", "distances_km": [5.0, 15.0, 23.0, 46.0, 69.0], "categories": ["road"], "url": "https://lopplistan.se/lopp/ottarsloppet-ottarsloppet-ultra/", "description": "", "estimated": true}}, {"type": "Feature", "geometry": {"type": "Point", "coordinates": [12.86231, 56.24261]}, "properties": {"id": "se147230a2452c", "country": "SE", "name": "Änglamilen", "date": "2027-05-15T00:00:00Z", "town": "Ängelholm", "area": null, "distanceSummary": "10.0, 5.0, 2.5, 0.75 km", "distances_km": [0.75, 2.5, 5.0, 10.0], "categories": ["road"], "url": "https://lopplistan.se/lopp/anglamilen/", "description": "", "estimated": true}}, {"type": "Feature", "geometry": {"type": "Point", "coordinates": [17.71833, 62.40897]}, "properties": {"id": "seb44e6a9341c8", "country": "SE", "name": "Åstöloppet Trail", "date": "2027-05-15T00:00:00Z", "town": "Skeppshamn, Åstön", "area": null, "distanceSummary": "14.0, 8.0, 4.0, 1.0 km", "distances_km": [1.0, 4.0, 8.0, 14.0], "categories": ["trail"], "url": "https://lopplistan.se/lopp/astoloppet-trail/", "description": "", "estimated": true}}, {"type": "Feature", "geometry": {"type": "Point", "coordinates": [16.35953, 58.67789]}, "properties": {"id": "se4bc3bc7882e4", "country": "SE", "name": "KolmårdsTrailen", "date": "2027-05-15T00:00:00Z", "town": "Kolmården", "area": null, "distanceSummary": "21.0, 10.0, 6.0, 0.5 km", "distances_km": [0.5, 6.0, 10.0, 21.0], "categories": ["trail"], "url": "https://lopplistan.se/lopp/kolmardstrailen/", "description": "", "estimated": true}}, {"type": "Feature", "geometry": {"type": "Point", "coordinates": [13.84314, 58.38776]}, "properties": {"id": "se864ee9629957", "country": "SE", "name": "ParaRun", "date": "2027-05-15T00:00:00Z", "town": "Skövde", "area": null, "distanceSummary": "1.0 km", "distances_km": [1.0], "categories": ["road"], "url": "https://lopplistan.se/lopp/pararun/", "description": "", "estimated": true}}, {"type": "Feature", "geometry": {"type": "Point", "coordinates": [13.84849, 58.38085]}, "properties": {"id": "se4d233e4e66e8", "country": "SE", "name": "Papricaloppet", "date": "2027-05-15T00:00:00Z", "town": "Skövde", "area": null, "distanceSummary": "1.0 km", "distances_km": [1.0], "categories": ["road"], "url": "https://lopplistan.se/lopp/papricaloppet-1/", "description": "", "estimated": true}}, {"type": "Feature", "geometry": {"type": "Point", "coordinates": [14.2165, 58.29905]}, "properties": {"id": "sedac238b5a5c0", "country": "SE", "name": "Hjoggen", "date": "2027-05-15T00:00:00Z", "town": "Hjo", "area": null, "distanceSummary": "9.6, 6.4, 3.2 km", "distances_km": [3.2, 6.4, 9.6], "categories": ["road"], "url": "https://lopplistan.se/lopp/hjoggen/", "description": "", "estimated": true}}, {"type": "Feature", "geometry": {"type": "Point", "coordinates": [11.25945, 58.42547]}, "properties": {"id": "se8d73e60c85ae", "country": "SE", "name": "Järv Äventyr Ramsvik", "date": "2027-05-15T00:00:00Z", "town": "Ramsvik", "area": null, "distanceSummary": "10.0, 5.0 km", "distances_km": [5.0, 10.0], "categories": ["trail"], "url": "https://lopplistan.se/lopp/jarv-aventyr-ramsvik/", "description": "", "estimated": true}}, {"type": "Feature", "geometry": {"type": "Point", "coordinates": [18.06202, 59.32335]}, "properties": {"id": "se0fc65e9b0306", "country": "SE", "name": "Järv Äventyr Stockholm", "date": "2027-05-15T00:00:00Z", "town": "Stockholm", "area": null, "distanceSummary": "9.0, 5.0 km", "distances_km": [5.0, 9.0], "categories": ["trail"], "url": "https://lopplistan.se/lopp/jarv-aventyr-stockholm/", "description": "", "estimated": true}}, {"type": "Feature", "geometry": {"type": "Point", "coordinates": [18.2943, 57.53987]}, "properties": {"id": "se9ef3d038f152", "country": "SE", "name": "Gotland Rebel Race 2", "date": "2027-05-15T00:00:00Z", "town": "Gotland", "area": null, "distanceSummary": "22.0, 11.0 km", "distances_km": [11.0, 22.0], "categories": ["road"], "url": "https://lopplistan.se/lopp/gotland-rebel-race-2/", "description": "", "estimated": true}}, {"type": "Feature", "geometry": {"type": "Point", "coordinates": [12.66275, 56.98347]}, "properties": {"id": "se86ee46a1500c", "country": "SE", "name": "Hallandsloppet Trail", "date": "2027-05-15T00:00:00Z", "town": "Vessigebro", "area": null, "distanceSummary": "10.0, 5.0, 2.0, 0.4 km", "distances_km": [0.4, 2.0, 5.0, 10.0], "categories": ["trail"], "url": "https://lopplistan.se/lopp/hallandsloppet-trail/", "description": "", "estimated": true}}, {"type": "Feature", "geometry": {"type": "Point", "coordinates": [16.18633, 58.59214]}, "properties": {"id": "se417b3a9bf0f1", "country": "SE", "name": "Norrköpingsstafetten", "date": "2027-05-15T00:00:00Z", "town": "Norrköping", "area": null, "distanceSummary": "4x4", "distances_km": [4.0], "categories": ["road"], "url": "https://lopplistan.se/lopp/norrkopingsstafetten/", "description": "", "estimated": true}}, {"type": "Feature", "geometry": {"type": "Point", "coordinates": [15.1253, 58.31709]}, "properties": {"id": "se575d6ebb317d", "country": "SE", "name": "Östgötatidningen Mjölby Stadslopp", "date": "2027-05-15T00:00:00Z", "town": "Mjölby", "area": null, "distanceSummary": "6.0, 3.0, 1.1 km", "distances_km": [1.1, 3.0, 6.0], "categories": ["road"], "url": "https://lopplistan.se/lopp/ostgotatidningen-mjolby-stadslopp/", "description": "", "estimated": true}}, {"type": "Feature", "geometry": {"type": "Point", "coordinates": [14.30294, 55.9312]}, "properties": {"id": "seff5390c74204", "country": "SE", "name": "Knatteknatet Åhus", "date": "2027-05-15T00:00:00Z", "town": "Åhus", "area": null, "distanceSummary": "1.2, 0.8, 0.4 km", "distances_km": [0.4, 0.8, 1.2], "categories": ["road"], "url": "https://lopplistan.se/lopp/knatteknatet-ahus/", "description": "", "estimated": true}}, {"type": "Feature", "geometry": {"type": "Point", "coordinates": [13.51092, 59.3812]}, "properties": {"id": "sea1f0c7ab2306", "country": "SE", "name": "Knatteknatet Karlstad", "date": "2027-05-15T00:00:00Z", "town": "Karlstad", "area": null, "distanceSummary": "1.2, 0.8, 0.4 km", "distances_km": [0.4, 0.8, 1.2], "categories": ["road"], "url": "https://lopplistan.se/lopp/knatteknatet-karlstad/", "description": "", "estimated": true}}, {"type": "Feature", "geometry": {"type": "Point", "coordinates": [14.63571, 63.16989]}, "properties": {"id": "se80712a7a89a7", "country": "SE", "name": "Knatteknatet Östersund", "date": "2027-05-15T00:00:00Z", "town": "Östersund", "area": null, "distanceSummary": "1.5, 0.8, 0.4 km", "distances_km": [0.4, 0.8, 1.5], "categories": ["road"], "url": "https://lopplistan.se/lopp/knatteknatet-ostersund/", "description": "", "estimated": true}}, {"type": "Feature", "geometry": {"type": "Point", "coordinates": [17.30146, 62.38299]}, "properties": {"id": "seb4076983bb68", "country": "SE", "name": "Knatteknatet Sundsvall", "date": "2027-05-15T00:00:00Z", "town": "Sundsvall", "area": null, "distanceSummary": "1.2, 0.8, 0.4 km", "distances_km": [0.4, 0.8, 1.2], "categories": ["road"], "url": "https://lopplistan.se/lopp/knatteknatet-sundsvall/", "description": "", "estimated": true}}, {"type": "Feature", "geometry": {"type": "Point", "coordinates": [16.37566, 56.66972]}, "properties": {"id": "see871130f0d56", "country": "SE", "name": "Kalvinknatet Kalmar", "date": "2027-05-15T00:00:00Z", "town": "Kalmar", "area": null, "distanceSummary": "1.4, 1.0, 0.6 km", "distances_km": [0.6, 1.0, 1.4], "categories": ["road"], "url": "https://lopplistan.se/lopp/kalvinknatet-kalmar/", "description": "", "estimated": true}}, {"type": "Feature", "geometry": {"type": "Point", "coordinates": [17.06166, 61.29343]}, "properties": {"id": "se8f137314fc40", "country": "SE", "name": "Knatteknatet Söderhamn", "date": "2027-05-15T00:00:00Z", "town": "Söderhamn", "area": null, "distanceSummary": "1.2, 0.8, 0.4 km", "distances_km": [0.4, 0.8, 1.2], "categories": ["road"], "url": "https://lopplistan.se/lopp/knatteknatet-soderhamn/", "description": "", "estimated": true}}, {"type": "Feature", "geometry": {"type": "Point", "coordinates": [17.30756, 62.39274]}, "properties": {"id": "see889fa9879d9", "country": "SE", "name": "Sidsjö Trail", "date": "2027-05-15T00:00:00Z", "town": "Sundsvall", "area": null, "distanceSummary": "12.0, 6.0, 3.0, 1.0 km", "distances_km": [1.0, 3.0, 6.0, 12.0], "categories": ["trail"], "url": "https://lopplistan.se/lopp/sidsjo-trail/", "description": "", "estimated": true}}, {"type": "Feature", "geometry": {"type": "Point", "coordinates": [18.07098, 59.32514]}, "properties": {"id": "se22c71ed802cb", "country": "SE", "name": "Knatteknatet Stockholm", "date": "2027-05-15T00:00:00Z", "town": "Stockholm", "area": null, "distanceSummary": "1.5, 0.8, 0.4 km", "distances_km": [0.4, 0.8, 1.5], "categories": ["road"], "url": "https://lopplistan.se/lopp/knatteknatet-stockholm/", "description": "", "estimated": true}}, {"type": "Feature", "geometry": {"type": "Point", "coordinates": [11.96816, 57.71263]}, "properties": {"id": "se7866e850e8b6", "country": "SE", "name": "Göteborgsvarvet", "date": "2027-05-15T00:00:00Z", "town": "Göteborg", "area": null, "distanceSummary": "21.1 km", "distances_km": [21.1], "categories": ["road"], "url": "https://lopplistan.se/lopp/goteborgsvarvet/", "description": "", "estimated": true}}, {"type": "Feature", "geometry": {"type": "Point", "coordinates": [16.50527, 59.36814]}, "properties": {"id": "se4d8b53bc8f85", "country": "SE", "name": "Knatteknatet Eskilstuna", "date": "2027-05-15T00:00:00Z", "town": "Eskilstuna", "area": null, "distanceSummary": "1.2, 0.8, 0.4 km", "distances_km": [0.4, 0.8, 1.2], "categories": ["road"], "url": "https://lopplistan.se/lopp/knatteknatet-eskilstuna/", "description": "", "estimated": true}}, {"type": "Feature", "geometry": {"type": "Point", "coordinates": [15.21481, 59.27491]}, "properties": {"id": "se35c097bb2bb0", "country": "SE", "name": "Knatteknatet Örebro", "date": "2027-05-15T00:00:00Z", "town": "Örebro", "area": null, "distanceSummary": "1.5, 0.8, 0.4 km", "distances_km": [0.4, 0.8, 1.5], "categories": ["road"], "url": "https://lopplistan.se/lopp/knatteknatet-orebro/", "description": "", "estimated": true}}, {"type": "Feature", "geometry": {"type": "Point", "coordinates": [14.16637, 57.785]}, "properties": {"id": "se212d6e5f3bf4", "country": "SE", "name": "Knatteknatet Jönköping", "date": "2027-05-15T00:00:00Z", "town": "Jönköping", "area": null, "distanceSummary": "1.4, 0.8, 0.5, 0.3 km", "distances_km": [0.3, 0.5, 0.8, 1.4], "categories": ["road"], "url": "https://lopplistan.se/lopp/knatteknatet-jonkoping/", "description": "", "estimated": true}}, {"type": "Feature", "geometry": {"type": "Point", "coordinates": [12.56643, 56.19998]}, "properties": {"id": "seb432513ae7e2", "country": "SE", "name": "Knatteknatet Höganäs", "date": "2027-05-15T00:00:00Z", "town": "Höganäs", "area": null, "distanceSummary": "1.3, 0.9, 0.5 km", "distances_km": [0.5, 0.9, 1.3], "categories": ["road"], "url": "https://lopplistan.se/lopp/knatteknatet-hoganas/", "description": "", "estimated": true}}, {"type": "Feature", "geometry": {"type": "Point", "coordinates": [11.96021, 57.70152]}, "properties": {"id": "se4ba7b5818221", "country": "SE", "name": "Trailvarvet", "date": "2027-05-15T00:00:00Z", "town": "Göteborg", "area": null, "distanceSummary": "11.5, 6.0 km", "distances_km": [6.0, 11.5], "categories": ["trail"], "url": "https://lopplistan.se/lopp/trailvarvet/", "description": "", "estimated": true}}, {"type": "Feature", "geometry": {"type": "Point", "coordinates": [17.4958, 58.8345]}, "properties": {"id": "se680b44b42b09", "country": "SE", "name": "Trosa Ultra Backyard", "date": "2027-05-15T00:00:00Z", "town": "Trosa", "area": null, "distanceSummary": "Backyard ultra", "distances_km": [], "categories": ["road"], "url": "https://lopplistan.se/lopp/trosa-ultra-backyard/", "description": "", "estimated": true}}, {"type": "Feature", "geometry": {"type": "Point", "coordinates": [14.81167, 56.8835]}, "properties": {"id": "se6aa6781d41c5", "country": "SE", "name": "Växjöloppet", "date": "2027-05-15T00:00:00Z", "town": "Växjö", "area": null, "distanceSummary": "Barndistans, 21.0, 10.0, 4.7 km", "distances_km": [4.7, 10.0, 21.0], "categories": ["road"], "url": "https://lopplistan.se/lopp/vaxjoloppet/", "description": "", "estimated": true}}, {"type": "Feature", "geometry": {"type": "Point", "coordinates": [11.96713, 57.70411]}, "properties": {"id": "se3b68ad3b659c", "country": "SE", "name": "Cityvarvet", "date": "2027-05-15T00:00:00Z", "town": "Göteborg", "area": null, "distanceSummary": "4.3 km", "distances_km": [4.3], "categories": ["road"], "url": "https://lopplistan.se/lopp/cityvarvet/", "description": "", "estimated": true}}, {"type": "Feature", "geometry": {"type": "Point", "coordinates": [17.33536, 59.7439]}, "properties": {"id": "se2e1360166d39", "country": "SE", "name": "Aros marathon", "date": "2027-05-15T00:00:00Z", "town": "Uppsala-Enköping", "area": null, "distanceSummary": "50.0, 25.0 km", "distances_km": [25.0, 50.0], "categories": ["road"], "url": "https://lopplistan.se/lopp/aros-marathon/", "description": "", "estimated": true}}, {"type": "Feature", "geometry": {"type": "Point", "coordinates": [15.27334, 58.56084]}, "properties": {"id": "se0b873a87a095", "country": "SE", "name": "Kanallöpet", "date": "2027-05-15T00:00:00Z", "town": "Borensberg", "area": null, "distanceSummary": "21.1, 10.0, 5.0 km", "distances_km": [5.0, 10.0, 21.1], "categories": ["road"], "url": "https://lopplistan.se/lopp/kanallopet/", "description": "", "estimated": true}}, {"type": "Feature", "geometry": {"type": "Point", "coordinates": [18.09763, 59.4031]}, "properties": {"id": "se9962c184a7e4", "country": "SE", "name": "DTC-loppet", "date": "2027-05-15T00:00:00Z", "town": "Djursholm", "area": null, "distanceSummary": "10.0, 5.0 km", "distances_km": [5.0, 10.0], "categories": ["road"], "url": "https://lopplistan.se/lopp/dtc-loppet/", "description": "", "estimated": true}}, {"type": "Feature", "geometry": {"type": "Point", "coordinates": [11.97119, 57.71155]}, "properties": {"id": "se1c22035381c1", "country": "SE", "name": "Vårruset Göteborg", "date": "2027-05-15T00:00:00Z", "town": "Göteborg", "area": null, "distanceSummary": "5.0, 2.5 km", "distances_km": [2.5, 5.0], "categories": ["road"], "url": "https://lopplistan.se/lopp/varruset-goteborg/", "description": "", "estimated": true}}, {"type": "Feature", "geometry": {"type": "Point", "coordinates": [11.9682, 57.70704]}, "properties": {"id": "sec2be2e590d79", "country": "SE", "name": "Skatås ryggar", "date": "2027-05-15T00:00:00Z", "town": "Göteborg", "area": null, "distanceSummary": "21.1, 14.0, 7.0 km", "distances_km": [7.0, 14.0, 21.1], "categories": ["trail"], "url": "https://lopplistan.se/lopp/skatas-ryggar/", "description": "", "estimated": true}}, {"type": "Feature", "geometry": {"type": "Point", "coordinates": [12.94616, 57.71547]}, "properties": {"id": "se89d9fbeac184", "country": "SE", "name": "Borås Ultra Marathon", "date": "2027-05-15T00:00:00Z", "town": "Borås", "area": null, "distanceSummary": "91.0, 50.0, 18.0 km", "distances_km": [18.0, 50.0, 91.0], "categories": ["trail"], "url": "https://lopplistan.se/lopp/boras-ultra-marathon/", "description": "", "estimated": true}}, {"type": "Feature", "geometry": {"type": "Point", "coordinates": [17.3164, 62.38602]}, "properties": {"id": "see1bd0b5d61d9", "country": "SE", "name": "Sundsvall Trail", "date": "2027-05-15T00:00:00Z", "town": "Sundsvall", "area": null, "distanceSummary": "27.0, 14.0, 9.0, 5.0, 2.0 km", "distances_km": [2.0, 5.0, 9.0, 14.0, 27.0], "categories": ["trail"], "url": "https://lopplistan.se/lopp/sundsvall-trail/", "description": "", "estimated": true}}, {"type": "Feature", "geometry": {"type": "Point", "coordinates": [17.01433, 58.75344]}, "properties": {"id": "sed975e8b01861", "country": "SE", "name": "Rosvallaloppet", "date": "2027-05-15T00:00:00Z", "town": "Nyköping", "area": null, "distanceSummary": "10.0, 5.0 km", "distances_km": [5.0, 10.0], "categories": ["trail"], "url": "https://lopplistan.se/lopp/rosvallaloppet/", "description": "", "estimated": true}}, {"type": "Feature", "geometry": {"type": "Point", "coordinates": [16.36956, 56.66714]}, "properties": {"id": "se036dcfd7f69e", "country": "SE", "name": "Glädjeruset Kalmar", "date": "2027-05-15T00:00:00Z", "town": "Kalmar", "area": null, "distanceSummary": "5.0, 1.0, 0.4 km", "distances_km": [0.4, 1.0, 5.0], "categories": ["road"], "url": "https://lopplistan.se/lopp/gladjeruset-kalmar/", "description": "", "estimated": true}}, {"type": "Feature", "geometry": {"type": "Point", "coordinates": [14.61355, 60.16688]}, "properties": {"id": "secea85235e131", "country": "SE", "name": "Säfsbygdens BU", "date": "2027-05-15T00:00:00Z", "town": "Ulriksberg", "area": null, "distanceSummary": "Backyard ultra", "distances_km": [], "categories": ["trail"], "url": "https://lopplistan.se/lopp/safsbygdens-bu/", "description": "", "estimated": true}}, {"type": "Feature", "geometry": {"type": "Point", "coordinates": [14.67458, 57.33292]}, "properties": {"id": "se534bdf2098c3", "country": "SE", "name": "Highland Charity Backyard Ultra Run", "date": "2027-05-15T00:00:00Z", "town": "Sävsjö", "area": null, "distanceSummary": "Backyard ultra", "distances_km": [], "categories": ["trail"], "url": "https://lopplistan.se/lopp/highland-charity-backyard-ultra-run/", "description": "", "estimated": true}}, {"type": "Feature", "geometry": {"type": "Point", "coordinates": [11.96585, 57.71833]}, "properties": {"id": "se1ddf21e4cd69", "country": "SE", "name": "Lilla Varvet", "date": "2027-05-15T00:00:00Z", "town": "Göteborg", "area": null, "distanceSummary": "2.4, 1.3 km", "distances_km": [1.3, 2.4], "categories": ["road"], "url": "https://lopplistan.se/lopp/lilla-varvet/", "description": "", "estimated": true}}, {"type": "Feature", "geometry": {"type": "Point", "coordinates": [14.81363, 56.88628]}, "properties": {"id": "see45aca7b2644", "country": "SE", "name": "VAIS-loppet", "date": "2027-05-15T00:00:00Z", "town": "Växjö", "area": null, "distanceSummary": "8.4, 4.4 km", "distances_km": [4.4, 8.4], "categories": ["trail"], "url": "https://lopplistan.se/lopp/vais-loppet/", "description": "", "estimated": true}}, {"type": "Feature", "geometry": {"type": "Point", "coordinates": [17.86544, 59.40925]}, "properties": {"id": "se1843b8c94cec", "country": "SE", "name": "BAUHAUS loppet", "date": "2027-05-15T00:00:00Z", "town": "Barkarby", "area": null, "distanceSummary": "5.0, 1.0 km", "distances_km": [1.0, 5.0], "categories": ["road"], "url": "https://lopplistan.se/lopp/bauhaus-loppet/", "description": "", "estimated": true}}, {"type": "Feature", "geometry": {"type": "Point", "coordinates": [11.25554, 58.54831]}, "properties": {"id": "se7473c60d1ff4", "country": "SE", "name": "Provlöp av Bohusläns Saltaste", "date": "2027-05-15T00:00:00Z", "town": "Hamburgö", "area": null, "distanceSummary": "13.0, 11.0, 6.5 km", "distances_km": [6.5, 11.0, 13.0], "categories": ["trail"], "url": "https://lopplistan.se/lopp/provlop-av-bohuslans-saltaste/", "description": "", "estimated": true}}, {"type": "Feature", "geometry": {"type": "Point", "coordinates": [14.9803, 57.67493]}, "properties": {"id": "se998095e1771a", "country": "SE", "name": "Eksjö Stadslopp", "date": "2027-05-15T00:00:00Z", "town": "Eksjö", "area": null, "distanceSummary": "10.0, 5.0, 1.0, 0.6 km", "distances_km": [0.6, 1.0, 5.0, 10.0], "categories": ["road"], "url": "https://lopplistan.se/lopp/eksjo-stadslopp/", "description": "", "estimated": true}}, {"type": "Feature", "geometry": {"type": "Point", "coordinates": [15.79494, 57.40562]}, "properties": {"id": "se4fc92e44088b", "country": "SE", "name": "Strandmilen", "date": "2027-05-15T00:00:00Z", "town": "Hultsfred", "area": null, "distanceSummary": "10.0 km", "distances_km": [10.0], "categories": ["road"], "url": "https://lopplistan.se/lopp/strandmilen/", "description": "", "estimated": true}}, {"type": "Feature", "geometry": {"type": "Point", "coordinates": [13.08051, 63.40384]}, "properties": {"id": "se9d194fb75a38", "country": "SE", "name": "Åre Halvmaraton", "date": "2027-05-15T00:00:00Z", "town": "Åre", "area": null, "distanceSummary": "21.1, 5.0, 1.7, 0.5 km", "distances_km": [0.5, 1.7, 5.0, 21.1], "categories": ["road"], "url": "https://lopplistan.se/lopp/are-halvmaraton/", "description": "", "estimated": true}}, {"type": "Feature", "geometry": {"type": "Point", "coordinates": [18.29609, 57.63174]}, "properties": {"id": "se5d12e19a3275", "country": "SE", "name": "Ladingsränne/​Smafolksränne", "date": "2027-05-15T00:00:00Z", "town": "Visby", "area": null, "distanceSummary": "10.0, 5.0, 2.5 km", "distances_km": [2.5, 5.0, 10.0], "categories": ["road"], "url": "https://lopplistan.se/lopp/ladingsranne-smafolksranne/", "description": "", "estimated": true}}, {"type": "Feature", "geometry": {"type": "Point", "coordinates": [18.71375, 63.29868]}, "properties": {"id": "sef608942f20ae", "country": "SE", "name": "Hägglundsjoggen - 1 av 5", "date": "2027-05-15T00:00:00Z", "town": "Örnsköldsvik", "area": null, "distanceSummary": "4.0 km", "distances_km": [4.0], "categories": ["road"], "url": "https://lopplistan.se/lopp/hagglundsjoggen-1-av-5/", "description": "", "estimated": true}}, {"type": "Feature", "geometry": {"type": "Point", "coordinates": [18.71574, 63.28863]}, "properties": {"id": "se5e0d9cb1dc00", "country": "SE", "name": "Hägglundsjoggen - 2 av 5", "date": "2027-05-15T00:00:00Z", "town": "Örnsköldsvik", "area": null, "distanceSummary": "4.0 km", "distances_km": [4.0], "categories": ["road"], "url": "https://lopplistan.se/lopp/hagglundsjoggen-2-av-5/", "description": "", "estimated": true}}, {"type": "Feature", "geometry": {"type": "Point", "coordinates": [17.94912, 59.42838]}, "properties": {"id": "sefb71a30abcda", "country": "SE", "name": "Turebergsstafetten", "date": "2027-05-15T00:00:00Z", "town": "Sollentuna", "area": null, "distanceSummary": "Stafett", "distances_km": [], "categories": ["road"], "url": "https://lopplistan.se/lopp/turebergsstafetten/", "description": "", "estimated": true}}, {"type": "Feature", "geometry": {"type": "Point", "coordinates": [11.96384, 57.70785]}, "properties": {"id": "se11525e232f05", "country": "SE", "name": "Änggårdsbergen Trailrun", "date": "2027-05-15T00:00:00Z", "town": "Göteborg", "area": null, "distanceSummary": "12.5 km", "distances_km": [12.5], "categories": ["trail"], "url": "https://lopplistan.se/lopp/anggardsbergen-trailrun/", "description": "", "estimated": true}}, {"type": "Feature", "geometry": {"type": "Point", "coordinates": [12.9382, 57.73207]}, "properties": {"id": "sed7db5bc3b9db", "country": "SE", "name": "Avloppet", "date": "2027-05-15T00:00:00Z", "town": "Borås", "area": null, "distanceSummary": "5.0 km", "distances_km": [5.0], "categories": ["trail"], "url": "https://lopplistan.se/lopp/avloppet/", "description": "", "estimated": true}}, {"type": "Feature", "geometry": {"type": "Point", "coordinates": [16.62688, 57.75695]}, "properties": {"id": "se9c03c72b754e", "country": "SE", "name": "Västerviksfemman", "date": "2027-05-15T00:00:00Z", "town": "Västervik", "area": null, "distanceSummary": "5.0 km", "distances_km": [5.0], "categories": ["road"], "url": "https://lopplistan.se/lopp/vasterviksfemman/", "description": "", "estimated": true}}, {"type": "Feature", "geometry": {"type": "Point", "coordinates": [17.63612, 59.85893]}, "properties": {"id": "se9e099680368e", "country": "SE", "name": "Uppsala 6-timmars", "date": "2027-05-15T00:00:00Z", "town": "Uppsala", "area": null, "distanceSummary": "6-timmar, 42.2", "distances_km": [6.0, 42.2], "categories": ["road"], "url": "https://lopplistan.se/lopp/uppsala-6-timmars/", "description": "", "estimated": true}}, {"type": "Feature", "geometry": {"type": "Point", "coordinates": [18.71756, 63.29391]}, "properties": {"id": "se0faf8aa4d57a", "country": "SE", "name": "Hägglundsjoggen - 3 av 5", "date": "2027-05-15T00:00:00Z", "town": "Örnsköldsvik", "area": null, "distanceSummary": "4.0 km", "distances_km": [4.0], "categories": ["road"], "url": "https://lopplistan.se/lopp/hagglundsjoggen-3-av-5/", "description": "", "estimated": true}}, {"type": "Feature", "geometry": {"type": "Point", "coordinates": [13.44974, 57.24933]}, "properties": {"id": "se59e9d01f3784", "country": "SE", "name": "Bårarydsloppet", "date": "2027-05-15T00:00:00Z", "town": "Gislaved", "area": null, "distanceSummary": "8.0, 5.0, 1.5 km", "distances_km": [1.5, 5.0, 8.0], "categories": ["trail"], "url": "https://lopplistan.se/lopp/bararydsloppet/", "description": "", "estimated": true}}, {"type": "Feature", "geometry": {"type": "Point", "coordinates": [18.71423, 63.28263]}, "properties": {"id": "se9cd896b861eb", "country": "SE", "name": "Hägglundsjoggen - 4 av 5", "date": "2027-05-15T00:00:00Z", "town": "Örnsköldsvik", "area": null, "distanceSummary": "4.0 km", "distances_km": [4.0], "categories": ["road"], "url": "https://lopplistan.se/lopp/hagglundsjoggen-4-av-5/", "description": "", "estimated": true}}, {"type": "Feature", "geometry": {"type": "Point", "coordinates": [13.65859, 56.33634]}, "properties": {"id": "seec92c26fd4fb", "country": "SE", "name": "Vittsjön Runt", "date": "2027-05-15T00:00:00Z", "town": "Vittsjö", "area": null, "distanceSummary": "10.0, 5.8, 3.0 km", "distances_km": [3.0, 5.8, 10.0], "categories": ["road"], "url": "https://lopplistan.se/lopp/vittsjon-runt/", "description": "", "estimated": true}}, {"type": "Feature", "geometry": {"type": "Point", "coordinates": [13.84305, 58.38291]}, "properties": {"id": "see46af4688544", "country": "SE", "name": "X-trail ParaRun", "date": "2027-05-15T00:00:00Z", "town": "Skövde", "area": null, "distanceSummary": "1.0 km", "distances_km": [1.0], "categories": ["trail"], "url": "https://lopplistan.se/lopp/x-trail-pararun/", "description": "", "estimated": true}}, {"type": "Feature", "geometry": {"type": "Point", "coordinates": [17.93946, 59.34133]}, "properties": {"id": "se5df1b4600c74", "country": "SE", "name": "Tolvanloppet", "date": "2027-05-15T00:00:00Z", "town": "Bromma", "area": null, "distanceSummary": "12.0, 6.0, 2.0, 0.5, 0.25, 0.15 km", "distances_km": [0.15, 0.25, 0.5, 2.0, 6.0, 12.0], "categories": ["road"], "url": "https://lopplistan.se/lopp/tolvanloppet/", "description": "", "estimated": true}}, {"type": "Feature", "geometry": {"type": "Point", "coordinates": [13.38863, 55.60244]}, "properties": {"id": "se2be47d49ef3f", "country": "SE", "name": "Risenloppet", "date": "2027-05-15T00:00:00Z", "town": "Genarp", "area": null, "distanceSummary": "10.7, 5.0 km", "distances_km": [5.0, 10.7], "categories": ["road"], "url": "https://lopplistan.se/lopp/risenloppet/", "description": "", "estimated": true}}, {"type": "Feature", "geometry": {"type": "Point", "coordinates": [15.53009, 56.69158]}, "properties": {"id": "se6a47469c8cef", "country": "SE", "name": "Broakullaloppet", "date": "2027-05-15T00:00:00Z", "town": "Broakulla", "area": null, "distanceSummary": "7.5, 2.3 km", "distances_km": [2.3, 7.5], "categories": ["road"], "url": "https://lopplistan.se/lopp/broakullaloppet/", "description": "", "estimated": true}}, {"type": "Feature", "geometry": {"type": "Point", "coordinates": [13.02265, 55.46648]}, "properties": {"id": "sedafc766d3f12", "country": "SE", "name": "Vellinge Beer Run", "date": "2027-05-15T00:00:00Z", "town": "Vellinge", "area": null, "distanceSummary": "5.0, 1.6 km", "distances_km": [1.6, 5.0], "categories": ["road"], "url": "https://lopplistan.se/lopp/vellinge-beer-run/", "description": "", "estimated": true}}, {"type": "Feature", "geometry": {"type": "Point", "coordinates": [16.50049, 59.36835]}, "properties": {"id": "sef8a46f32c9c2", "country": "SE", "name": "Å-varvet", "date": "2027-05-15T00:00:00Z", "town": "Eskilstuna", "area": null, "distanceSummary": "10.55, 5.0 km", "distances_km": [5.0, 10.55], "categories": ["road"], "url": "https://lopplistan.se/lopp/a-varvet/", "description": "", "estimated": true}}, {"type": "Feature", "geometry": {"type": "Point", "coordinates": [13.6515, 58.38882]}, "properties": {"id": "sed7e38f1c5752", "country": "SE", "name": "Pilgrimstrailen Lång & Barn", "date": "2027-05-15T00:00:00Z", "town": "Varnhem", "area": null, "distanceSummary": "17.0, 6.5, 1.2 km", "distances_km": [1.2, 6.5, 17.0], "categories": ["trail"], "url": "https://lopplistan.se/lopp/pilgrimstrailen-lang-barn/", "description": "", "estimated": true}}, {"type": "Feature", "geometry": {"type": "Point", "coordinates": [16.52588, 60.57917]}, "properties": {"id": "seebe2baf5abe2", "country": "SE", "name": "Enercoloppet", "date": "2027-05-15T00:00:00Z", "town": "Storvik", "area": null, "distanceSummary": "Barndistans, 10.0, 5.0 km", "distances_km": [5.0, 10.0], "categories": ["road"], "url": "https://lopplistan.se/lopp/enercoloppet/", "description": "", "estimated": true}}, {"type": "Feature", "geometry": {"type": "Point", "coordinates": [13.19239, 55.70084]}, "properties": {"id": "se49b28410c9e3", "country": "SE", "name": "Lundaloppet", "date": "2027-05-15T00:00:00Z", "town": "Lund", "area": null, "distanceSummary": "15.0, 10.0, 5.0, 2.5 km", "distances_km": [2.5, 5.0, 10.0, 15.0], "categories": ["road"], "url": "https://lopplistan.se/lopp/lundaloppet/", "description": "", "estimated": true}}, {"type": "Feature", "geometry": {"type": "Point", "coordinates": [18.07137, 59.32285]}, "properties": {"id": "se62001260d60f", "country": "SE", "name": "Stockholm Mini Marathon", "date": "2027-05-15T00:00:00Z", "town": "Stockholm", "area": null, "distanceSummary": "2.3, 1.3 km", "distances_km": [1.3, 2.3], "categories": ["road"], "url": "https://lopplistan.se/lopp/stockholm-mini-marathon/", "description": "", "estimated": true}}, {"type": "Feature", "geometry": {"type": "Point", "coordinates": [18.067, 59.33119]}, "properties": {"id": "sef6a9e6447f40", "country": "SE", "name": "Leos Minsta Maran", "date": "2027-05-15T00:00:00Z", "town": "Stockholm", "area": null, "distanceSummary": "0.25 km", "distances_km": [0.25], "categories": ["road"], "url": "https://lopplistan.se/lopp/leos-minsta-maran/", "description": "", "estimated": true}}, {"type": "Feature", "geometry": {"type": "Point", "coordinates": [18.29389, 60.24389]}, "properties": {"id": "se811a81197500", "country": "SE", "name": "Östhammars Stadslopp", "date": "2027-05-15T00:00:00Z", "town": "Östhammar", "area": null, "distanceSummary": "10.0, 6.0, 2.3, 1.5, 1.0 km", "distances_km": [1.0, 1.5, 2.3, 6.0, 10.0], "categories": ["road"], "url": "https://lopplistan.se/lopp/osthammars-stadslopp/", "description": "", "estimated": true}}, {"type": "Feature", "geometry": {"type": "Point", "coordinates": [14.83206, 60.20285]}, "properties": {"id": "sec7114d3e4a73", "country": "SE", "name": "Ludvika Stadslopp", "date": "2027-05-15T00:00:00Z", "town": "Ludvika", "area": null, "distanceSummary": "10.0, 5.0 km", "distances_km": [5.0, 10.0], "categories": ["road"], "url": "https://lopplistan.se/lopp/ludvika-stadslopp/", "description": "", "estimated": true}}, {"type": "Feature", "geometry": {"type": "Point", "coordinates": [12.70536, 56.0456]}, "properties": {"id": "se59145cce078b", "country": "SE", "name": "Lindahls Helsingborg Night Run", "date": "2027-05-15T00:00:00Z", "town": "Helsingborg", "area": null, "distanceSummary": "10.0, 5.0 km", "distances_km": [5.0, 10.0], "categories": ["road"], "url": "https://lopplistan.se/lopp/lindahls-helsingborg-night-run/", "description": "", "estimated": true}}, {"type": "Feature", "geometry": {"type": "Point", "coordinates": [12.28356, 58.2784]}, "properties": {"id": "se527511019cf3", "country": "SE", "name": "TIF-terrängen", "date": "2027-05-15T00:00:00Z", "town": "Trollhättan", "area": null, "distanceSummary": "10.4, 5.2, 0.8 km", "distances_km": [0.8, 5.2, 10.4], "categories": ["trail"], "url": "https://lopplistan.se/lopp/tif-terrangen/", "description": "", "estimated": true}}, {"type": "Feature", "geometry": {"type": "Point", "coordinates": [16.63724, 57.75294]}, "properties": {"id": "sec8329e5e6c10", "country": "SE", "name": "Port till Port", "date": "2027-05-15T00:00:00Z", "town": "Västervik", "area": null, "distanceSummary": "10.0 km", "distances_km": [10.0], "categories": ["trail"], "url": "https://lopplistan.se/lopp/port-till-port/", "description": "", "estimated": true}}, {"type": "Feature", "geometry": {"type": "Point", "coordinates": [13.18645, 55.69491]}, "properties": {"id": "seb56a7be51e3e", "country": "SE", "name": "Skrylle SkogsBakgård", "date": "2027-05-15T00:00:00Z", "town": "Lund", "area": null, "distanceSummary": "Backyard ultra", "distances_km": [], "categories": ["trail"], "url": "https://lopplistan.se/lopp/skrylle-skogsbakgard/", "description": "", "estimated": true}}, {"type": "Feature", "geometry": {"type": "Point", "coordinates": [16.55066, 59.60145]}, "properties": {"id": "se5bad52709ed5", "country": "SE", "name": "Rytterne Backyard Ultra", "date": "2027-05-15T00:00:00Z", "town": "Västerås", "area": null, "distanceSummary": "Backyard ultra", "distances_km": [], "categories": ["road"], "url": "https://lopplistan.se/lopp/rytterne-backyard-ultra/", "description": "", "estimated": true}}, {"type": "Feature", "geometry": {"type": "Point", "coordinates": [15.62648, 57.99045]}, "properties": {"id": "se97a0c8f6843f", "country": "SE", "name": "Bankvarvet", "date": "2027-05-15T00:00:00Z", "town": "Kisa", "area": null, "distanceSummary": "5.0 km", "distances_km": [5.0], "categories": ["road"], "url": "https://lopplistan.se/lopp/bankvarvet/", "description": "", "estimated": true}}, {"type": "Feature", "geometry": {"type": "Point", "coordinates": [15.21441, 59.27485]}, "properties": {"id": "se3343565ecc56", "country": "SE", "name": "Sommarro Snabbare", "date": "2027-05-15T00:00:00Z", "town": "Örebro", "area": null, "distanceSummary": "varvbana", "distances_km": [], "categories": ["road"], "url": "https://lopplistan.se/lopp/sommarro-snabbare/", "description": "", "estimated": true}}, {"type": "Feature", "geometry": {"type": "Point", "coordinates": [11.65977, 58.20159]}, "properties": {"id": "se6ec5a517fec7", "country": "SE", "name": "WaldorfVarvet", "date": "2027-05-15T00:00:00Z", "town": "Orust", "area": null, "distanceSummary": "5.0, 2.0, 0.4 km", "distances_km": [0.4, 2.0, 5.0], "categories": ["trail"], "url": "https://lopplistan.se/lopp/waldorfvarvet/", "description": "", "estimated": true}}, {"type": "Feature", "geometry": {"type": "Point", "coordinates": [22.15134, 65.57891]}, "properties": {"id": "seae35b4b7e61e", "country": "SE", "name": "Luleå Stadsmara", "date": "2027-05-15T00:00:00Z", "town": "Luleå", "area": null, "distanceSummary": "21.0, 10.0, 4.5, 3.0, 1.3, 0.5 km", "distances_km": [0.5, 1.3, 3.0, 4.5, 10.0, 21.0], "categories": ["road"], "url": "https://lopplistan.se/lopp/lulea-stadsmara/", "description": "", "estimated": true}}, {"type": "Feature", "geometry": {"type": "Point", "coordinates": [18.08943, 59.3407]}, "properties": {"id": "se0a72ac22479d", "country": "SE", "name": "Stadionloppet", "date": "2027-05-15T00:00:00Z", "town": "Stockholm Stadion", "area": null, "distanceSummary": "5.0, 2.6, 0.4 km", "distances_km": [0.4, 2.6, 5.0], "categories": ["road"], "url": "https://lopplistan.se/lopp/stadionloppet/", "description": "", "estimated": true}}, {"type": "Feature", "geometry": {"type": "Point", "coordinates": [13.50672, 59.38105]}, "properties": {"id": "se42aae661d873", "country": "SE", "name": "Vårruset Karlstad", "date": "2027-05-15T00:00:00Z", "town": "Karlstad", "area": null, "distanceSummary": "5.0, 2.5 km", "distances_km": [2.5, 5.0], "categories": ["road"], "url": "https://lopplistan.se/lopp/varruset-karlstad/", "description": "", "estimated": true}}, {"type": "Feature", "geometry": {"type": "Point", "coordinates": [15.77718, 58.70655]}, "properties": {"id": "se5a22e87655f2", "country": "SE", "name": "Gladsheim Finspångs Stadslopp", "date": "2027-05-15T00:00:00Z", "town": "Finspång", "area": null, "distanceSummary": "7.0, 3.5, 1.4 km", "distances_km": [1.4, 3.5, 7.0], "categories": ["road"], "url": "https://lopplistan.se/lopp/gladsheim-finspangs-stadslopp/", "description": "", "estimated": true}}, {"type": "Feature", "geometry": {"type": "Point", "coordinates": [17.89672, 59.39116]}, "properties": {"id": "se0ad29a950de3", "country": "SE", "name": "Spångaloppet", "date": "2027-05-15T00:00:00Z", "town": "Spånga", "area": null, "distanceSummary": "10.0, 5.0, 2.0, 0.4 km", "distances_km": [0.4, 2.0, 5.0, 10.0], "categories": ["road"], "url": "https://lopplistan.se/lopp/spangaloppet/", "description": "", "estimated": true}}, {"type": "Feature", "geometry": {"type": "Point", "coordinates": [14.04385, 57.18514]}, "properties": {"id": "see6b526372cd5", "country": "SE", "name": "WärnamoMilen", "date": "2027-05-15T00:00:00Z", "town": "Värnamo", "area": null, "distanceSummary": "10.0, 5.0, 2.7 km", "distances_km": [2.7, 5.0, 10.0], "categories": ["road"], "url": "https://lopplistan.se/lopp/warnamomilen/", "description": "", "estimated": true}}, {"type": "Feature", "geometry": {"type": "Point", "coordinates": [16.62583, 56.66848]}, "properties": {"id": "se2c2ad8ab095b", "country": "SE", "name": "Ölands Kyrkstafett", "date": "2027-05-15T00:00:00Z", "town": "Öland", "area": null, "distanceSummary": "67.8, 23.5 km", "distances_km": [23.5, 67.8], "categories": ["road"], "url": "https://lopplistan.se/lopp/olands-kyrkstafett/", "description": "", "estimated": true}}, {"type": "Feature", "geometry": {"type": "Point", "coordinates": [17.91567, 59.52295]}, "properties": {"id": "seec94c95a70bf", "country": "SE", "name": "Vikingbackyard", "date": "2027-05-15T00:00:00Z", "town": "Upplands Väsby", "area": null, "distanceSummary": "Backyard ultra", "distances_km": [], "categories": ["road"], "url": "https://lopplistan.se/lopp/vikingbackyard/", "description": "", "estimated": true}}, {"type": "Feature", "geometry": {"type": "Point", "coordinates": [13.75337, 61.32409]}, "properties": {"id": "se907f540b34d9", "country": "SE", "name": "UKA Pain Ultra", "date": "2027-05-15T00:00:00Z", "town": "Älvdalen", "area": null, "distanceSummary": "161.0, 100.0 km", "distances_km": [100.0, 161.0], "categories": ["trail"], "url": "https://lopplistan.se/lopp/uka-pain-ultra/", "description": "", "estimated": true}}, {"type": "Feature", "geometry": {"type": "Point", "coordinates": [15.2345, 59.60134]}, "properties": {"id": "se5c37ec87739d", "country": "SE", "name": "Nybergsloppet", "date": "2027-05-15T00:00:00Z", "town": "Lindesberg", "area": null, "distanceSummary": "11.5, 7.5 km", "distances_km": [7.5, 11.5], "categories": ["trail"], "url": "https://lopplistan.se/lopp/nybergsloppet/", "description": "", "estimated": true}}, {"type": "Feature", "geometry": {"type": "Point", "coordinates": [16.62734, 56.66558]}, "properties": {"id": "se01ffc5861bf1", "country": "SE", "name": "Öland Lighthouse Challenge", "date": "2027-05-15T00:00:00Z", "town": "Öland", "area": null, "distanceSummary": "161.0, 80.0, 50.0 km", "distances_km": [50.0, 80.0, 161.0], "categories": ["road"], "url": "https://lopplistan.se/lopp/oland-lighthouse-challenge/", "description": "", "estimated": true}}, {"type": "Feature", "geometry": {"type": "Point", "coordinates": [11.91006, 58.99425]}, "properties": {"id": "se28b919e56cfb", "country": "SE", "name": "Edsvarvet", "date": "2027-05-15T00:00:00Z", "town": "Dals-Ed", "area": null, "distanceSummary": "10.0, 5.0 km", "distances_km": [5.0, 10.0], "categories": ["road"], "url": "https://lopplistan.se/lopp/edsvarvet/", "description": "", "estimated": true}}, {"type": "Feature", "geometry": {"type": "Point", "coordinates": [21.48424, 65.32172]}, "properties": {"id": "se4e071a53836f", "country": "SE", "name": "Starloppet", "date": "2027-05-15T00:00:00Z", "town": "Piteå", "area": null, "distanceSummary": "13.0, 7.0, 4.0, 2.0, 1.0, 0.7 km", "distances_km": [0.7, 1.0, 2.0, 4.0, 7.0, 13.0], "categories": ["trail"], "url": "https://lopplistan.se/lopp/starloppet/", "description": "", "estimated": true}}, {"type": "Feature", "geometry": {"type": "Point", "coordinates": [18.08017, 59.32824]}, "properties": {"id": "sef22c9577cc38", "country": "SE", "name": "Spring för livet", "date": "2027-05-15T00:00:00Z", "town": "Stockholm", "area": null, "distanceSummary": "10.0, 5.0 km", "distances_km": [5.0, 10.0], "categories": ["road"], "url": "https://lopplistan.se/lopp/spring-for-livet/", "description": "", "estimated": true}}, {"type": "Feature", "geometry": {"type": "Point", "coordinates": [18.7057, 59.76921]}, "properties": {"id": "sec2f04044173b", "country": "SE", "name": "Norrtälje Stadslopp", "date": "2027-05-15T00:00:00Z", "town": "Norrtälje", "area": null, "distanceSummary": "5.0, 1.0 km", "distances_km": [1.0, 5.0], "categories": ["road"], "url": "https://lopplistan.se/lopp/norrtalje-stadslopp/", "description": "", "estimated": true}}, {"type": "Feature", "geometry": {"type": "Point", "coordinates": [12.85007, 59.11571]}, "properties": {"id": "sef64494b222f7", "country": "SE", "name": "Säffle Stadslopp", "date": "2027-05-15T00:00:00Z", "town": "Säffle", "area": null, "distanceSummary": "10.0, 5.0, 1.5, 0.3 km", "distances_km": [0.3, 1.5, 5.0, 10.0], "categories": ["road"], "url": "https://lopplistan.se/lopp/saffle-stadslopp/", "description": "", "estimated": true}}, {"type": "Feature", "geometry": {"type": "Point", "coordinates": [13.59041, 56.45222]}, "properties": {"id": "seb134aaf93385", "country": "SE", "name": "Sparbanksloppet", "date": "2027-05-15T00:00:00Z", "town": "Markaryd", "area": null, "distanceSummary": "10.0, 5.0, 2.4 km", "distances_km": [2.4, 5.0, 10.0], "categories": ["road"], "url": "https://lopplistan.se/lopp/sparbanksloppet/", "description": "", "estimated": true}}, {"type": "Feature", "geometry": {"type": "Point", "coordinates": [18.07229, 59.32592]}, "properties": {"id": "se19f7a2844261", "country": "SE", "name": "Coop Kungsholmen runt", "date": "2027-05-15T00:00:00Z", "town": "Stockholm", "area": null, "distanceSummary": "Barndistans, 21.1, 10.0 km", "distances_km": [10.0, 21.1], "categories": ["road"], "url": "https://lopplistan.se/lopp/coop-kungsholmen-runt/", "description": "", "estimated": true}}, {"type": "Feature", "geometry": {"type": "Point", "coordinates": [18.07237, 59.32308]}, "properties": {"id": "se07d9afb07644", "country": "SE", "name": "Adidas Spåret 5000", "date": "2027-05-15T00:00:00Z", "town": "Stockholm", "area": null, "distanceSummary": "5.0 km", "distances_km": [5.0], "categories": ["road"], "url": "https://lopplistan.se/lopp/adidas-sparet-5000/", "description": "", "estimated": true}}, {"type": "Feature", "geometry": {"type": "Point", "coordinates": [13.19294, 55.70869]}, "properties": {"id": "se25ccb1e992a1", "country": "SE", "name": "S:t Hans Extreme", "date": "2027-05-15T00:00:00Z", "town": "Lund", "area": null, "distanceSummary": "6-timmar, 10.0, 5.0, 2.5 km", "distances_km": [2.5, 5.0, 6.0, 10.0], "categories": ["trail"], "url": "https://lopplistan.se/lopp/s-t-hans-extreme/", "description": "", "estimated": true}}, {"type": "Feature", "geometry": {"type": "Point", "coordinates": [18.0752, 59.3167]}, "properties": {"id": "se1b576816c88d", "country": "SE", "name": "adidas Stockholm Marathon", "date": "2027-05-15T00:00:00Z", "town": "Stockholm", "area": null, "distanceSummary": "42.2 km", "distances_km": [42.2], "categories": ["road"], "url": "https://lopplistan.se/lopp/adidas-stockholm-marathon/", "description": "", "estimated": true}}, {"type": "Feature", "geometry": {"type": "Point", "coordinates": [13.81569, 58.70371]}, "properties": {"id": "seda6dd91626dc", "country": "SE", "name": "Springtime – Mariestads stadslopp", "date": "2027-05-15T00:00:00Z", "town": "Mariestad", "area": null, "distanceSummary": "10.0, 5.0, 2.0 km", "distances_km": [2.0, 5.0, 10.0], "categories": ["road"], "url": "https://lopplistan.se/lopp/springtime-mariestads-stadslopp/", "description": "", "estimated": true}}, {"type": "Feature", "geometry": {"type": "Point", "coordinates": [18.06375, 59.32989]}, "properties": {"id": "se64a634d444d9", "country": "SE", "name": "WINTER BAY Backyard Ultra", "date": "2027-05-15T00:00:00Z", "town": "Stockholm", "area": null, "distanceSummary": "Backyard ultra", "distances_km": [], "categories": ["road"], "url": "https://lopplistan.se/lopp/winter-bay-backyard-ultra/", "description": "", "estimated": true}}, {"type": "Feature", "geometry": {"type": "Point", "coordinates": [12.07871, 57.48945]}, "properties": {"id": "sef162c97be33b", "country": "SE", "name": "Knatteknatet Kungsbacka", "date": "2027-05-15T00:00:00Z", "town": "Kungsbacka", "area": null, "distanceSummary": "1.2, 0.8, 0.4 km", "distances_km": [0.4, 0.8, 1.2], "categories": ["road"], "url": "https://lopplistan.se/lopp/knatteknatet-kungsbacka/", "description": "", "estimated": true}}, {"type": "Feature", "geometry": {"type": "Point", "coordinates": [18.07556, 59.32254]}, "properties": {"id": "sea01278ada4d3", "country": "SE", "name": "Vårruset Stockholm", "date": "2027-05-15T00:00:00Z", "town": "Stockholm", "area": null, "distanceSummary": "5.0, 2.5 km", "distances_km": [2.5, 5.0], "categories": ["road"], "url": "https://lopplistan.se/lopp/varruset-stockholm/", "description": "", "estimated": true}}, {"type": "Feature", "geometry": {"type": "Point", "coordinates": [18.06188, 59.32447]}, "properties": {"id": "sec42ab98a61dd", "country": "SE", "name": "Skärholmsloppet", "date": "2027-05-15T00:00:00Z", "town": "Stockholm", "area": null, "distanceSummary": "5.0, 1.6 km", "distances_km": [1.6, 5.0], "categories": ["road"], "url": "https://lopplistan.se/lopp/skarholmsloppet/", "description": "", "estimated": true}}, {"type": "Feature", "geometry": {"type": "Point", "coordinates": [18.33111, 59.40095]}, "properties": {"id": "seef9621f508a9", "country": "SE", "name": "Strömmingsloppet", "date": "2027-05-15T00:00:00Z", "town": "Vaxholm", "area": null, "distanceSummary": "10.0, 5.0 km", "distances_km": [5.0, 10.0], "categories": ["road"], "url": "https://lopplistan.se/lopp/strommingsloppet/", "description": "", "estimated": true}}, {"type": "Feature", "geometry": {"type": "Point", "coordinates": [11.96741, 57.70353]}, "properties": {"id": "se43f74454261e", "country": "SE", "name": "Minivarvet", "date": "2027-05-15T00:00:00Z", "town": "Göteborg", "area": null, "distanceSummary": "0.21 km", "distances_km": [0.21], "categories": ["road"], "url": "https://lopplistan.se/lopp/minivarvet/", "description": "", "estimated": true}}, {"type": "Feature", "geometry": {"type": "Point", "coordinates": [13.4063, 55.60159]}, "properties": {"id": "se7bd756a5d8ff", "country": "SE", "name": "RISEN-loppet", "date": "2027-05-15T00:00:00Z", "town": "Genarp", "area": null, "distanceSummary": "10.7, 5.0 km", "distances_km": [5.0, 10.7], "categories": ["road"], "url": "https://lopplistan.se/lopp/risen-loppet/", "description": "", "estimated": true}}, {"type": "Feature", "geometry": {"type": "Point", "coordinates": [14.15049, 56.02649]}, "properties": {"id": "sead9fd41a8644", "country": "SE", "name": "Blodomloppet Kristianstad", "date": "2027-05-15T00:00:00Z", "town": "Kristianstad", "area": null, "distanceSummary": "10.0, 5.0 km", "distances_km": [5.0, 10.0], "categories": ["road"], "url": "https://lopplistan.se/lopp/blodomloppet-kristianstad/", "description": "", "estimated": true}}, {"type": "Feature", "geometry": {"type": "Point", "coordinates": [14.16413, 57.78364]}, "properties": {"id": "se7937395bee83", "country": "SE", "name": "Sevede Trail Run", "date": "2027-05-15T00:00:00Z", "town": "Jönköping", "area": null, "distanceSummary": "26.0, 10.0 km", "distances_km": [10.0, 26.0], "categories": ["trail"], "url": "https://lopplistan.se/lopp/sevede-trail-run/", "description": "", "estimated": true}}, {"type": "Feature", "geometry": {"type": "Point", "coordinates": [11.45539, 58.34737]}, "properties": {"id": "se045bbd1dce9a", "country": "SE", "name": "Koster Trail", "date": "2027-05-15T00:00:00Z", "town": "Bohuslän", "area": null, "distanceSummary": "15.0 km", "distances_km": [15.0], "categories": ["trail"], "url": "https://lopplistan.se/lopp/koster-trail/", "description": "", "estimated": true}}, {"type": "Feature", "geometry": {"type": "Point", "coordinates": [24.13595, 65.8389]}, "properties": {"id": "se1fd7303bcce4", "country": "SE", "name": "Seskarö Trailrun", "date": "2027-05-15T00:00:00Z", "town": "Haparanda", "area": null, "distanceSummary": "Barndistans, 12.0, 7.0, 3.0 km", "distances_km": [3.0, 7.0, 12.0], "categories": ["trail"], "url": "https://lopplistan.se/lopp/seskaro-trailrun/", "description": "", "estimated": true}}, {"type": "Feature", "geometry": {"type": "Point", "coordinates": [18.44322, 59.49594]}, "properties": {"id": "se5a0649bf3eef", "country": "SE", "name": "Österåkersmilen", "date": "2027-05-15T00:00:00Z", "town": "Österåker", "area": null, "distanceSummary": "10.0, 5.0, 2.4 km", "distances_km": [2.4, 5.0, 10.0], "categories": ["road"], "url": "https://lopplistan.se/lopp/osterakersmilen/", "description": "", "estimated": true}}, {"type": "Feature", "geometry": {"type": "Point", "coordinates": [18.06657, 59.32828]}, "properties": {"id": "se70af14db0a93", "country": "SE", "name": "Blodomloppet Stockholm", "date": "2027-06-15T00:00:00Z", "town": "Stockholm", "area": null, "distanceSummary": "10.0, 5.0 km", "distances_km": [5.0, 10.0], "categories": ["road"], "url": "https://lopplistan.se/lopp/blodomloppet-stockholm/", "description": "", "estimated": true}}, {"type": "Feature", "geometry": {"type": "Point", "coordinates": [15.21374, 59.27357]}, "properties": {"id": "se31d5408ba8bd", "country": "SE", "name": "Blodomloppet Örebro", "date": "2027-06-15T00:00:00Z", "town": "Örebro", "area": null, "distanceSummary": "10.0, 5.0 km", "distances_km": [5.0, 10.0], "categories": ["road"], "url": "https://lopplistan.se/lopp/blodomloppet-orebro/", "description": "", "estimated": true}}, {"type": "Feature", "geometry": {"type": "Point", "coordinates": [18.07053, 59.32156]}, "properties": {"id": "sef51ed858592f", "country": "SE", "name": "Juriststafetten", "date": "2027-06-15T00:00:00Z", "town": "Stockholm", "area": null, "distanceSummary": "Stafett", "distances_km": [], "categories": ["road"], "url": "https://lopplistan.se/lopp/juriststafetten/", "description": "", "estimated": true}}, {"type": "Feature", "geometry": {"type": "Point", "coordinates": [18.28962, 57.63631]}, "properties": {"id": "se5318731f5d17", "country": "SE", "name": "Blodomloppet Visby", "date": "2027-06-15T00:00:00Z", "town": "Visby", "area": null, "distanceSummary": "10.0, 5.0 km", "distances_km": [5.0, 10.0], "categories": ["road"], "url": "https://lopplistan.se/lopp/blodomloppet-visby/", "description": "", "estimated": true}}, {"type": "Feature", "geometry": {"type": "Point", "coordinates": [13.00268, 55.61542]}, "properties": {"id": "see1b1a2bb37f2", "country": "SE", "name": "RUN MALMÖ", "date": "2027-06-15T00:00:00Z", "town": "Malmö", "area": null, "distanceSummary": "21.0, 10.0 km", "distances_km": [10.0, 21.0], "categories": ["road"], "url": "https://lopplistan.se/lopp/run-malmo/", "description": "", "estimated": true}}, {"type": "Feature", "geometry": {"type": "Point", "coordinates": [12.32452, 58.38551]}, "properties": {"id": "se35edf353920a", "country": "SE", "name": "Vårruset Vänersborg", "date": "2027-06-15T00:00:00Z", "town": "Vänersborg", "area": null, "distanceSummary": "5.0, 2.5 km", "distances_km": [2.5, 5.0], "categories": ["road"], "url": "https://lopplistan.se/lopp/varruset-vanersborg/", "description": "", "estimated": true}}, {"type": "Feature", "geometry": {"type": "Point", "coordinates": [22.15306, 65.57649]}, "properties": {"id": "seca5b09f73f87", "country": "SE", "name": "Vårruset Luleå", "date": "2027-06-15T00:00:00Z", "town": "Luleå", "area": null, "distanceSummary": "5.0, 2.5 km", "distances_km": [2.5, 5.0], "categories": ["road"], "url": "https://lopplistan.se/lopp/varruset-lulea/", "description": "", "estimated": true}}, {"type": "Feature", "geometry": {"type": "Point", "coordinates": [20.26089, 63.81892]}, "properties": {"id": "se24f9a052b224", "country": "SE", "name": "Vårruset Umeå", "date": "2027-06-15T00:00:00Z", "town": "Umeå", "area": null, "distanceSummary": "5.0, 2.5 km", "distances_km": [2.5, 5.0], "categories": ["road"], "url": "https://lopplistan.se/lopp/varruset-umea/", "description": "", "estimated": true}}, {"type": "Feature", "geometry": {"type": "Point", "coordinates": [17.3107, 62.38452]}, "properties": {"id": "seafa6747624e5", "country": "SE", "name": "Vårruset Sundsvall", "date": "2027-06-15T00:00:00Z", "town": "Sundsvall", "area": null, "distanceSummary": "5.0, 2.5 km", "distances_km": [2.5, 5.0], "categories": ["road"], "url": "https://lopplistan.se/lopp/varruset-sundsvall/", "description": "", "estimated": true}}, {"type": "Feature", "geometry": {"type": "Point", "coordinates": [14.62935, 63.1822]}, "properties": {"id": "se6d6f8f5cf911", "country": "SE", "name": "Vårruset Östersund", "date": "2027-06-15T00:00:00Z", "town": "Östersund", "area": null, "distanceSummary": "5.0, 2.5 km", "distances_km": [2.5, 5.0], "categories": ["road"], "url": "https://lopplistan.se/lopp/varruset-ostersund/", "description": "", "estimated": true}}, {"type": "Feature", "geometry": {"type": "Point", "coordinates": [16.54565, 59.62139]}, "properties": {"id": "sefa5ac3009fd5", "country": "SE", "name": "Västerås Stadslopp", "date": "2027-06-15T00:00:00Z", "town": "Västerås", "area": null, "distanceSummary": "10.0, 5.0, 2.5, 0.8, 0.4, 0.2 km", "distances_km": [0.2, 0.4, 0.8, 2.5, 5.0, 10.0], "categories": ["road"], "url": "https://lopplistan.se/lopp/vasteras-stadslopp/", "description": "", "estimated": true}}, {"type": "Feature", "geometry": {"type": "Point", "coordinates": [14.56235, 59.84218]}, "properties": {"id": "se7fe6bfe6e8e1", "country": "SE", "name": "Silverleden Ultra", "date": "2027-06-15T00:00:00Z", "town": "Hällefors", "area": null, "distanceSummary": "161.0 km", "distances_km": [161.0], "categories": ["trail"], "url": "https://lopplistan.se/lopp/silverleden-ultra/", "description": "", "estimated": true}}, {"type": "Feature", "geometry": {"type": "Point", "coordinates": [15.74303, 56.73861]}, "properties": {"id": "se6bd2783a0d41", "country": "SE", "name": "Florhultsloppet", "date": "2027-06-15T00:00:00Z", "town": "Florhult", "area": null, "distanceSummary": "5.7 km", "distances_km": [5.7], "categories": ["road"], "url": "https://lopplistan.se/lopp/florhultsloppet/", "description": "", "estimated": true}}, {"type": "Feature", "geometry": {"type": "Point", "coordinates": [15.53868, 59.00628]}, "properties": {"id": "sefa2f8c24b3a9", "country": "SE", "name": "Umara H2 Trail", "date": "2027-06-15T00:00:00Z", "town": "Hunneberg", "area": null, "distanceSummary": "80.0, 50.0, 28.0, 18.0, 11.0, 6.0, 1.5, 0.65 km", "distances_km": [0.65, 1.5, 6.0, 11.0, 18.0, 28.0, 50.0, 80.0], "categories": ["trail"], "url": "https://lopplistan.se/lopp/umara-h2-trail/", "description": "", "estimated": true}}, {"type": "Feature", "geometry": {"type": "Point", "coordinates": [12.86006, 56.67614]}, "properties": {"id": "se3b167add3e5f", "country": "SE", "name": "Eketånga Trail", "date": "2027-06-15T00:00:00Z", "town": "Halmstad", "area": null, "distanceSummary": "21.0, 10.0 km", "distances_km": [10.0, 21.0], "categories": ["trail"], "url": "https://lopplistan.se/lopp/eketanga-trail/", "description": "", "estimated": true}}, {"type": "Feature", "geometry": {"type": "Point", "coordinates": [15.21378, 59.27909]}, "properties": {"id": "se35559580fc8b", "country": "SE", "name": "BMTR GPX-ULTRA", "date": "2027-06-15T00:00:00Z", "town": "Örebro", "area": null, "distanceSummary": "54.0 km", "distances_km": [54.0], "categories": ["trail"], "url": "https://lopplistan.se/lopp/bmtr-gpx-ultra/", "description": "", "estimated": true}}, {"type": "Feature", "geometry": {"type": "Point", "coordinates": [11.96634, 57.70655]}, "properties": {"id": "secc06ebf5b04a", "country": "SE", "name": "Björkö Runt", "date": "2027-06-15T00:00:00Z", "town": "Göteborg", "area": null, "distanceSummary": "21.0 km", "distances_km": [21.0], "categories": ["trail"], "url": "https://lopplistan.se/lopp/bjorko-runt/", "description": "", "estimated": true}}, {"type": "Feature", "geometry": {"type": "Point", "coordinates": [13.56368, 61.57558]}, "properties": {"id": "se25976749ef8c", "country": "SE", "name": "GBU - Granan Backyard Ultra", "date": "2027-06-15T00:00:00Z", "town": "Granan", "area": null, "distanceSummary": "Backyard ultra", "distances_km": [], "categories": ["road"], "url": "https://lopplistan.se/lopp/gbu-granan-backyard-ultra/", "description": "", "estimated": true}}, {"type": "Feature", "geometry": {"type": "Point", "coordinates": [12.46829, 58.72588]}, "properties": {"id": "secdd6d07ee917", "country": "SE", "name": "Karolinerjoggen", "date": "2027-06-15T00:00:00Z", "town": "Mellerud", "area": null, "distanceSummary": "14.0, 4.5, 1.0 km", "distances_km": [1.0, 4.5, 14.0], "categories": ["trail"], "url": "https://lopplistan.se/lopp/karolinerjoggen/", "description": "", "estimated": true}}, {"type": "Feature", "geometry": {"type": "Point", "coordinates": [11.94385, 58.34756]}, "properties": {"id": "se28a831793781", "country": "SE", "name": "Strandjoggen", "date": "2027-06-15T00:00:00Z", "town": "Uddevalla", "area": null, "distanceSummary": "5.0, 0.85 km", "distances_km": [0.85, 5.0], "categories": ["road"], "url": "https://lopplistan.se/lopp/strandjoggen/", "description": "", "estimated": true}}, {"type": "Feature", "geometry": {"type": "Point", "coordinates": [17.63837, 59.86292]}, "properties": {"id": "se7d1eaa38807b", "country": "SE", "name": "UppLoppet", "date": "2027-06-15T00:00:00Z", "town": "Uppsala", "area": null, "distanceSummary": "10.0, 3.0 km", "distances_km": [3.0, 10.0], "categories": ["road"], "url": "https://lopplistan.se/lopp/upploppet/", "description": "", "estimated": true}}, {"type": "Feature", "geometry": {"type": "Point", "coordinates": [18.71796, 63.29985]}, "properties": {"id": "se8d37a066b45d", "country": "SE", "name": "TrailÖvik", "date": "2027-06-15T00:00:00Z", "town": "Örnsköldsvik", "area": null, "distanceSummary": "22.0, 12.0, 6.0, 2.0 km", "distances_km": [2.0, 6.0, 12.0, 22.0], "categories": ["trail"], "url": "https://lopplistan.se/lopp/trailovik/", "description": "", "estimated": true}}, {"type": "Feature", "geometry": {"type": "Point", "coordinates": [13.81908, 55.42106]}, "properties": {"id": "see2f1acd1c104", "country": "SE", "name": "Wallanderloppet", "date": "2027-06-15T00:00:00Z", "town": "Ystad", "area": null, "distanceSummary": "6.0, 3.8 km", "distances_km": [3.8, 6.0], "categories": ["road"], "url": "https://lopplistan.se/lopp/wallanderloppet/", "description": "", "estimated": true}}, {"type": "Feature", "geometry": {"type": "Point", "coordinates": [11.97397, 57.70687]}, "properties": {"id": "se208d7a62979e", "country": "SE", "name": "Fiskebäcksloppet", "date": "2027-06-15T00:00:00Z", "town": "Göteborg", "area": null, "distanceSummary": "10.0, 5.0, 2.5, 0.5 km", "distances_km": [0.5, 2.5, 5.0, 10.0], "categories": ["road"], "url": "https://lopplistan.se/lopp/fiskebacksloppet/", "description": "", "estimated": true}}, {"type": "Feature", "geometry": {"type": "Point", "coordinates": [16.48938, 60.74218]}, "properties": {"id": "sef84b2321af54", "country": "SE", "name": "Björnfrossa Ultramaraton", "date": "2027-06-15T00:00:00Z", "town": "Kungsberget", "area": null, "distanceSummary": "65.0 km", "distances_km": [65.0], "categories": ["trail"], "url": "https://lopplistan.se/lopp/bjornfrossa-ultramaraton/", "description": "", "estimated": true}}, {"type": "Feature", "geometry": {"type": "Point", "coordinates": [12.25408, 57.10279]}, "properties": {"id": "se4f960c6dfb0a", "country": "SE", "name": "Bocksten TrailRun", "date": "2027-06-15T00:00:00Z", "town": "Varberg", "area": null, "distanceSummary": "44.0, 22.0, 12.0, 5.0 km", "distances_km": [5.0, 12.0, 22.0, 44.0], "categories": ["trail"], "url": "https://lopplistan.se/lopp/bocksten-trailrun/", "description": "", "estimated": true}}, {"type": "Feature", "geometry": {"type": "Point", "coordinates": [13.26434, 61.15915]}, "properties": {"id": "seccd9d26f9061", "country": "SE", "name": "Järv Äventyr Sälen", "date": "2027-06-15T00:00:00Z", "town": "Sälen", "area": null, "distanceSummary": "5.0 km", "distances_km": [5.0], "categories": ["trail"], "url": "https://lopplistan.se/lopp/jarv-aventyr-salen/", "description": "", "estimated": true}}, {"type": "Feature", "geometry": {"type": "Point", "coordinates": [17.75718, 59.19672]}, "properties": {"id": "se657e1296c0b9", "country": "SE", "name": "Rönninge 6-timmars", "date": "2027-06-15T00:00:00Z", "town": "Rönninge", "area": null, "distanceSummary": "6-timmar", "distances_km": [6.0], "categories": ["trail"], "url": "https://lopplistan.se/lopp/ronninge-6-timmars/", "description": "", "estimated": true}}, {"type": "Feature", "geometry": {"type": "Point", "coordinates": [15.20685, 59.27033]}, "properties": {"id": "se6bd57a2a69ec", "country": "SE", "name": "Midsommarjoggen", "date": "2027-06-15T00:00:00Z", "town": "Örebro", "area": null, "distanceSummary": "7.2, 0.6 km", "distances_km": [0.6, 7.2], "categories": ["trail"], "url": "https://lopplistan.se/lopp/midsommarjoggen/", "description": "", "estimated": true}}, {"type": "Feature", "geometry": {"type": "Point", "coordinates": [16.32522, 58.48862]}, "properties": {"id": "se71a93c92bcae", "country": "SE", "name": "Söderköpings Stadslopp", "date": "2027-06-15T00:00:00Z", "town": "Söderköping", "area": null, "distanceSummary": "5.0, 1.1 km", "distances_km": [1.1, 5.0], "categories": ["road"], "url": "https://lopplistan.se/lopp/soderkopings-stadslopp/", "description": "", "estimated": true}}, {"type": "Feature", "geometry": {"type": "Point", "coordinates": [16.36649, 56.66086]}, "properties": {"id": "sea9102afdff3a", "country": "SE", "name": "Kalmar Malkars", "date": "2027-06-15T00:00:00Z", "town": "Kalmar", "area": null, "distanceSummary": "21.1, 5.0 km", "distances_km": [5.0, 21.1], "categories": ["road"], "url": "https://lopplistan.se/lopp/kalmar-malkars/", "description": "", "estimated": true}}, {"type": "Feature", "geometry": {"type": "Point", "coordinates": [17.02702, 59.37645]}, "properties": {"id": "sebe900012e5f7", "country": "SE", "name": "Strängnäs 500 - Gå, lunka, löp, tävla", "date": "2027-06-15T00:00:00Z", "town": "Strängnäs", "area": null, "distanceSummary": "10.0, 5.0, 1.3, 0.5 km", "distances_km": [0.5, 1.3, 5.0, 10.0], "categories": ["road"], "url": "https://lopplistan.se/lopp/strangnas-500-ga-lunka-lop-tavla/", "description": "", "estimated": true}}, {"type": "Feature", "geometry": {"type": "Point", "coordinates": [14.16163, 56.02115]}, "properties": {"id": "sea52843500c79", "country": "SE", "name": "Öllsjö Löpfest", "date": "2027-06-15T00:00:00Z", "town": "Kristianstad", "area": null, "distanceSummary": "7.5, 5.0, 1.7, 0.45 km", "distances_km": [0.45, 1.7, 5.0, 7.5], "categories": ["road"], "url": "https://lopplistan.se/lopp/ollsjo-lopfest/", "description": "", "estimated": true}}, {"type": "Feature", "geometry": {"type": "Point", "coordinates": [11.96876, 57.70596]}, "properties": {"id": "sed511f6f7e915", "country": "SE", "name": "Blodomloppet Göteborg", "date": "2027-06-15T00:00:00Z", "town": "Göteborg", "area": null, "distanceSummary": "10.0, 5.0 km", "distances_km": [5.0, 10.0], "categories": ["road"], "url": "https://lopplistan.se/lopp/blodomloppet-goteborg/", "description": "", "estimated": true}}, {"type": "Feature", "geometry": {"type": "Point", "coordinates": [14.86529, 56.16643]}, "properties": {"id": "se95d24d979137", "country": "SE", "name": "Knatteknatet Karlshamn", "date": "2027-06-15T00:00:00Z", "town": "Karlshamn", "area": null, "distanceSummary": "0.8, 0.4 km", "distances_km": [0.4, 0.8], "categories": ["road"], "url": "https://lopplistan.se/lopp/knatteknatet-karlshamn/", "description": "", "estimated": true}}, {"type": "Feature", "geometry": {"type": "Point", "coordinates": [15.57968, 56.16211]}, "properties": {"id": "se04d26c7f5c78", "country": "SE", "name": "Knatteknatet Karlskrona", "date": "2027-06-15T00:00:00Z", "town": "Karlskrona", "area": null, "distanceSummary": "1.7, 0.75, 0.4 km", "distances_km": [0.4, 0.75, 1.7], "categories": ["road"], "url": "https://lopplistan.se/lopp/knatteknatet-karlskrona/", "description": "", "estimated": true}}, {"type": "Feature", "geometry": {"type": "Point", "coordinates": [16.5461, 59.61056]}, "properties": {"id": "seb11eb4860e22", "country": "SE", "name": "Västerås Power Trail", "date": "2027-06-15T00:00:00Z", "town": "Västerås", "area": null, "distanceSummary": "10.0, 5.0, 1.0 km", "distances_km": [1.0, 5.0, 10.0], "categories": ["trail"], "url": "https://lopplistan.se/lopp/vasteras-power-trail/", "description": "", "estimated": true}}, {"type": "Feature", "geometry": {"type": "Point", "coordinates": [11.97144, 57.71629]}, "properties": {"id": "se4fca2b303612", "country": "SE", "name": "The Alpaca Race", "date": "2027-06-15T00:00:00Z", "town": "Göteborg", "area": null, "distanceSummary": "53.0, 32.0, 10.6 km", "distances_km": [10.6, 32.0, 53.0], "categories": ["trail"], "url": "https://lopplistan.se/lopp/the-alpaca-race-1/", "description": "", "estimated": true}}, {"type": "Feature", "geometry": {"type": "Point", "coordinates": [16.63139, 56.67165]}, "properties": {"id": "se357a85786505", "country": "SE", "name": "Öland Ultra Trail", "date": "2027-06-15T00:00:00Z", "town": "Öland", "area": null, "distanceSummary": "50.0, 25.0 km", "distances_km": [25.0, 50.0], "categories": ["road"], "url": "https://lopplistan.se/lopp/oland-ultra-trail/", "description": "", "estimated": true}}, {"type": "Feature", "geometry": {"type": "Point", "coordinates": [16.63866, 56.67584]}, "properties": {"id": "sefb2fe62c3736", "country": "SE", "name": "Böda Beachrun", "date": "2027-06-15T00:00:00Z", "town": "Öland", "area": null, "distanceSummary": "10.0, 5.0, 2.5 km", "distances_km": [2.5, 5.0, 10.0], "categories": ["road"], "url": "https://lopplistan.se/lopp/boda-beachrun/", "description": "", "estimated": true}}, {"type": "Feature", "geometry": {"type": "Point", "coordinates": [12.10933, 57.6507]}, "properties": {"id": "se392ff0cf28d9", "country": "SE", "name": "Gothenburg Ultra Weekend", "date": "2027-06-15T00:00:00Z", "town": "Mölnlycke", "area": null, "distanceSummary": "6-timmar, 48-timmars, 24-timmar, 12-timmar, 100 miles, 100.0", "distances_km": [6.0, 12.0, 24.0, 48.0, 100.0], "categories": ["road"], "url": "https://lopplistan.se/lopp/gothenburg-ultra-weekend/", "description": "", "estimated": true}}, {"type": "Feature", "geometry": {"type": "Point", "coordinates": [14.11245, 59.30783]}, "properties": {"id": "sef3b8d5cb65f6", "country": "SE", "name": "Harsprånget", "date": "2027-06-15T00:00:00Z", "town": "Kristinehamn", "area": null, "distanceSummary": "6.0 km", "distances_km": [6.0], "categories": ["road"], "url": "https://lopplistan.se/lopp/harspranget/", "description": "", "estimated": true}}, {"type": "Feature", "geometry": {"type": "Point", "coordinates": [18.07914, 59.33118]}, "properties": {"id": "seb24b52450a77", "country": "SE", "name": "Night Trail Run - Sommartrail", "date": "2027-06-15T00:00:00Z", "town": "Stockholm", "area": null, "distanceSummary": "30.0 km", "distances_km": [30.0], "categories": ["trail"], "url": "https://lopplistan.se/lopp/night-trail-run-sommartrail/", "description": "", "estimated": true}}, {"type": "Feature", "geometry": {"type": "Point", "coordinates": [15.78042, 58.43538]}, "properties": {"id": "se680158e88c6a", "country": "SE", "name": "Run the Nordic Night Light", "date": "2027-06-15T00:00:00Z", "town": "Linghem", "area": null, "distanceSummary": "Varvbana - max 49 km", "distances_km": [49.0], "categories": ["trail"], "url": "https://lopplistan.se/lopp/run-the-nordic-night-light/", "description": "", "estimated": true}}, {"type": "Feature", "geometry": {"type": "Point", "coordinates": [18.70819, 63.28705]}, "properties": {"id": "se2bea75b98fde", "country": "SE", "name": "Hägglundsjoggen - 5 av 5", "date": "2027-06-15T00:00:00Z", "town": "Örnsköldsvik", "area": null, "distanceSummary": "4.0 km", "distances_km": [4.0], "categories": ["road"], "url": "https://lopplistan.se/lopp/hagglundsjoggen-5-av-5/", "description": "", "estimated": true}}, {"type": "Feature", "geometry": {"type": "Point", "coordinates": [11.96461, 57.71124]}, "properties": {"id": "sef92e31021053", "country": "SE", "name": "Tärningen är kastad", "date": "2027-06-15T00:00:00Z", "town": "Göteborg", "area": null, "distanceSummary": "Minst 5 km", "distances_km": [5.0], "categories": ["trail"], "url": "https://lopplistan.se/lopp/tarningen-ar-kastad/", "description": "", "estimated": true}}, {"type": "Feature", "geometry": {"type": "Point", "coordinates": [11.97448, 57.87012]}, "properties": {"id": "seac35327c9528", "country": "SE", "name": "Kungälvs Stadslopp", "date": "2027-06-15T00:00:00Z", "town": "Kungälv", "area": null, "distanceSummary": "10.0, 5.0, 1.4, 0.4 km", "distances_km": [0.4, 1.4, 5.0, 10.0], "categories": ["road"], "url": "https://lopplistan.se/lopp/kungalvs-stadslopp/", "description": "", "estimated": true}}, {"type": "Feature", "geometry": {"type": "Point", "coordinates": [12.10662, 57.4072]}, "properties": {"id": "se5e422359d24e", "country": "SE", "name": "Löftanloppet", "date": "2027-06-15T00:00:00Z", "town": "Tjolöholm", "area": null, "distanceSummary": "Stafett", "distances_km": [], "categories": ["trail"], "url": "https://lopplistan.se/lopp/loftanloppet/", "description": "", "estimated": true}}, {"type": "Feature", "geometry": {"type": "Point", "coordinates": [15.77557, 58.70856]}, "properties": {"id": "se5adb98ee11c8", "country": "SE", "name": "Risinge Backyard Ultra", "date": "2027-06-15T00:00:00Z", "town": "Finspång", "area": null, "distanceSummary": "Backyard ultra", "distances_km": [], "categories": ["trail"], "url": "https://lopplistan.se/lopp/risinge-backyard-ultra/", "description": "", "estimated": true}}, {"type": "Feature", "geometry": {"type": "Point", "coordinates": [15.00423, 60.50274]}, "properties": {"id": "sef0ef4d494953", "country": "SE", "name": "Flosjön-Edstjärn", "date": "2027-06-15T00:00:00Z", "town": "Gagnef", "area": null, "distanceSummary": "21.0 km", "distances_km": [21.0], "categories": ["trail"], "url": "https://lopplistan.se/lopp/flosjon-edstjarn/", "description": "", "estimated": true}}, {"type": "Feature", "geometry": {"type": "Point", "coordinates": [14.86059, 59.02366]}, "properties": {"id": "sea32360baec79", "country": "SE", "name": "Gallaberget trailrun", "date": "2027-06-15T00:00:00Z", "town": "Vretstorp", "area": null, "distanceSummary": "10.0, 6.2 km", "distances_km": [6.2, 10.0], "categories": ["trail"], "url": "https://lopplistan.se/lopp/gallaberget-trailrun/", "description": "", "estimated": true}}, {"type": "Feature", "geometry": {"type": "Point", "coordinates": [17.08716, 61.64054]}, "properties": {"id": "se73211feef59b", "country": "SE", "name": "Iggesundsmilen", "date": "2027-06-15T00:00:00Z", "town": "Iggesund", "area": null, "distanceSummary": "10.0, 5.0, 2.0 km", "distances_km": [2.0, 5.0, 10.0], "categories": ["road"], "url": "https://lopplistan.se/lopp/iggesundsmilen/", "description": "", "estimated": true}}, {"type": "Feature", "geometry": {"type": "Point", "coordinates": [15.40844, 60.14267]}, "properties": {"id": "se54d32bc61961", "country": "SE", "name": "Bärkejoggen", "date": "2027-06-15T00:00:00Z", "town": "Smedjebacken", "area": null, "distanceSummary": "13.0, 6.5 km", "distances_km": [6.5, 13.0], "categories": ["road"], "url": "https://lopplistan.se/lopp/barkejoggen/", "description": "", "estimated": true}}, {"type": "Feature", "geometry": {"type": "Point", "coordinates": [18.08122, 59.32709]}, "properties": {"id": "se89146a9a5475", "country": "SE", "name": "STHLM 10", "date": "2027-06-15T00:00:00Z", "town": "Stockholm", "area": null, "distanceSummary": "10.0 km", "distances_km": [10.0], "categories": ["road"], "url": "https://lopplistan.se/lopp/sthlm-10/", "description": "", "estimated": true}}, {"type": "Feature", "geometry": {"type": "Point", "coordinates": [13.81901, 55.43179]}, "properties": {"id": "se3b7c54ad6da1", "country": "SE", "name": "Kalvinknatet Ystad", "date": "2027-06-15T00:00:00Z", "town": "Ystad", "area": null, "distanceSummary": "1.2, 0.85, 0.4 km", "distances_km": [0.4, 0.85, 1.2], "categories": ["road"], "url": "https://lopplistan.se/lopp/kalvinknatet-ystad/", "description": "", "estimated": true}}, {"type": "Feature", "geometry": {"type": "Point", "coordinates": [18.27487, 62.9513]}, "properties": {"id": "se4b1cb48aa7e4", "country": "SE", "name": "High Coast Ultra", "date": "2027-06-15T00:00:00Z", "town": "Höga Kusten", "area": null, "distanceSummary": "130.0 km", "distances_km": [130.0], "categories": ["trail"], "url": "https://lopplistan.se/lopp/high-coast-ultra/", "description": "", "estimated": true}}, {"type": "Feature", "geometry": {"type": "Point", "coordinates": [13.50382, 60.15916]}, "properties": {"id": "seeb2cfa9cda49", "country": "SE", "name": "Ekesjätten utmanar", "date": "2027-06-15T00:00:00Z", "town": "Ekshärad", "area": null, "distanceSummary": "1.3 km", "distances_km": [1.3], "categories": ["road"], "url": "https://lopplistan.se/lopp/ekesjatten-utmanar/", "description": "", "estimated": true}}, {"type": "Feature", "geometry": {"type": "Point", "coordinates": [17.14914, 60.66953]}, "properties": {"id": "se289723f33bc9", "country": "SE", "name": "Gavleterrängen", "date": "2027-06-15T00:00:00Z", "town": "Gävle", "area": null, "distanceSummary": "10.0, 5.0, 2.7, 1.0, 0.4 km", "distances_km": [0.4, 1.0, 2.7, 5.0, 10.0], "categories": ["road"], "url": "https://lopplistan.se/lopp/gavleterrangen/", "description": "", "estimated": true}}, {"type": "Feature", "geometry": {"type": "Point", "coordinates": [15.04599, 58.54573]}, "properties": {"id": "se99169bbde9bb", "country": "SE", "name": "Träningsverket x Fight ALS Backyard ultra", "date": "2027-06-15T00:00:00Z", "town": "Motala", "area": null, "distanceSummary": "Backyard ultra", "distances_km": [], "categories": ["road"], "url": "https://lopplistan.se/lopp/traningsverket-x-fight-als-backyard-ultra/", "description": "", "estimated": true}}, {"type": "Feature", "geometry": {"type": "Point", "coordinates": [12.99962, 55.61139]}, "properties": {"id": "sed85d4a94c148", "country": "SE", "name": "Malmöloppet", "date": "2027-06-15T00:00:00Z", "town": "Malmö", "area": null, "distanceSummary": "10.0, 5.0 km", "distances_km": [5.0, 10.0], "categories": ["road"], "url": "https://lopplistan.se/lopp/malmoloppet/", "description": "", "estimated": true}}, {"type": "Feature", "geometry": {"type": "Point", "coordinates": [18.71378, 63.28052]}, "properties": {"id": "seacbf06422bdf", "country": "SE", "name": "Urskogsloppet", "date": "2027-06-15T00:00:00Z", "town": "Örnsköldsvik", "area": null, "distanceSummary": "19.7, 6.6 km", "distances_km": [6.6, 19.7], "categories": ["road"], "url": "https://lopplistan.se/lopp/urskogsloppet/", "description": "", "estimated": true}}, {"type": "Feature", "geometry": {"type": "Point", "coordinates": [12.25398, 57.11164]}, "properties": {"id": "se810bcf6c35b1", "country": "SE", "name": "Nackhällerundan", "date": "2027-06-15T00:00:00Z", "town": "Varberg", "area": null, "distanceSummary": "9.5, 4.2, 1.8 km", "distances_km": [1.8, 4.2, 9.5], "categories": ["road"], "url": "https://lopplistan.se/lopp/nackhallerundan/", "description": "", "estimated": true}}, {"type": "Feature", "geometry": {"type": "Point", "coordinates": [13.07853, 63.40377]}, "properties": {"id": "sec01f57adb7d2", "country": "SE", "name": "Fjällmaraton Gastonomi", "date": "2027-06-15T00:00:00Z", "town": "Åre", "area": null, "distanceSummary": "42.0, 27.0 km", "distances_km": [27.0, 42.0], "categories": ["trail"], "url": "https://lopplistan.se/lopp/fjallmaraton-gastonomi/", "description": "", "estimated": true}}, {"type": "Feature", "geometry": {"type": "Point", "coordinates": [21.69393, 65.83335]}, "properties": {"id": "se313a08de4512", "country": "SE", "name": "Boden Fortress", "date": "2027-06-15T00:00:00Z", "town": "Boden", "area": null, "distanceSummary": "50.0, 30.0, 10.0 km", "distances_km": [10.0, 30.0, 50.0], "categories": ["trail"], "url": "https://lopplistan.se/lopp/boden-fortress/", "description": "", "estimated": true}}, {"type": "Feature", "geometry": {"type": "Point", "coordinates": [11.96603, 57.70888]}, "properties": {"id": "se0f03751f21e3", "country": "SE", "name": "Jacyz Milen By Ess Runners Club", "date": "2027-06-15T00:00:00Z", "town": "Göteborg", "area": null, "distanceSummary": "10.0 km", "distances_km": [10.0], "categories": ["road"], "url": "https://lopplistan.se/lopp/jacyz-milen-by-ess-runners-club/", "description": "", "estimated": true}}, {"type": "Feature", "geometry": {"type": "Point", "coordinates": [14.11427, 59.31119]}, "properties": {"id": "seea99bbe63676", "country": "SE", "name": "Bjurtjärnsloppet", "date": "2027-06-15T00:00:00Z", "town": "Kristinehamn", "area": null, "distanceSummary": "5.0 km", "distances_km": [5.0], "categories": ["road"], "url": "https://lopplistan.se/lopp/bjurtjarnsloppet/", "description": "", "estimated": true}}, {"type": "Feature", "geometry": {"type": "Point", "coordinates": [12.94028, 57.71582]}, "properties": {"id": "sec2707962e6fe", "country": "SE", "name": "GB 12 - Granbäcken Backyard", "date": "2027-06-15T00:00:00Z", "town": "Borås", "area": null, "distanceSummary": "Backyard ultra", "distances_km": [], "categories": ["trail"], "url": "https://lopplistan.se/lopp/gb-12-granbacken-backyard/", "description": "", "estimated": true}}, {"type": "Feature", "geometry": {"type": "Point", "coordinates": [17.93792, 59.3513]}, "properties": {"id": "se0f5506282f58", "country": "SE", "name": "Beckombergaloppet", "date": "2027-06-15T00:00:00Z", "town": "Bromma", "area": null, "distanceSummary": "3.0, 1.0, 0.3 km", "distances_km": [0.3, 1.0, 3.0], "categories": ["road"], "url": "https://lopplistan.se/lopp/beckombergaloppet/", "description": "", "estimated": true}}, {"type": "Feature", "geometry": {"type": "Point", "coordinates": [17.03226, 59.04985]}, "properties": {"id": "se4e68d636ddda", "country": "SE", "name": "Marknadsloppet", "date": "2027-06-15T00:00:00Z", "town": "Gnesta", "area": null, "distanceSummary": "5.0, 2.9, 1.2, 0.7 km", "distances_km": [0.7, 1.2, 2.9, 5.0], "categories": ["road"], "url": "https://lopplistan.se/lopp/marknadsloppet/", "description": "", "estimated": true}}, {"type": "Feature", "geometry": {"type": "Point", "coordinates": [14.51617, 56.30149]}, "properties": {"id": "sefbe3f18b4abf", "country": "SE", "name": "Holje Marknadsloppet", "date": "2027-06-15T00:00:00Z", "town": "Olofström", "area": null, "distanceSummary": "4.0, 2.0, 1.0 km", "distances_km": [1.0, 2.0, 4.0], "categories": ["road"], "url": "https://lopplistan.se/lopp/holje-marknadsloppet/", "description": "", "estimated": true}}, {"type": "Feature", "geometry": {"type": "Point", "coordinates": [17.00788, 61.54076]}, "properties": {"id": "seb0a4058a4900", "country": "SE", "name": "Fågelhällanloppet", "date": "2027-06-15T00:00:00Z", "town": "Brovallen, Enånger", "area": null, "distanceSummary": "9.3, 5.7 km", "distances_km": [5.7, 9.3], "categories": ["road"], "url": "https://lopplistan.se/lopp/fagelhallanloppet/", "description": "", "estimated": true}}, {"type": "Feature", "geometry": {"type": "Point", "coordinates": [14.17283, 57.78369]}, "properties": {"id": "se91059e065b13", "country": "SE", "name": "Nattvarvet Jönköping", "date": "2027-06-15T00:00:00Z", "town": "Jönköping", "area": null, "distanceSummary": "5.5 km", "distances_km": [5.5], "categories": ["road"], "url": "https://lopplistan.se/lopp/nattvarvet-jonkoping/", "description": "", "estimated": true}}, {"type": "Feature", "geometry": {"type": "Point", "coordinates": [17.14739, 60.67348]}, "properties": {"id": "se15d54480669b", "country": "SE", "name": "Gavletrailen", "date": "2027-06-15T00:00:00Z", "town": "Gävle", "area": null, "distanceSummary": "10.0, 5.0, 1.7 km", "distances_km": [1.7, 5.0, 10.0], "categories": ["road"], "url": "https://lopplistan.se/lopp/gavletrailen/", "description": "", "estimated": true}}, {"type": "Feature", "geometry": {"type": "Point", "coordinates": [15.58141, 56.17016]}, "properties": {"id": "sea93e09c8ed86", "country": "SE", "name": "Kustmaran", "date": "2027-06-15T00:00:00Z", "town": "Karlskrona", "area": null, "distanceSummary": "42.2, 21.1, 10.0, 5.0, 4.0, 2.5, 0.9 km", "distances_km": [0.9, 2.5, 4.0, 5.0, 10.0, 21.1, 42.2], "categories": ["road"], "url": "https://lopplistan.se/lopp/kustmaran/", "description": "", "estimated": true}}, {"type": "Feature", "geometry": {"type": "Point", "coordinates": [17.15434, 65.06406]}, "properties": {"id": "sec9acfd7ca5f6", "country": "SE", "name": "Stensele Runt", "date": "2027-06-15T00:00:00Z", "town": "Stensele", "area": null, "distanceSummary": "10.5, 4.0, 2.2, 1.7, 1.1, 0.85, 0.2 km", "distances_km": [0.2, 0.85, 1.1, 1.7, 2.2, 4.0, 10.5], "categories": ["road"], "url": "https://lopplistan.se/lopp/stensele-runt/", "description": "", "estimated": true}}, {"type": "Feature", "geometry": {"type": "Point", "coordinates": [16.48137, 59.62193]}, "properties": {"id": "se0a9ca89ca8fc", "country": "SE", "name": "Västerås Trail Run", "date": "2027-06-15T00:00:00Z", "town": "Vedbobacken, Västerås", "area": null, "distanceSummary": "10.0, 5.0, 1.0 km", "distances_km": [1.0, 5.0, 10.0], "categories": ["trail"], "url": "https://lopplistan.se/lopp/vasteras-trail-run/", "description": "", "estimated": true}}, {"type": "Feature", "geometry": {"type": "Point", "coordinates": [12.3528, 57.81807]}, "properties": {"id": "sedbb4ac4d1846", "country": "SE", "name": "Jernbrukets Backyard Ultra", "date": "2027-06-15T00:00:00Z", "town": "Floda", "area": null, "distanceSummary": "Backyard ultra", "distances_km": [], "categories": ["trail"], "url": "https://lopplistan.se/lopp/jernbrukets-backyard-ultra/", "description": "", "estimated": true}}, {"type": "Feature", "geometry": {"type": "Point", "coordinates": [16.90058, 63.44737]}, "properties": {"id": "se7ee790f447ab", "country": "SE", "name": "BUN - Backyard Ultra Nämforsen", "date": "2027-06-15T00:00:00Z", "town": "Näsåker", "area": null, "distanceSummary": "Backyard ultra", "distances_km": [], "categories": ["road"], "url": "https://lopplistan.se/lopp/bun-backyard-ultra-namforsen/", "description": "", "estimated": true}}, {"type": "Feature", "geometry": {"type": "Point", "coordinates": [18.07031, 59.32826]}, "properties": {"id": "sec49ae1a64cac", "country": "SE", "name": "Paradisloppet", "date": "2027-06-15T00:00:00Z", "town": "Stockholm", "area": null, "distanceSummary": "10.0, 5.0, 2.5, 1.5, 0.75, 0.35 km", "distances_km": [0.35, 0.75, 1.5, 2.5, 5.0, 10.0], "categories": ["road"], "url": "https://lopplistan.se/lopp/paradisloppet/", "description": "", "estimated": true}}, {"type": "Feature", "geometry": {"type": "Point", "coordinates": [17.5045, 58.83805]}, "properties": {"id": "se9d66823b8a13", "country": "SE", "name": "Trosa Stadslopp", "date": "2027-06-15T00:00:00Z", "town": "Trosa", "area": null, "distanceSummary": "Barndistans, 8.9, 4.0 km", "distances_km": [4.0, 8.9], "categories": ["road"], "url": "https://lopplistan.se/lopp/trosa-stadslopp/", "description": "", "estimated": true}}, {"type": "Feature", "geometry": {"type": "Point", "coordinates": [14.14079, 56.55077]}, "properties": {"id": "se501a723b0aa8", "country": "SE", "name": "Möckeln Runt Ultramaraton", "date": "2027-06-15T00:00:00Z", "town": "Älmhult", "area": null, "distanceSummary": "53.0 km", "distances_km": [53.0], "categories": ["trail"], "url": "https://lopplistan.se/lopp/mockeln-runt-ultramaraton/", "description": "", "estimated": true}}, {"type": "Feature", "geometry": {"type": "Point", "coordinates": [17.31061, 62.39157]}, "properties": {"id": "sea20b6b9eccf3", "country": "SE", "name": "Nattmilen", "date": "2027-06-15T00:00:00Z", "town": "Sundsvall", "area": null, "distanceSummary": "10.0, 5.0 km", "distances_km": [5.0, 10.0], "categories": ["road"], "url": "https://lopplistan.se/lopp/nattmilen/", "description": "", "estimated": true}}, {"type": "Feature", "geometry": {"type": "Point", "coordinates": [18.07013, 59.32422]}, "properties": {"id": "sec8bf4ea4385c", "country": "SE", "name": "EcoTrail", "date": "2027-06-15T00:00:00Z", "town": "Stockholm", "area": null, "distanceSummary": "80.0, 45.0, 33.0, 16.0, 8.0, 2.0, 0.7 km", "distances_km": [0.7, 2.0, 8.0, 16.0, 33.0, 45.0, 80.0], "categories": ["trail"], "url": "https://lopplistan.se/lopp/ecotrail/", "description": "", "estimated": true}}, {"type": "Feature", "geometry": {"type": "Point", "coordinates": [12.40147, 58.36861]}, "properties": {"id": "sea416bb67b564", "country": "SE", "name": "Skogsvargarna Trailrun", "date": "2027-06-15T00:00:00Z", "town": "Vargön", "area": null, "distanceSummary": "45.0, 22.0, 11.0, 6.0 km", "distances_km": [6.0, 11.0, 22.0, 45.0], "categories": ["trail"], "url": "https://lopplistan.se/lopp/skogsvargarna-trailrun/", "description": "", "estimated": true}}, {"type": "Feature", "geometry": {"type": "Point", "coordinates": [17.92788, 59.3841]}, "properties": {"id": "se61f0526a27ba", "country": "SE", "name": "Rinkebyloppet", "date": "2027-06-15T00:00:00Z", "town": "Rinkeby Torg", "area": null, "distanceSummary": "10.0 km", "distances_km": [10.0], "categories": ["road"], "url": "https://lopplistan.se/lopp/rinkebyloppet/", "description": "", "estimated": true}}, {"type": "Feature", "geometry": {"type": "Point", "coordinates": [13.50072, 59.38088]}, "properties": {"id": "seec4686d09a3e", "country": "SE", "name": "Karlstad Stadslopp", "date": "2027-06-15T00:00:00Z", "town": "Karlstad", "area": null, "distanceSummary": "10.0, 5.0, 1.0, 0.1 km", "distances_km": [0.1, 1.0, 5.0, 10.0], "categories": ["road"], "url": "https://lopplistan.se/lopp/karlstad-stadslopp/", "description": "", "estimated": true}}, {"type": "Feature", "geometry": {"type": "Point", "coordinates": [18.07058, 59.32022]}, "properties": {"id": "se875269a476a0", "country": "SE", "name": "Söder Runt", "date": "2027-06-15T00:00:00Z", "town": "Stockholm", "area": null, "distanceSummary": "10.0 km", "distances_km": [10.0], "categories": ["road"], "url": "https://lopplistan.se/lopp/soder-runt/", "description": "", "estimated": true}}, {"type": "Feature", "geometry": {"type": "Point", "coordinates": [13.26987, 61.1556]}, "properties": {"id": "se683f75ff4f39", "country": "SE", "name": "Tjejmilen Sälen by EQPE", "date": "2027-06-15T00:00:00Z", "town": "Sälen", "area": null, "distanceSummary": "10.0, 5.0 km", "distances_km": [5.0, 10.0], "categories": ["trail"], "url": "https://lopplistan.se/lopp/tjejmilen-salen-by-eqpe/", "description": "", "estimated": true}}, {"type": "Feature", "geometry": {"type": "Point", "coordinates": [14.92766, 59.34588]}, "properties": {"id": "seaf397b6d2b79", "country": "SE", "name": "Blue Mountain TrailRun", "date": "2027-06-15T00:00:00Z", "town": "Ånnaboda", "area": null, "distanceSummary": "21.0, 15.0, 10.0, 6.0 km", "distances_km": [6.0, 10.0, 15.0, 21.0], "categories": ["trail"], "url": "https://lopplistan.se/lopp/blue-mountain-trailrun/", "description": "", "estimated": true}}, {"type": "Feature", "geometry": {"type": "Point", "coordinates": [18.07401, 59.32654]}, "properties": {"id": "se49881befc658", "country": "SE", "name": "Run For Pride", "date": "2027-06-15T00:00:00Z", "town": "Stockholm", "area": null, "distanceSummary": "10.0, 5.0 km", "distances_km": [5.0, 10.0], "categories": ["road"], "url": "https://lopplistan.se/lopp/run-for-pride/", "description": "", "estimated": true}}, {"type": "Feature", "geometry": {"type": "Point", "coordinates": [18.81234, 60.09363]}, "properties": {"id": "sece4407f06da5", "country": "SE", "name": "Jättelångt", "date": "2027-06-15T00:00:00Z", "town": "Grisslehamn", "area": null, "distanceSummary": "Stafett, 70.0 km", "distances_km": [70.0], "categories": ["trail"], "url": "https://lopplistan.se/lopp/jattelangt/", "description": "", "estimated": true}}, {"type": "Feature", "geometry": {"type": "Point", "coordinates": [21.48457, 65.31624]}, "properties": {"id": "se123e8010afcb", "country": "SE", "name": "Nalta Backyard Ultra", "date": "2027-06-15T00:00:00Z", "town": "Piteå", "area": null, "distanceSummary": "Backyard ultra", "distances_km": [], "categories": ["trail"], "url": "https://lopplistan.se/lopp/nalta-backyard-ultra/", "description": "", "estimated": true}}, {"type": "Feature", "geometry": {"type": "Point", "coordinates": [11.34997, 58.13749]}, "properties": {"id": "se9ed401a886fd", "country": "SE", "name": "Hermanövarvet", "date": "2027-07-15T00:00:00Z", "town": "Hermanö", "area": null, "distanceSummary": "25.0, 15.0, 10.0, 1.4, 0.3 km", "distances_km": [0.3, 1.4, 10.0, 15.0, 25.0], "categories": ["trail"], "url": "https://lopplistan.se/lopp/hermanovarvet/", "description": "", "estimated": true}}, {"type": "Feature", "geometry": {"type": "Point", "coordinates": [13.15784, 58.50515]}, "properties": {"id": "se5ba21c30abf7", "country": "SE", "name": "Läckövarvet", "date": "2027-07-15T00:00:00Z", "town": "Lidköping", "area": null, "distanceSummary": "21.0, 10.0, 2.0 km", "distances_km": [2.0, 10.0, 21.0], "categories": ["road"], "url": "https://lopplistan.se/lopp/lackovarvet/", "description": "", "estimated": true}}, {"type": "Feature", "geometry": {"type": "Point", "coordinates": [17.87249, 62.89638]}, "properties": {"id": "see645ccb3ae97", "country": "SE", "name": "High Coast Backyard", "date": "2027-07-15T00:00:00Z", "town": "Svanö", "area": null, "distanceSummary": "Backyard ultra", "distances_km": [], "categories": ["road"], "url": "https://lopplistan.se/lopp/high-coast-backyard/", "description": "", "estimated": true}}, {"type": "Feature", "geometry": {"type": "Point", "coordinates": [17.24227, 61.97682]}, "properties": {"id": "se69cdb7b21744", "country": "SE", "name": "Jordgubbsloppet", "date": "2027-07-15T00:00:00Z", "town": "Jättendal", "area": null, "distanceSummary": "21.0, 12.8, 5.5, 2.7, 0.3 km", "distances_km": [0.3, 2.7, 5.5, 12.8, 21.0], "categories": ["road"], "url": "https://lopplistan.se/lopp/jordgubbsloppet/", "description": "", "estimated": true}}, {"type": "Feature", "geometry": {"type": "Point", "coordinates": [16.63144, 56.66995]}, "properties": {"id": "sea8f7fe694b8b", "country": "SE", "name": "Victorialoppet", "date": "2027-07-15T00:00:00Z", "town": "Öland", "area": null, "distanceSummary": "9.0, 4.0, 2.0, 1.5 km", "distances_km": [1.5, 2.0, 4.0, 9.0], "categories": ["road"], "url": "https://lopplistan.se/lopp/victorialoppet/", "description": "", "estimated": true}}, {"type": "Feature", "geometry": {"type": "Point", "coordinates": [15.42025, 60.48797]}, "properties": {"id": "sedc399581fcae", "country": "SE", "name": "Borlänge Backyard", "date": "2027-07-15T00:00:00Z", "town": "Borlänge", "area": null, "distanceSummary": "Backyard ultra", "distances_km": [], "categories": ["trail"], "url": "https://lopplistan.se/lopp/borlange-backyard-borlange/", "description": "", "estimated": true}}, {"type": "Feature", "geometry": {"type": "Point", "coordinates": [16.3659, 56.66671]}, "properties": {"id": "se7b234e647134", "country": "SE", "name": "Atea Kalmarmilen", "date": "2027-07-15T00:00:00Z", "town": "Kalmar", "area": null, "distanceSummary": "10.0, 1.2, 0.4 km", "distances_km": [0.4, 1.2, 10.0], "categories": ["road"], "url": "https://lopplistan.se/lopp/atea-kalmarmilen/", "description": "", "estimated": true}}, {"type": "Feature", "geometry": {"type": "Point", "coordinates": [19.99032, 63.80283]}, "properties": {"id": "se33d86a8afc9b", "country": "SE", "name": "Husums trail", "date": "2027-07-15T00:00:00Z", "town": "Degersjön", "area": null, "distanceSummary": "7.7, 3.5, 1.0 km", "distances_km": [1.0, 3.5, 7.7], "categories": ["trail"], "url": "https://lopplistan.se/lopp/husums-trail/", "description": "", "estimated": true}}, {"type": "Feature", "geometry": {"type": "Point", "coordinates": [20.87581, 63.78076]}, "properties": {"id": "se5c0e7ce24c0f", "country": "SE", "name": "Holmöloppet", "date": "2027-07-15T00:00:00Z", "town": "Holmön", "area": null, "distanceSummary": "16.0, 7.0 km", "distances_km": [7.0, 16.0], "categories": ["trail"], "url": "https://lopplistan.se/lopp/holmoloppet/", "description": "", "estimated": true}}, {"type": "Feature", "geometry": {"type": "Point", "coordinates": [16.64052, 57.77088]}, "properties": {"id": "se21dbd86812de", "country": "SE", "name": "Västervik City Run", "date": "2027-07-15T00:00:00Z", "town": "Västervik", "area": null, "distanceSummary": "6.3, 0.7 km", "distances_km": [0.7, 6.3], "categories": ["road"], "url": "https://lopplistan.se/lopp/vastervik-city-run/", "description": "", "estimated": true}}, {"type": "Feature", "geometry": {"type": "Point", "coordinates": [14.28766, 55.9178]}, "properties": {"id": "se3a5881f4e067", "country": "SE", "name": "Full Moon Race", "date": "2027-07-15T00:00:00Z", "town": "Åhus", "area": null, "distanceSummary": "50 miles", "distances_km": [50.0], "categories": ["road"], "url": "https://lopplistan.se/lopp/full-moon-race/", "description": "", "estimated": true}}, {"type": "Feature", "geometry": {"type": "Point", "coordinates": [12.94285, 57.72267]}, "properties": {"id": "se151a8e7f73e6", "country": "SE", "name": "Ryavallen Ultrafestival", "date": "2027-07-15T00:00:00Z", "town": "Borås", "area": null, "distanceSummary": "Backyard ultra, 6-timmar, 24-timmar, 12-timmar, 161.0, 100.0", "distances_km": [6.0, 12.0, 24.0, 100.0, 161.0], "categories": ["road"], "url": "https://lopplistan.se/lopp/ryavallen-ultrafestival/", "description": "", "estimated": true}}, {"type": "Feature", "geometry": {"type": "Point", "coordinates": [16.62099, 56.66636]}, "properties": {"id": "see7039233599f", "country": "SE", "name": "Böda Sandloppet", "date": "2027-07-15T00:00:00Z", "town": "Öland", "area": null, "distanceSummary": "6.5, 4.0 km", "distances_km": [4.0, 6.5], "categories": ["road"], "url": "https://lopplistan.se/lopp/boda-sandloppet/", "description": "", "estimated": true}}, {"type": "Feature", "geometry": {"type": "Point", "coordinates": [21.57691, 65.43419]}, "properties": {"id": "se82295ad6e278", "country": "SE", "name": "Revsudden Backyard Ultra", "date": "2027-07-15T00:00:00Z", "town": "Småland", "area": null, "distanceSummary": "Backyard ultra", "distances_km": [], "categories": ["trail"], "url": "https://lopplistan.se/lopp/revsudden-backyard-ultra/", "description": "", "estimated": true}}, {"type": "Feature", "geometry": {"type": "Point", "coordinates": [16.62932, 56.66887]}, "properties": {"id": "se7406f37e09a0", "country": "SE", "name": "Hornsjön Runt", "date": "2027-07-15T00:00:00Z", "town": "Öland", "area": null, "distanceSummary": "11.0, 5.5, 2.9, 1.5, 0.7 km", "distances_km": [0.7, 1.5, 2.9, 5.5, 11.0], "categories": ["road"], "url": "https://lopplistan.se/lopp/hornsjon-runt/", "description": "", "estimated": true}}, {"type": "Feature", "geometry": {"type": "Point", "coordinates": [16.62461, 56.67421]}, "properties": {"id": "sefb6f64db5d8f", "country": "SE", "name": "Löttorpsvarvet", "date": "2027-07-15T00:00:00Z", "town": "Öland", "area": null, "distanceSummary": "6.2, 1.4, 0.8 km", "distances_km": [0.8, 1.4, 6.2], "categories": ["trail"], "url": "https://lopplistan.se/lopp/lottorpsvarvet/", "description": "", "estimated": true}}, {"type": "Feature", "geometry": {"type": "Point", "coordinates": [11.33205, 58.82483]}, "properties": {"id": "se97a2e92a2ec3", "country": "SE", "name": "Lurs Backyard Ultra", "date": "2027-07-15T00:00:00Z", "town": "Lur", "area": null, "distanceSummary": "Backyard ultra", "distances_km": [], "categories": ["road"], "url": "https://lopplistan.se/lopp/lurs-backyard-ultra/", "description": "", "estimated": true}}, {"type": "Feature", "geometry": {"type": "Point", "coordinates": [16.36223, 58.6661]}, "properties": {"id": "sebb4cb6008674", "country": "SE", "name": "Kolmården Ultra Trail", "date": "2027-07-15T00:00:00Z", "town": "Kolmården", "area": null, "distanceSummary": "48.0 km", "distances_km": [48.0], "categories": ["trail"], "url": "https://lopplistan.se/lopp/kolmarden-ultra-trail/", "description": "", "estimated": true}}, {"type": "Feature", "geometry": {"type": "Point", "coordinates": [15.71029, 65.41165]}, "properties": {"id": "se95e8192d27b8", "country": "SE", "name": "Gardfjällslunken", "date": "2027-07-15T00:00:00Z", "town": "Norra Gardfjället", "area": null, "distanceSummary": "17.0 km", "distances_km": [17.0], "categories": ["trail"], "url": "https://lopplistan.se/lopp/gardfjallslunken/", "description": "", "estimated": true}}, {"type": "Feature", "geometry": {"type": "Point", "coordinates": [15.21326, 59.27823]}, "properties": {"id": "se6cde88e8a32c", "country": "SE", "name": "Sommarmilen", "date": "2027-07-15T00:00:00Z", "town": "Örebro", "area": null, "distanceSummary": "10.0 km", "distances_km": [10.0], "categories": ["road"], "url": "https://lopplistan.se/lopp/sommarmilen/", "description": "", "estimated": true}}, {"type": "Feature", "geometry": {"type": "Point", "coordinates": [15.21557, 59.27456]}, "properties": {"id": "se72346265f91d", "country": "SE", "name": "Solruset", "date": "2027-07-15T00:00:00Z", "town": "Örebro", "area": null, "distanceSummary": "1.0 km", "distances_km": [1.0], "categories": ["road"], "url": "https://lopplistan.se/lopp/solruset/", "description": "", "estimated": true}}, {"type": "Feature", "geometry": {"type": "Point", "coordinates": [13.16469, 63.2653]}, "properties": {"id": "se531307ddc097", "country": "SE", "name": "Salomon 27K", "date": "2027-07-15T00:00:00Z", "town": "Trillevallen", "area": null, "distanceSummary": "27.0 km", "distances_km": [27.0], "categories": ["trail"], "url": "https://lopplistan.se/lopp/salomon-27k/", "description": "", "estimated": true}}, {"type": "Feature", "geometry": {"type": "Point", "coordinates": [12.85549, 56.43748]}, "properties": {"id": "se16fc76e93ac1", "country": "SE", "name": "Båstad Marathon", "date": "2027-07-15T00:00:00Z", "town": "Båstad", "area": null, "distanceSummary": "42.2, 21.1 km", "distances_km": [21.1, 42.2], "categories": ["road"], "url": "https://lopplistan.se/lopp/bastad-marathon/", "description": "", "estimated": true}}, {"type": "Feature", "geometry": {"type": "Point", "coordinates": [18.30324, 57.52842]}, "properties": {"id": "se414558849309", "country": "SE", "name": "Viruddenloppet", "date": "2027-07-15T00:00:00Z", "town": "Gotland", "area": null, "distanceSummary": "10.0, 5.0 km", "distances_km": [5.0, 10.0], "categories": ["road"], "url": "https://lopplistan.se/lopp/viruddenloppet/", "description": "", "estimated": true}}, {"type": "Feature", "geometry": {"type": "Point", "coordinates": [13.15185, 56.04148]}, "properties": {"id": "se18cdffb7f548", "country": "SE", "name": "Klåveröd Backyard", "date": "2027-07-15T00:00:00Z", "town": "Klåveröd", "area": null, "distanceSummary": "Backyard ultra", "distances_km": [], "categories": ["trail"], "url": "https://lopplistan.se/lopp/klaverod-backyard/", "description": "", "estimated": true}}, {"type": "Feature", "geometry": {"type": "Point", "coordinates": [12.33868, 62.54531]}, "properties": {"id": "seb94fd532d1ad", "country": "SE", "name": "Hamra Trail", "date": "2027-07-15T00:00:00Z", "town": "Tänndalen", "area": null, "distanceSummary": "48.0, 24.0, 12.0 km", "distances_km": [12.0, 24.0, 48.0], "categories": ["trail"], "url": "https://lopplistan.se/lopp/hamra-trail/", "description": "", "estimated": true}}, {"type": "Feature", "geometry": {"type": "Point", "coordinates": [13.82571, 55.42309]}, "properties": {"id": "se0c858ac002cc", "country": "SE", "name": "The GAX 100 miles", "date": "2027-07-15T00:00:00Z", "town": "Ystad", "area": null, "distanceSummary": "161.0 km", "distances_km": [161.0], "categories": ["road"], "url": "https://lopplistan.se/lopp/the-gax-100-miles/", "description": "", "estimated": true}}, {"type": "Feature", "geometry": {"type": "Point", "coordinates": [13.07842, 63.40162]}, "properties": {"id": "se09edfa1a6cb3", "country": "SE", "name": "KIA Fjällmaraton 100K", "date": "2027-07-15T00:00:00Z", "town": "Åre", "area": null, "distanceSummary": "100.0 km", "distances_km": [100.0], "categories": ["trail"], "url": "https://lopplistan.se/lopp/kia-fjallmaraton-100k/", "description": "", "estimated": true}}, {"type": "Feature", "geometry": {"type": "Point", "coordinates": [13.09131, 63.40335]}, "properties": {"id": "se61879e47ec55", "country": "SE", "name": "Fjällmaraton Ottsjö 8K", "date": "2027-07-15T00:00:00Z", "town": "Åre", "area": null, "distanceSummary": "8.0 km", "distances_km": [8.0], "categories": ["trail"], "url": "https://lopplistan.se/lopp/fjallmaraton-ottsjo-8k/", "description": "", "estimated": true}}, {"type": "Feature", "geometry": {"type": "Point", "coordinates": [13.08131, 63.40079]}, "properties": {"id": "sede28ae081ad6", "country": "SE", "name": "Peak Performance Vertical K", "date": "2027-07-15T00:00:00Z", "town": "Åre", "area": null, "distanceSummary": "5.0 km", "distances_km": [5.0], "categories": ["trail"], "url": "https://lopplistan.se/lopp/peak-performance-vertical-k/", "description": "", "estimated": true}}, {"type": "Feature", "geometry": {"type": "Point", "coordinates": [15.96366, 60.08495]}, "properties": {"id": "se1983ded1e6e4", "country": "SE", "name": "Nordansjö Nattultra", "date": "2027-07-15T00:00:00Z", "town": "Norberg", "area": null, "distanceSummary": "60.0 km", "distances_km": [60.0], "categories": ["trail"], "url": "https://lopplistan.se/lopp/nordansjo-nattultra/", "description": "", "estimated": true}}, {"type": "Feature", "geometry": {"type": "Point", "coordinates": [11.24749, 58.54511]}, "properties": {"id": "se5677cf2daa9d", "country": "SE", "name": "Bohusläns Saltaste", "date": "2027-07-15T00:00:00Z", "town": "Hamburgö", "area": null, "distanceSummary": "13.0, 11.0, 6.5, 0.95, 0.25 km", "distances_km": [0.25, 0.95, 6.5, 11.0, 13.0], "categories": ["road"], "url": "https://lopplistan.se/lopp/bohuslans-saltaste/", "description": "", "estimated": true}}, {"type": "Feature", "geometry": {"type": "Point", "coordinates": [16.36225, 56.66902]}, "properties": {"id": "seb0bd39987f73", "country": "SE", "name": "Kalmar Frontyard", "date": "2027-07-15T00:00:00Z", "town": "Kalmar", "area": null, "distanceSummary": "Frontyard", "distances_km": [], "categories": ["road"], "url": "https://lopplistan.se/lopp/kalmar-frontyard/", "description": "", "estimated": true}}, {"type": "Feature", "geometry": {"type": "Point", "coordinates": [14.54324, 61.01508]}, "properties": {"id": "seaea2e56501ff", "country": "SE", "name": "Mora Trail", "date": "2027-07-15T00:00:00Z", "town": "Mora", "area": null, "distanceSummary": "23.0, 13.0, 8.0, 4.0, 2.0, 0.7 km", "distances_km": [0.7, 2.0, 4.0, 8.0, 13.0, 23.0], "categories": ["trail"], "url": "https://lopplistan.se/lopp/mora-trail/", "description": "", "estimated": true}}, {"type": "Feature", "geometry": {"type": "Point", "coordinates": [23.0016, 66.0064]}, "properties": {"id": "se82ba624b699b", "country": "SE", "name": "Strandruset", "date": "2027-07-15T00:00:00Z", "town": "Kalix", "area": null, "distanceSummary": "10.0, 5.0 km", "distances_km": [5.0, 10.0], "categories": ["road"], "url": "https://lopplistan.se/lopp/strandruset/", "description": "", "estimated": true}}, {"type": "Feature", "geometry": {"type": "Point", "coordinates": [13.72183, 60.68015]}, "properties": {"id": "se72701c7ec324", "country": "SE", "name": "Buggruset", "date": "2027-07-15T00:00:00Z", "town": "Malung", "area": null, "distanceSummary": "5.0 km", "distances_km": [5.0], "categories": ["road"], "url": "https://lopplistan.se/lopp/buggruset/", "description": "", "estimated": true}}, {"type": "Feature", "geometry": {"type": "Point", "coordinates": [12.29541, 58.28303]}, "properties": {"id": "se5a234c385fbf", "country": "SE", "name": "Kraftprovet", "date": "2027-07-15T00:00:00Z", "town": "Trollhättan", "area": null, "distanceSummary": "11.6, 6.3, 2.6, 1.8, 0.8 km", "distances_km": [0.8, 1.8, 2.6, 6.3, 11.6], "categories": ["road"], "url": "https://lopplistan.se/lopp/kraftprovet/", "description": "", "estimated": true}}, {"type": "Feature", "geometry": {"type": "Point", "coordinates": [12.4864, 56.90438]}, "properties": {"id": "se8acd7b8b67ff", "country": "SE", "name": "Falkenbergs Stadslopp", "date": "2027-07-15T00:00:00Z", "town": "Falkenberg", "area": null, "distanceSummary": "10.0 km", "distances_km": [10.0], "categories": ["road"], "url": "https://lopplistan.se/lopp/falkenbergs-stadslopp/", "description": "", "estimated": true}}, {"type": "Feature", "geometry": {"type": "Point", "coordinates": [16.54513, 59.60963]}, "properties": {"id": "se011a3decb60a", "country": "SE", "name": "Nattvarvet Västerås", "date": "2027-07-15T00:00:00Z", "town": "Västerås", "area": null, "distanceSummary": "5.5 km", "distances_km": [5.5], "categories": ["road"], "url": "https://lopplistan.se/lopp/nattvarvet-vasteras/", "description": "", "estimated": true}}, {"type": "Feature", "geometry": {"type": "Point", "coordinates": [15.21218, 59.2741]}, "properties": {"id": "se0d3c011d2fda", "country": "SE", "name": "Nattvarvet Örebro", "date": "2027-07-15T00:00:00Z", "town": "Örebro", "area": null, "distanceSummary": "5.5 km", "distances_km": [5.5], "categories": ["road"], "url": "https://lopplistan.se/lopp/nattvarvet-orebro/", "description": "", "estimated": true}}, {"type": "Feature", "geometry": {"type": "Point", "coordinates": [11.66679, 58.54999]}, "properties": {"id": "se08baf5463cc0", "country": "SE", "name": "Gårvikloppet", "date": "2027-07-15T00:00:00Z", "town": "Munkedal", "area": null, "distanceSummary": "8.0, 4.0 km", "distances_km": [4.0, 8.0], "categories": ["trail"], "url": "https://lopplistan.se/lopp/garvikloppet/", "description": "", "estimated": true}}, {"type": "Feature", "geometry": {"type": "Point", "coordinates": [16.20347, 65.95075]}, "properties": {"id": "se9185686a5ab9", "country": "SE", "name": "Ammarnäs Trail", "date": "2027-07-15T00:00:00Z", "town": "Ammarnäs", "area": null, "distanceSummary": "Barndistans, 18.0, 11.0 km", "distances_km": [11.0, 18.0], "categories": ["trail"], "url": "https://lopplistan.se/lopp/ammarnas-trail/", "description": "", "estimated": true}}, {"type": "Feature", "geometry": {"type": "Point", "coordinates": [12.91144, 59.45427]}, "properties": {"id": "se8671730429fd", "country": "SE", "name": "Värmskogsloppet", "date": "2027-07-15T00:00:00Z", "town": "Värmskog", "area": null, "distanceSummary": "6.0, 1.5, 0.2 km", "distances_km": [0.2, 1.5, 6.0], "categories": ["road"], "url": "https://lopplistan.se/lopp/varmskogsloppet/", "description": "", "estimated": true}}, {"type": "Feature", "geometry": {"type": "Point", "coordinates": [14.34322, 55.55448]}, "properties": {"id": "se7ae430bbb744", "country": "SE", "name": "Sankt Olofsloppet", "date": "2027-07-15T00:00:00Z", "town": "Simrishamn", "area": null, "distanceSummary": "Barndistans, 9.2, 4.7 km", "distances_km": [4.7, 9.2], "categories": ["road"], "url": "https://lopplistan.se/lopp/sankt-olofsloppet/", "description": "", "estimated": true}}, {"type": "Feature", "geometry": {"type": "Point", "coordinates": [13.65851, 55.85216]}, "properties": {"id": "sea845bebcc5e3", "country": "SE", "name": "Hörby Marknadslopp", "date": "2027-07-15T00:00:00Z", "town": "Hörby", "area": null, "distanceSummary": "12.6, 6.1, 3.4 km", "distances_km": [3.4, 6.1, 12.6], "categories": ["road"], "url": "https://lopplistan.se/lopp/horby-marknadslopp/", "description": "", "estimated": true}}, {"type": "Feature", "geometry": {"type": "Point", "coordinates": [11.16566, 58.94081]}, "properties": {"id": "sef42fe6bc48d3", "country": "SE", "name": "Strömstadmilen", "date": "2027-07-15T00:00:00Z", "town": "Strömstad", "area": null, "distanceSummary": "Gång, Barndistans, 10.0, 5.0 km", "distances_km": [5.0, 10.0], "categories": ["road"], "url": "https://lopplistan.se/lopp/stromstadmilen/", "description": "", "estimated": true}}, {"type": "Feature", "geometry": {"type": "Point", "coordinates": [17.01076, 58.74967]}, "properties": {"id": "se8e6e0669100c", "country": "SE", "name": "Premiärfemman Ekensberg", "date": "2027-07-15T00:00:00Z", "town": "Nyköping", "area": null, "distanceSummary": "5.0 km", "distances_km": [5.0], "categories": ["road"], "url": "https://lopplistan.se/lopp/premiarfemman-ekensberg/", "description": "", "estimated": true}}, {"type": "Feature", "geometry": {"type": "Point", "coordinates": [16.37248, 58.67439]}, "properties": {"id": "se77c9bca1ff32", "country": "SE", "name": "KolmårdsRundan Trail Run", "date": "2027-07-15T00:00:00Z", "town": "Kolmården", "area": null, "distanceSummary": "48.0, 25.0, 18.0, 10.0, 6.0, 2.3 km", "distances_km": [2.3, 6.0, 10.0, 18.0, 25.0, 48.0], "categories": ["trail"], "url": "https://lopplistan.se/lopp/kolmardsrundan-trail-run/", "description": "", "estimated": true}}, {"type": "Feature", "geometry": {"type": "Point", "coordinates": [18.30738, 57.53738]}, "properties": {"id": "sef3d864077667", "country": "SE", "name": "Sunset race", "date": "2027-07-15T00:00:00Z", "town": "Gotland", "area": null, "distanceSummary": "5.0 km", "distances_km": [5.0], "categories": ["road"], "url": "https://lopplistan.se/lopp/sunset-race/", "description": "", "estimated": true}}, {"type": "Feature", "geometry": {"type": "Point", "coordinates": [16.89117, 63.44065]}, "properties": {"id": "se1be4d89d31fb", "country": "SE", "name": "Fäboloppet", "date": "2027-07-15T00:00:00Z", "town": "Näsåker", "area": null, "distanceSummary": "7.0 km", "distances_km": [7.0], "categories": ["trail"], "url": "https://lopplistan.se/lopp/faboloppet/", "description": "", "estimated": true}}, {"type": "Feature", "geometry": {"type": "Point", "coordinates": [16.39886, 57.89275]}, "properties": {"id": "seb8527f03e800", "country": "SE", "name": "Byrundan", "date": "2027-07-15T00:00:00Z", "town": "Gamleby", "area": null, "distanceSummary": "8.0, 4.0, 1.6, 0.5 km", "distances_km": [0.5, 1.6, 4.0, 8.0], "categories": ["road"], "url": "https://lopplistan.se/lopp/byrundan/", "description": "", "estimated": true}}, {"type": "Feature", "geometry": {"type": "Point", "coordinates": [15.20842, 59.28055]}, "properties": {"id": "se3ada8656d765", "country": "SE", "name": "Semesterhalvmaran", "date": "2027-07-15T00:00:00Z", "town": "Örebro", "area": null, "distanceSummary": "21.1 km", "distances_km": [21.1], "categories": ["road"], "url": "https://lopplistan.se/lopp/semesterhalvmaran-orebro/", "description": "", "estimated": true}}, {"type": "Feature", "geometry": {"type": "Point", "coordinates": [13.08387, 63.40036]}, "properties": {"id": "se719af8891561", "country": "SE", "name": "Fjällmaraton Ottsjö 12K", "date": "2027-07-15T00:00:00Z", "town": "Åre", "area": null, "distanceSummary": "12.0 km", "distances_km": [12.0], "categories": ["trail"], "url": "https://lopplistan.se/lopp/fjallmaraton-ottsjo-12k/", "description": "", "estimated": true}}, {"type": "Feature", "geometry": {"type": "Point", "coordinates": [18.30405, 57.5295]}, "properties": {"id": "sec24f529bfd16", "country": "SE", "name": "Jungfruloppet", "date": "2027-07-15T00:00:00Z", "town": "Gotland", "area": null, "distanceSummary": "14.0, 6.0, 1.2 km", "distances_km": [1.2, 6.0, 14.0], "categories": ["road"], "url": "https://lopplistan.se/lopp/jungfruloppet/", "description": "", "estimated": true}}, {"type": "Feature", "geometry": {"type": "Point", "coordinates": [14.19108, 55.58972]}, "properties": {"id": "sec03cca2f0d27", "country": "SE", "name": "Gylleboloppet", "date": "2027-07-15T00:00:00Z", "town": "Gyllebo", "area": null, "distanceSummary": "8.0, 4.0, 0.6 km", "distances_km": [0.6, 4.0, 8.0], "categories": ["road"], "url": "https://lopplistan.se/lopp/gylleboloppet/", "description": "", "estimated": true}}, {"type": "Feature", "geometry": {"type": "Point", "coordinates": [14.34947, 55.56253]}, "properties": {"id": "sed0d663ae3d8b", "country": "SE", "name": "Kullaloppet", "date": "2027-07-15T00:00:00Z", "town": "Simrishamn", "area": null, "distanceSummary": "10.5, 5.2 km", "distances_km": [5.2, 10.5], "categories": ["road"], "url": "https://lopplistan.se/lopp/kullaloppet/", "description": "", "estimated": true}}, {"type": "Feature", "geometry": {"type": "Point", "coordinates": [12.74447, 62.73564]}, "properties": {"id": "secfc254c78ffc", "country": "SE", "name": "Helags Fjällmara", "date": "2027-07-15T00:00:00Z", "town": "Ljungdalsfjällen", "area": null, "distanceSummary": "3.0 km", "distances_km": [3.0], "categories": ["trail"], "url": "https://lopplistan.se/lopp/helags-fjallmara/", "description": "", "estimated": true}}, {"type": "Feature", "geometry": {"type": "Point", "coordinates": [14.21881, 58.84734]}, "properties": {"id": "se3a30456e4a77", "country": "SE", "name": "Riddarsprånget", "date": "2027-07-15T00:00:00Z", "town": "Hova", "area": null, "distanceSummary": "10.0, 5.0, 2.0, 0.5 km", "distances_km": [0.5, 2.0, 5.0, 10.0], "categories": ["road"], "url": "https://lopplistan.se/lopp/riddarspranget/", "description": "", "estimated": true}}, {"type": "Feature", "geometry": {"type": "Point", "coordinates": [18.1153, 58.99602]}, "properties": {"id": "sed4b11044b382", "country": "SE", "name": "Musköloppet", "date": "2027-07-15T00:00:00Z", "town": "Muskö, Haninge", "area": null, "distanceSummary": "Stafett, 10.0, 5.0, 2.5, 1.5 km", "distances_km": [1.5, 2.5, 5.0, 10.0], "categories": ["road"], "url": "https://lopplistan.se/lopp/muskoloppet/", "description": "", "estimated": true}}, {"type": "Feature", "geometry": {"type": "Point", "coordinates": [13.71627, 59.87633]}, "properties": {"id": "se50af5642b9b7", "country": "SE", "name": "Kjell Lidh loppet", "date": "2027-07-15T00:00:00Z", "town": "Sunnemo", "area": null, "distanceSummary": "4.0 km", "distances_km": [4.0], "categories": ["road"], "url": "https://lopplistan.se/lopp/kjell-lidh-loppet/", "description": "", "estimated": true}}, {"type": "Feature", "geometry": {"type": "Point", "coordinates": [14.1061, 59.30796]}, "properties": {"id": "se74bf3751ebc4", "country": "SE", "name": "Kristinehamn Backyard 12H", "date": "2027-07-15T00:00:00Z", "town": "Kristinehamn", "area": null, "distanceSummary": "Backyard ultra", "distances_km": [], "categories": ["road"], "url": "https://lopplistan.se/lopp/kristinehamn-backyard-12h/", "description": "", "estimated": true}}, {"type": "Feature", "geometry": {"type": "Point", "coordinates": [18.07426, 59.33431]}, "properties": {"id": "sea7852319d0a6", "country": "SE", "name": "RUNmarö", "date": "2027-07-15T00:00:00Z", "town": "Stockholm", "area": null, "distanceSummary": "21.0, 5.7, 1.5 km", "distances_km": [1.5, 5.7, 21.0], "categories": ["road"], "url": "https://lopplistan.se/lopp/runmaro/", "description": "", "estimated": true}}, {"type": "Feature", "geometry": {"type": "Point", "coordinates": [14.58251, 56.04913]}, "properties": {"id": "se15bd92548e99", "country": "SE", "name": "Sölvesborgs Killebomslopp", "date": "2027-07-15T00:00:00Z", "town": "Sölvesborg", "area": null, "distanceSummary": "10.0, 5.0 km", "distances_km": [5.0, 10.0], "categories": ["road"], "url": "https://lopplistan.se/lopp/solvesborgs-killebomslopp/", "description": "", "estimated": true}}, {"type": "Feature", "geometry": {"type": "Point", "coordinates": [12.86018, 56.42816]}, "properties": {"id": "se10bf58b9cf00", "country": "SE", "name": "Bjäre Trail", "date": "2027-07-15T00:00:00Z", "town": "Båstad", "area": null, "distanceSummary": "51.0, 34.0, 17.0, 12.0, 5.0 km", "distances_km": [5.0, 12.0, 17.0, 34.0, 51.0], "categories": ["trail"], "url": "https://lopplistan.se/lopp/bjare-trail/", "description": "", "estimated": true}}, {"type": "Feature", "geometry": {"type": "Point", "coordinates": [13.06698, 63.21147]}, "properties": {"id": "se08f16139e1d2", "country": "SE", "name": "AGO Sprinten", "date": "2027-07-15T00:00:00Z", "town": "Ottsjö", "area": null, "distanceSummary": "200 meter", "distances_km": [200.0], "categories": ["trail"], "url": "https://lopplistan.se/lopp/ago-sprinten/", "description": "", "estimated": true}}, {"type": "Feature", "geometry": {"type": "Point", "coordinates": [13.16455, 63.2629]}, "properties": {"id": "see4d6c9f68bfc", "country": "SE", "name": "KIA Fjällmaraton 45K", "date": "2027-08-15T00:00:00Z", "town": "Trillevallen", "area": null, "distanceSummary": "45.0 km", "distances_km": [45.0], "categories": ["trail"], "url": "https://lopplistan.se/lopp/kia-fjallmaraton-45k/", "description": "", "estimated": true}}, {"type": "Feature", "geometry": {"type": "Point", "coordinates": [13.00084, 55.60642]}, "properties": {"id": "se432929bfdd97", "country": "SE", "name": "Midnattsloppet", "date": "2027-08-15T00:00:00Z", "town": "Malmö", "area": null, "distanceSummary": "10.0, 5.0 km", "distances_km": [5.0, 10.0], "categories": ["road"], "url": "https://lopplistan.se/lopp/midnattsloppet-1/", "description": "", "estimated": true}}, {"type": "Feature", "geometry": {"type": "Point", "coordinates": [14.16503, 57.78158]}, "properties": {"id": "se084b2e8d3b4e", "country": "SE", "name": "Blodomloppet Jönköping", "date": "2027-08-15T00:00:00Z", "town": "Jönköping", "area": null, "distanceSummary": "10.0, 5.0 km", "distances_km": [5.0, 10.0], "categories": ["road"], "url": "https://lopplistan.se/lopp/blodomloppet-jonkoping/", "description": "", "estimated": true}}, {"type": "Feature", "geometry": {"type": "Point", "coordinates": [16.54739, 59.60947]}, "properties": {"id": "se914bcbd667cc", "country": "SE", "name": "Blodomloppet Västerås", "date": "2027-08-15T00:00:00Z", "town": "Västerås", "area": null, "distanceSummary": "10.0, 5.0 km", "distances_km": [5.0, 10.0], "categories": ["road"], "url": "https://lopplistan.se/lopp/blodomloppet-vasteras/", "description": "", "estimated": true}}, {"type": "Feature", "geometry": {"type": "Point", "coordinates": [13.49941, 59.38363]}, "properties": {"id": "sea773fac994ef", "country": "SE", "name": "Blodomloppet Karlstad", "date": "2027-08-15T00:00:00Z", "town": "Karlstad", "area": null, "distanceSummary": "10.0, 5.0 km", "distances_km": [5.0, 10.0], "categories": ["road"], "url": "https://lopplistan.se/lopp/blodomloppet-karlstad/", "description": "", "estimated": true}}, {"type": "Feature", "geometry": {"type": "Point", "coordinates": [14.63364, 63.17335]}, "properties": {"id": "se1d110c5055c8", "country": "SE", "name": "Blodomloppet Östersund", "date": "2027-08-15T00:00:00Z", "town": "Östersund", "area": null, "distanceSummary": "10.0, 5.0 km", "distances_km": [5.0, 10.0], "categories": ["road"], "url": "https://lopplistan.se/lopp/blodomloppet-ostersund/", "description": "", "estimated": true}}, {"type": "Feature", "geometry": {"type": "Point", "coordinates": [13.31901, 59.5096]}, "properties": {"id": "se5c4502768cfa", "country": "SE", "name": "Kil Stadslopp", "date": "2027-08-15T00:00:00Z", "town": "Kil", "area": null, "distanceSummary": "5.0 km", "distances_km": [5.0], "categories": ["road"], "url": "https://lopplistan.se/lopp/kil-stadslopp/", "description": "", "estimated": true}}, {"type": "Feature", "geometry": {"type": "Point", "coordinates": [12.83307, 61.88961]}, "properties": {"id": "sec8f9f816c74e", "country": "SE", "name": "Craft Idre Fjällmaraton", "date": "2027-08-15T00:00:00Z", "town": "Idre Fjäll", "area": null, "distanceSummary": "45.0, 28.0, 18.0, 8.0 km", "distances_km": [8.0, 18.0, 28.0, 45.0], "categories": ["trail"], "url": "https://lopplistan.se/lopp/craft-idre-fjallmaraton/", "description": "", "estimated": true}}, {"type": "Feature", "geometry": {"type": "Point", "coordinates": [20.95864, 64.75774]}, "properties": {"id": "seb67cab189d2a", "country": "SE", "name": "Kraftloppet", "date": "2027-08-15T00:00:00Z", "town": "Skellefteå", "area": null, "distanceSummary": "21.0, 12.0, 2.7, 0.5 km", "distances_km": [0.5, 2.7, 12.0, 21.0], "categories": ["road"], "url": "https://lopplistan.se/lopp/kraftloppet-1/", "description": "", "estimated": true}}, {"type": "Feature", "geometry": {"type": "Point", "coordinates": [15.34433, 58.42137]}, "properties": {"id": "se1ab4982c0ce5", "country": "SE", "name": "Västerlösa Five Point Challenge", "date": "2027-08-15T00:00:00Z", "town": "Västerlösa", "area": null, "distanceSummary": "10.5, 4.5 km", "distances_km": [4.5, 10.5], "categories": ["trail"], "url": "https://lopplistan.se/lopp/vasterlosa-five-point-challenge/", "description": "", "estimated": true}}, {"type": "Feature", "geometry": {"type": "Point", "coordinates": [13.96288, 58.18443]}, "properties": {"id": "se597c623f3f0d", "country": "SE", "name": "Kräftivalsloppet", "date": "2027-08-15T00:00:00Z", "town": "Tidaholm", "area": null, "distanceSummary": "Barndistans, 10.0, 5.0 km", "distances_km": [5.0, 10.0], "categories": ["road"], "url": "https://lopplistan.se/lopp/kraftivalsloppet/", "description": "", "estimated": true}}, {"type": "Feature", "geometry": {"type": "Point", "coordinates": [12.83243, 61.88039]}, "properties": {"id": "se77071b2b70ee", "country": "SE", "name": "Askes Fjällmaraton", "date": "2027-08-15T00:00:00Z", "town": "Idre Fjäll", "area": null, "distanceSummary": "1.0 km", "distances_km": [1.0], "categories": ["trail"], "url": "https://lopplistan.se/lopp/askes-fjallmaraton/", "description": "", "estimated": true}}, {"type": "Feature", "geometry": {"type": "Point", "coordinates": [12.85703, 56.67719]}, "properties": {"id": "seacc604de6682", "country": "SE", "name": "Prins Bertils Halvmarathon", "date": "2027-08-15T00:00:00Z", "town": "Halmstad", "area": null, "distanceSummary": "21.1, 10.0 km", "distances_km": [10.0, 21.1], "categories": ["road"], "url": "https://lopplistan.se/lopp/prins-bertils-halvmarathon/", "description": "", "estimated": true}}, {"type": "Feature", "geometry": {"type": "Point", "coordinates": [16.54852, 59.6186]}, "properties": {"id": "se30f71faf7600", "country": "SE", "name": "Västerås Run", "date": "2027-08-15T00:00:00Z", "town": "Västerås", "area": null, "distanceSummary": "33.0, 14.0 km", "distances_km": [14.0, 33.0], "categories": ["trail"], "url": "https://lopplistan.se/lopp/vasteras-run/", "description": "", "estimated": true}}, {"type": "Feature", "geometry": {"type": "Point", "coordinates": [13.65831, 55.84449]}, "properties": {"id": "se9e0cfa7a298f", "country": "SE", "name": "TGS – Trail Genom Skåne", "date": "2027-08-15T00:00:00Z", "town": "Hovdala", "area": null, "distanceSummary": "60.0, 35.0, 25.0, 10.0 km", "distances_km": [10.0, 25.0, 35.0, 60.0], "categories": ["trail"], "url": "https://lopplistan.se/lopp/tgs-trail-genom-skane/", "description": "", "estimated": true}}, {"type": "Feature", "geometry": {"type": "Point", "coordinates": [22.95256, 66.52266]}, "properties": {"id": "se6da111554141", "country": "SE", "name": "Arctic Circle Race", "date": "2027-08-15T00:00:00Z", "town": "Norrbotten", "area": null, "distanceSummary": "17.0 km", "distances_km": [17.0], "categories": ["trail"], "url": "https://lopplistan.se/lopp/arctic-circle-race/", "description": "", "estimated": true}}, {"type": "Feature", "geometry": {"type": "Point", "coordinates": [16.56557, 58.58088]}, "properties": {"id": "se178283f0e0e2", "country": "SE", "name": "Häv och Gräv Vikbovändan", "date": "2027-08-15T00:00:00Z", "town": "Östra Husby", "area": null, "distanceSummary": "45.0 km", "distances_km": [45.0], "categories": ["road"], "url": "https://lopplistan.se/lopp/hav-och-grav-vikbovandan/", "description": "", "estimated": true}}, {"type": "Feature", "geometry": {"type": "Point", "coordinates": [15.62453, 58.40981]}, "properties": {"id": "se634248b4a64f", "country": "SE", "name": "Nattvarvet Linköping", "date": "2027-08-15T00:00:00Z", "town": "Linköping", "area": null, "distanceSummary": "5.5 km", "distances_km": [5.5], "categories": ["road"], "url": "https://lopplistan.se/lopp/nattvarvet-linkoping/", "description": "", "estimated": true}}, {"type": "Feature", "geometry": {"type": "Point", "coordinates": [18.07172, 59.32548]}, "properties": {"id": "se12e950c780b8", "country": "SE", "name": "Hjorthagen Ultra Trail 100", "date": "2027-08-15T00:00:00Z", "town": "Stockholm", "area": null, "distanceSummary": "163.0, 81.0 km", "distances_km": [81.0, 163.0], "categories": ["trail"], "url": "https://lopplistan.se/lopp/hjorthagen-ultra-trail-100/", "description": "", "estimated": true}}, {"type": "Feature", "geometry": {"type": "Point", "coordinates": [16.73499, 60.51398]}, "properties": {"id": "se87f4a84e0daf", "country": "SE", "name": "Vikingatrailen", "date": "2027-08-15T00:00:00Z", "town": "Årsunda", "area": null, "distanceSummary": "21.0, 10.0, 5.0, 1.0 km", "distances_km": [1.0, 5.0, 10.0, 21.0], "categories": ["trail"], "url": "https://lopplistan.se/lopp/vikingatrailen/", "description": "", "estimated": true}}, {"type": "Feature", "geometry": {"type": "Point", "coordinates": [11.49754, 58.23182]}, "properties": {"id": "se6b10aa531e6f", "country": "SE", "name": "Taube-loppet", "date": "2027-08-15T00:00:00Z", "town": "Flatön, Orust", "area": null, "distanceSummary": "36.0, 21.1, 10.0, 5.0, 0.4 km", "distances_km": [0.4, 5.0, 10.0, 21.1, 36.0], "categories": ["road"], "url": "https://lopplistan.se/lopp/taube-loppet/", "description": "", "estimated": true}}, {"type": "Feature", "geometry": {"type": "Point", "coordinates": [14.54914, 61.01749]}, "properties": {"id": "se8b2b2605d0ac", "country": "SE", "name": "Trailvasan 10", "date": "2027-08-15T00:00:00Z", "town": "Mora", "area": null, "distanceSummary": "10.0 km", "distances_km": [10.0], "categories": ["trail"], "url": "https://lopplistan.se/lopp/trailvasan-10/", "description": "", "estimated": true}}, {"type": "Feature", "geometry": {"type": "Point", "coordinates": [18.8996, 59.39775]}, "properties": {"id": "sed828dcd9374d", "country": "SE", "name": "Grinda Trail Run", "date": "2027-08-15T00:00:00Z", "town": "Grinda, Stockholms skärgår", "area": null, "distanceSummary": "10.0, 6.0, 3.0 km", "distances_km": [3.0, 6.0, 10.0], "categories": ["trail"], "url": "https://lopplistan.se/lopp/grinda-trail-run/", "description": "", "estimated": true}}, {"type": "Feature", "geometry": {"type": "Point", "coordinates": [17.10433, 61.73403]}, "properties": {"id": "se4e8620471c42", "country": "SE", "name": "Hudikrännet TRAIL", "date": "2027-08-15T00:00:00Z", "town": "Hudiksvall", "area": null, "distanceSummary": "8.0, 4.3, 1.0 km", "distances_km": [1.0, 4.3, 8.0], "categories": ["trail"], "url": "https://lopplistan.se/lopp/hudikrannet-trail/", "description": "", "estimated": true}}, {"type": "Feature", "geometry": {"type": "Point", "coordinates": [16.36695, 56.66279]}, "properties": {"id": "sea7f11a00afc1", "country": "SE", "name": "Nattloppet", "date": "2027-08-15T00:00:00Z", "town": "Kalmar", "area": null, "distanceSummary": "5.0 km", "distances_km": [5.0], "categories": ["road"], "url": "https://lopplistan.se/lopp/nattloppet/", "description": "", "estimated": true}}, {"type": "Feature", "geometry": {"type": "Point", "coordinates": [13.82211, 58.71805]}, "properties": {"id": "se893f8bdb26c7", "country": "SE", "name": "Mariestads Marathon", "date": "2027-08-15T00:00:00Z", "town": "Mariestad", "area": null, "distanceSummary": "42.2, 21.1, 7.0 km", "distances_km": [7.0, 21.1, 42.2], "categories": ["road"], "url": "https://lopplistan.se/lopp/mariestads-marathon/", "description": "", "estimated": true}}, {"type": "Feature", "geometry": {"type": "Point", "coordinates": [11.97073, 57.71254]}, "properties": {"id": "sefc7aac4a3456", "country": "SE", "name": "Säve Trail Run", "date": "2027-08-15T00:00:00Z", "town": "Göteborg", "area": null, "distanceSummary": "12.0, 7.0, 2.0 km", "distances_km": [2.0, 7.0, 12.0], "categories": ["trail"], "url": "https://lopplistan.se/lopp/save-trail-run/", "description": "", "estimated": true}}, {"type": "Feature", "geometry": {"type": "Point", "coordinates": [17.44118, 62.5304]}, "properties": {"id": "se7f7576623582", "country": "SE", "name": "Blodomloppet Sundsvall", "date": "2027-08-15T00:00:00Z", "town": "Sundsvall/Timrå", "area": null, "distanceSummary": "10.0, 5.0 km", "distances_km": [5.0, 10.0], "categories": ["road"], "url": "https://lopplistan.se/lopp/blodomloppet-sundsvall/", "description": "", "estimated": true}}, {"type": "Feature", "geometry": {"type": "Point", "coordinates": [16.63673, 56.6635]}, "properties": {"id": "seb04788d58ac5", "country": "SE", "name": "Ölands Marathon", "date": "2027-08-15T00:00:00Z", "town": "Öland", "area": null, "distanceSummary": "42.2 km", "distances_km": [42.2], "categories": ["road"], "url": "https://lopplistan.se/lopp/olands-marathon/", "description": "", "estimated": true}}, {"type": "Feature", "geometry": {"type": "Point", "coordinates": [14.16284, 57.77544]}, "properties": {"id": "sea49079683264", "country": "SE", "name": "Jönköping Marathon", "date": "2027-08-15T00:00:00Z", "town": "Jönköping", "area": null, "distanceSummary": "42.2, 21.1 km", "distances_km": [21.1, 42.2], "categories": ["road"], "url": "https://lopplistan.se/lopp/jonkoping-marathon/", "description": "", "estimated": true}}, {"type": "Feature", "geometry": {"type": "Point", "coordinates": [14.73479, 61.03391]}, "properties": {"id": "seb319e6d46275", "country": "SE", "name": "Ultravasan 90", "date": "2027-08-15T00:00:00Z", "town": "Sälen-Mora", "area": null, "distanceSummary": "90.0 km", "distances_km": [90.0], "categories": ["trail"], "url": "https://lopplistan.se/lopp/ultravasan-90/", "description": "", "estimated": true}}, {"type": "Feature", "geometry": {"type": "Point", "coordinates": [14.17109, 61.11654]}, "properties": {"id": "seef16d040313e", "country": "SE", "name": "Ultravasan 45", "date": "2027-08-15T00:00:00Z", "town": "Oxberg-Mora", "area": null, "distanceSummary": "45.0 km", "distances_km": [45.0], "categories": ["trail"], "url": "https://lopplistan.se/lopp/ultravasan-45/", "description": "", "estimated": true}}, {"type": "Feature", "geometry": {"type": "Point", "coordinates": [12.01303, 57.65723]}, "properties": {"id": "se3eeeeae3c11b", "country": "SE", "name": "Mölndalsloppet", "date": "2027-08-15T00:00:00Z", "town": "Mölndal", "area": null, "distanceSummary": "10.0, 5.0, 3.0, 0.85 km", "distances_km": [0.85, 3.0, 5.0, 10.0], "categories": ["road"], "url": "https://lopplistan.se/lopp/molndalsloppet/", "description": "", "estimated": true}}, {"type": "Feature", "geometry": {"type": "Point", "coordinates": [13.27815, 61.15511]}, "properties": {"id": "se03221a463e60", "country": "SE", "name": "Fjällmaraton Sälen by EQPE", "date": "2027-08-15T00:00:00Z", "town": "Sälen", "area": null, "distanceSummary": "42.0, 21.0, 10.0 km", "distances_km": [10.0, 21.0, 42.0], "categories": ["trail"], "url": "https://lopplistan.se/lopp/fjallmaraton-salen-by-eqpe/", "description": "", "estimated": true}}, {"type": "Feature", "geometry": {"type": "Point", "coordinates": [20.25077, 67.30058]}, "properties": {"id": "se289b65058d3d", "country": "SE", "name": "Dundret Extreme Running", "date": "2027-08-15T00:00:00Z", "town": "Gällivare", "area": null, "distanceSummary": "22.0, 10.0, 2.0 km", "distances_km": [2.0, 10.0, 22.0], "categories": ["trail"], "url": "https://lopplistan.se/lopp/dundret-extreme-running/", "description": "", "estimated": true}}, {"type": "Feature", "geometry": {"type": "Point", "coordinates": [22.14568, 65.58049]}, "properties": {"id": "sea3265421ef44", "country": "SE", "name": "Brändö Coast Run", "date": "2027-08-15T00:00:00Z", "town": "Luleå", "area": null, "distanceSummary": "10.0, 2.0 km", "distances_km": [2.0, 10.0], "categories": ["trail"], "url": "https://lopplistan.se/lopp/brando-coast-run/", "description": "", "estimated": true}}, {"type": "Feature", "geometry": {"type": "Point", "coordinates": [16.31348, 61.57746]}, "properties": {"id": "se31de3eb0666c", "country": "SE", "name": "Kvaråsloppet", "date": "2027-08-15T00:00:00Z", "town": "Simeå", "area": null, "distanceSummary": "7.8, 3.0 km", "distances_km": [3.0, 7.8], "categories": ["trail"], "url": "https://lopplistan.se/lopp/kvarasloppet/", "description": "", "estimated": true}}, {"type": "Feature", "geometry": {"type": "Point", "coordinates": [14.96978, 57.6656]}, "properties": {"id": "se6af3bd5f88ae", "country": "SE", "name": "Hunsnäsen Runt", "date": "2027-08-15T00:00:00Z", "town": "Eksjö", "area": null, "distanceSummary": "6.4 km", "distances_km": [6.4], "categories": ["road"], "url": "https://lopplistan.se/lopp/hunsnasen-runt-eksjo/", "description": "", "estimated": true}}, {"type": "Feature", "geometry": {"type": "Point", "coordinates": [17.81794, 59.28637]}, "properties": {"id": "sef44a7d22300c", "country": "SE", "name": "Magnus Ladulåsloppet", "date": "2027-08-15T00:00:00Z", "town": "Ekerö", "area": null, "distanceSummary": "10.0 km", "distances_km": [10.0], "categories": ["trail"], "url": "https://lopplistan.se/lopp/magnus-ladulasloppet/", "description": "", "estimated": true}}, {"type": "Feature", "geometry": {"type": "Point", "coordinates": [15.20798, 59.28115]}, "properties": {"id": "sec4bf3248e0eb", "country": "SE", "name": "Adolfsberg Frontyard 30", "date": "2027-08-15T00:00:00Z", "town": "Örebro", "area": null, "distanceSummary": "Frontyard", "distances_km": [], "categories": ["trail"], "url": "https://lopplistan.se/lopp/adolfsberg-frontyard-30/", "description": "", "estimated": true}}, {"type": "Feature", "geometry": {"type": "Point", "coordinates": [18.71195, 63.28568]}, "properties": {"id": "sec6f0062ef113", "country": "SE", "name": "Hägglunds Trail", "date": "2027-08-15T00:00:00Z", "town": "Örnsköldsvik", "area": null, "distanceSummary": "6.7, 2.4 km", "distances_km": [2.4, 6.7], "categories": ["trail"], "url": "https://lopplistan.se/lopp/hagglunds-trail/", "description": "", "estimated": true}}, {"type": "Feature", "geometry": {"type": "Point", "coordinates": [13.08085, 63.39815]}, "properties": {"id": "se0041fd0b9096", "country": "SE", "name": "Fjällmaraton Ottsjö 12K", "date": "2027-08-15T00:00:00Z", "town": "Åre", "area": null, "distanceSummary": "12.0 km", "distances_km": [12.0], "categories": ["trail"], "url": "https://lopplistan.se/lopp/fjallmaraton-ottsjo-12k/", "description": "", "estimated": true}}, {"type": "Feature", "geometry": {"type": "Point", "coordinates": [18.07897, 59.32896]}, "properties": {"id": "see33166d22bfb", "country": "SE", "name": "Frontyard", "date": "2027-08-15T00:00:00Z", "town": "Stockholm", "area": null, "distanceSummary": "Frontyard", "distances_km": [], "categories": ["trail"], "url": "https://lopplistan.se/lopp/frontyard/", "description": "", "estimated": true}}, {"type": "Feature", "geometry": {"type": "Point", "coordinates": [15.75139, 60.35706]}, "properties": {"id": "sec08bff95ffda", "country": "SE", "name": "Alpe de Bispberg Trail Run", "date": "2027-08-15T00:00:00Z", "town": "Säter", "area": null, "distanceSummary": "21.0, 11.0 km", "distances_km": [11.0, 21.0], "categories": ["trail"], "url": "https://lopplistan.se/lopp/alpe-de-bispberg-trail-run/", "description": "", "estimated": true}}, {"type": "Feature", "geometry": {"type": "Point", "coordinates": [17.52824, 59.57398]}, "properties": {"id": "se15afb8189f2c", "country": "SE", "name": "Godisjoggen", "date": "2027-08-15T00:00:00Z", "town": "Bålsta", "area": null, "distanceSummary": "1.0 km", "distances_km": [1.0], "categories": ["road"], "url": "https://lopplistan.se/lopp/godisjoggen/", "description": "", "estimated": true}}, {"type": "Feature", "geometry": {"type": "Point", "coordinates": [13.02427, 55.72447]}, "properties": {"id": "se639573ed937c", "country": "SE", "name": "Trans Scania", "date": "2027-08-15T00:00:00Z", "town": "Bjärred", "area": null, "distanceSummary": "246.0 km", "distances_km": [246.0], "categories": ["trail"], "url": "https://lopplistan.se/lopp/trans-scania/", "description": "", "estimated": true}}, {"type": "Feature", "geometry": {"type": "Point", "coordinates": [13.44023, 58.38647]}, "properties": {"id": "se1b4154f51659", "country": "SE", "name": "IstRun", "date": "2027-08-15T00:00:00Z", "town": "Skara", "area": null, "distanceSummary": "21.1 km", "distances_km": [21.1], "categories": ["road"], "url": "https://lopplistan.se/lopp/istrun/", "description": "", "estimated": true}}, {"type": "Feature", "geometry": {"type": "Point", "coordinates": [23.49293, 65.85982]}, "properties": {"id": "se1d4b2a026e3a", "country": "SE", "name": "Sangis runt", "date": "2027-08-15T00:00:00Z", "town": "Sangis", "area": null, "distanceSummary": "10.0, 5.0, 2.5, 1.0, 0.5 km", "distances_km": [0.5, 1.0, 2.5, 5.0, 10.0], "categories": ["trail"], "url": "https://lopplistan.se/lopp/sangis-runt/", "description": "", "estimated": true}}, {"type": "Feature", "geometry": {"type": "Point", "coordinates": [17.01877, 58.74949]}, "properties": {"id": "se52226cb637b0", "country": "SE", "name": "Park till park loppet", "date": "2027-08-15T00:00:00Z", "town": "Nyköping", "area": null, "distanceSummary": "5.0, 1.0 km", "distances_km": [1.0, 5.0], "categories": ["road"], "url": "https://lopplistan.se/lopp/park-till-park-loppet/", "description": "", "estimated": true}}, {"type": "Feature", "geometry": {"type": "Point", "coordinates": [15.04826, 58.5399]}, "properties": {"id": "secf7cf7ac1469", "country": "SE", "name": "Husbyfjöl Frontyard Ultra", "date": "2027-08-15T00:00:00Z", "town": "Motala", "area": null, "distanceSummary": "Frontyard", "distances_km": [], "categories": ["road"], "url": "https://lopplistan.se/lopp/husbyfjol-frontyard-ultra/", "description": "", "estimated": true}}, {"type": "Feature", "geometry": {"type": "Point", "coordinates": [18.07975, 59.32711]}, "properties": {"id": "se900a35a824e6", "country": "SE", "name": "Convini Stafetten", "date": "2027-08-15T00:00:00Z", "town": "Stockholm", "area": null, "distanceSummary": "5x5 km", "distances_km": [5.0], "categories": ["road"], "url": "https://lopplistan.se/lopp/convini-stafetten/", "description": "", "estimated": true}}, {"type": "Feature", "geometry": {"type": "Point", "coordinates": [11.95763, 57.76242]}, "properties": {"id": "se96b5844d766e", "country": "SE", "name": "Skogome 6-Timmars", "date": "2027-08-15T00:00:00Z", "town": "Skogome", "area": null, "distanceSummary": "6-timmar, 3-timmar, 1-timme", "distances_km": [1.0, 3.0, 6.0], "categories": ["road"], "url": "https://lopplistan.se/lopp/skogome-6-timmars/", "description": "", "estimated": true}}, {"type": "Feature", "geometry": {"type": "Point", "coordinates": [11.41781, 58.74817]}, "properties": {"id": "se464b1ab4a684", "country": "SE", "name": "Tanumsloppet", "date": "2027-08-15T00:00:00Z", "town": "Tanum", "area": null, "distanceSummary": "9.0, 6.0, 3.0, 1.0 km", "distances_km": [1.0, 3.0, 6.0, 9.0], "categories": ["road"], "url": "https://lopplistan.se/lopp/tanumsloppet/", "description": "", "estimated": true}}, {"type": "Feature", "geometry": {"type": "Point", "coordinates": [15.21462, 59.28047]}, "properties": {"id": "sea1c56d3f8642", "country": "SE", "name": "Rynningeviken Längre", "date": "2027-08-15T00:00:00Z", "town": "Örebro", "area": null, "distanceSummary": "6-timmar, 3-timmar", "distances_km": [3.0, 6.0], "categories": ["road"], "url": "https://lopplistan.se/lopp/rynningeviken-langre/", "description": "", "estimated": true}}, {"type": "Feature", "geometry": {"type": "Point", "coordinates": [17.62773, 59.86198]}, "properties": {"id": "see1d4dab95630", "country": "SE", "name": "Kyrksvängen", "date": "2027-08-15T00:00:00Z", "town": "Uppsala", "area": null, "distanceSummary": "10.0, 5.0, 3.0, 1.5 km", "distances_km": [1.5, 3.0, 5.0, 10.0], "categories": ["road"], "url": "https://lopplistan.se/lopp/kyrksvangen/", "description": "", "estimated": true}}, {"type": "Feature", "geometry": {"type": "Point", "coordinates": [13.08022, 63.4007]}, "properties": {"id": "seb27e8f737e26", "country": "SE", "name": "Åre Run Club x Copperhill loop", "date": "2027-08-15T00:00:00Z", "town": "Åre", "area": null, "distanceSummary": "20.0, 15.0, 10.0, 5.0 km", "distances_km": [5.0, 10.0, 15.0, 20.0], "categories": ["road"], "url": "https://lopplistan.se/lopp/are-run-club-x-copperhill-loop/", "description": "", "estimated": true}}, {"type": "Feature", "geometry": {"type": "Point", "coordinates": [12.01472, 57.6569]}, "properties": {"id": "se76f3e66b602a", "country": "SE", "name": "Slottsstafetten", "date": "2027-08-15T00:00:00Z", "town": "Mölndal", "area": null, "distanceSummary": "4x3 km", "distances_km": [3.0, 4.0], "categories": ["road"], "url": "https://lopplistan.se/lopp/slottsstafetten/", "description": "", "estimated": true}}, {"type": "Feature", "geometry": {"type": "Point", "coordinates": [18.27377, 62.95235]}, "properties": {"id": "se56a4bc706dbb", "country": "SE", "name": "Höga Kusten Trail", "date": "2027-08-15T00:00:00Z", "town": "Friluftsbyn, Höga Kusten", "area": null, "distanceSummary": "28.0, 17.0 km", "distances_km": [17.0, 28.0], "categories": ["trail"], "url": "https://lopplistan.se/lopp/hoga-kusten-trail/", "description": "", "estimated": true}}, {"type": "Feature", "geometry": {"type": "Point", "coordinates": [15.98352, 60.28422]}, "properties": {"id": "see6408dea4d61", "country": "SE", "name": "Skördeloppet", "date": "2027-08-15T00:00:00Z", "town": "Hedemora", "area": null, "distanceSummary": "10.0, 5.0, 0.85, 0.4 km", "distances_km": [0.4, 0.85, 5.0, 10.0], "categories": ["road"], "url": "https://lopplistan.se/lopp/skordeloppet/", "description": "", "estimated": true}}, {"type": "Feature", "geometry": {"type": "Point", "coordinates": [13.08255, 60.51113]}, "properties": {"id": "sed697deb18e0a", "country": "SE", "name": "Hovfjället Trail Run", "date": "2027-08-15T00:00:00Z", "town": "Torsby", "area": null, "distanceSummary": "55.0, 28.0, 11.0 km", "distances_km": [11.0, 28.0, 55.0], "categories": ["trail"], "url": "https://lopplistan.se/lopp/hovfjallet-trail-run/", "description": "", "estimated": true}}, {"type": "Feature", "geometry": {"type": "Point", "coordinates": [16.18898, 58.60211]}, "properties": {"id": "se01fe479ec21e", "country": "SE", "name": "Nattvarvet Norrköping", "date": "2027-08-15T00:00:00Z", "town": "Norrköping", "area": null, "distanceSummary": "5.5 km", "distances_km": [5.5], "categories": ["road"], "url": "https://lopplistan.se/lopp/nattvarvet-norrkoping/", "description": "", "estimated": true}}, {"type": "Feature", "geometry": {"type": "Point", "coordinates": [18.71628, 63.28832]}, "properties": {"id": "sea07f778296c6", "country": "SE", "name": "Nätra Fjällskogslopp", "date": "2027-08-15T00:00:00Z", "town": "Örnsköldsvik", "area": null, "distanceSummary": "22.0, 15.0, 9.0, 2.0 km", "distances_km": [2.0, 9.0, 15.0, 22.0], "categories": ["trail"], "url": "https://lopplistan.se/lopp/natra-fjallskogslopp/", "description": "", "estimated": true}}, {"type": "Feature", "geometry": {"type": "Point", "coordinates": [14.51414, 59.1317]}, "properties": {"id": "secc27530463de", "country": "SE", "name": "Svartåloppet", "date": "2027-08-15T00:00:00Z", "town": "Svartå", "area": null, "distanceSummary": "14.0, 5.5, 2.5 km", "distances_km": [2.5, 5.5, 14.0], "categories": ["road"], "url": "https://lopplistan.se/lopp/svartaloppet/", "description": "", "estimated": true}}, {"type": "Feature", "geometry": {"type": "Point", "coordinates": [23.00036, 66.01043]}, "properties": {"id": "seb254018abd2c", "country": "SE", "name": "Morjärvsterrängen", "date": "2027-08-15T00:00:00Z", "town": "Kalix", "area": null, "distanceSummary": "8.0, 4.0, 1.7, 0.5 km", "distances_km": [0.5, 1.7, 4.0, 8.0], "categories": ["trail"], "url": "https://lopplistan.se/lopp/morjarvsterrangen/", "description": "", "estimated": true}}, {"type": "Feature", "geometry": {"type": "Point", "coordinates": [17.00758, 58.76463]}, "properties": {"id": "se78ff16a3b4db", "country": "SE", "name": "Ångaloppet", "date": "2027-08-15T00:00:00Z", "town": "Nyköping", "area": null, "distanceSummary": "10.0 km", "distances_km": [10.0], "categories": ["trail"], "url": "https://lopplistan.se/lopp/angaloppet-1/", "description": "", "estimated": true}}, {"type": "Feature", "geometry": {"type": "Point", "coordinates": [12.42809, 57.81643]}, "properties": {"id": "se4603b1667e9d", "country": "SE", "name": "Torskabotten Runt", "date": "2027-08-15T00:00:00Z", "town": "Tollered", "area": null, "distanceSummary": "15.0, 7.5, 5.0, 3.5, 1.8, 0.4 km", "distances_km": [0.4, 1.8, 3.5, 5.0, 7.5, 15.0], "categories": ["road"], "url": "https://lopplistan.se/lopp/torskabotten-runt/", "description": "", "estimated": true}}, {"type": "Feature", "geometry": {"type": "Point", "coordinates": [18.29444, 57.53419]}, "properties": {"id": "sed8b7ca7ecab9", "country": "SE", "name": "Raukloppet", "date": "2027-08-15T00:00:00Z", "town": "Gotland", "area": null, "distanceSummary": "11.5, 4.5 km", "distances_km": [4.5, 11.5], "categories": ["road"], "url": "https://lopplistan.se/lopp/raukloppet/", "description": "", "estimated": true}}, {"type": "Feature", "geometry": {"type": "Point", "coordinates": [18.08182, 59.34935]}, "properties": {"id": "sefbc02b029278", "country": "SE", "name": "Finnkampsloppet", "date": "2027-08-15T00:00:00Z", "town": "Stockholm Stadion", "area": null, "distanceSummary": "10.0, 5.0, 2.0 km", "distances_km": [2.0, 5.0, 10.0], "categories": ["road"], "url": "https://lopplistan.se/lopp/finnkampsloppet/", "description": "", "estimated": true}}, {"type": "Feature", "geometry": {"type": "Point", "coordinates": [22.17744, 65.89821]}, "properties": {"id": "se470519ebf768", "country": "SE", "name": "Prästholmsterrängen", "date": "2027-08-15T00:00:00Z", "town": "Södra Prästholm", "area": null, "distanceSummary": "10.0, 5.0 km", "distances_km": [5.0, 10.0], "categories": ["trail"], "url": "https://lopplistan.se/lopp/prastholmsterrangen/", "description": "", "estimated": true}}, {"type": "Feature", "geometry": {"type": "Point", "coordinates": [16.1601, 61.71654]}, "properties": {"id": "seb0c30e5c47ff", "country": "SE", "name": "Salomon Järvsö Trail", "date": "2027-08-15T00:00:00Z", "town": "Järvsö", "area": null, "distanceSummary": "Barndistans, 54.0, 27.0, 10.0 km", "distances_km": [10.0, 27.0, 54.0], "categories": ["trail"], "url": "https://lopplistan.se/lopp/salomon-jarvso-trail/", "description": "", "estimated": true}}, {"type": "Feature", "geometry": {"type": "Point", "coordinates": [16.62622, 61.65331]}, "properties": {"id": "se03c8883c32d7", "country": "SE", "name": "Aspås Backyard Marathon", "date": "2027-08-15T00:00:00Z", "town": "Aspås", "area": null, "distanceSummary": "42.0, 21.0, 0.5 km", "distances_km": [0.5, 21.0, 42.0], "categories": ["road"], "url": "https://lopplistan.se/lopp/aspas-backyard-marathon/", "description": "", "estimated": true}}, {"type": "Feature", "geometry": {"type": "Point", "coordinates": [13.46181, 57.25124]}, "properties": {"id": "se61375d0c2bd3", "country": "SE", "name": "Hällabäcksloppet", "date": "2027-08-15T00:00:00Z", "town": "Gislaved", "area": null, "distanceSummary": "10.0, 5.0, 2.0 km", "distances_km": [2.0, 5.0, 10.0], "categories": ["road"], "url": "https://lopplistan.se/lopp/hallabacksloppet/", "description": "", "estimated": true}}, {"type": "Feature", "geometry": {"type": "Point", "coordinates": [13.81505, 55.99385]}, "properties": {"id": "se8b70af4c3a41", "country": "SE", "name": "Byaloppet", "date": "2027-08-15T00:00:00Z", "town": "Rickarum, Skåne", "area": null, "distanceSummary": "Barndistans, 10.0, 5.0 km", "distances_km": [5.0, 10.0], "categories": ["road"], "url": "https://lopplistan.se/lopp/byaloppet/", "description": "", "estimated": true}}, {"type": "Feature", "geometry": {"type": "Point", "coordinates": [15.41965, 60.48387]}, "properties": {"id": "se967498a73494", "country": "SE", "name": "Älven Runt", "date": "2027-08-15T00:00:00Z", "town": "Borlänge", "area": null, "distanceSummary": "4.6 km", "distances_km": [4.6], "categories": ["trail"], "url": "https://lopplistan.se/lopp/alven-runt/", "description": "", "estimated": true}}, {"type": "Feature", "geometry": {"type": "Point", "coordinates": [16.40635, 61.34602]}, "properties": {"id": "se6fe136800e9e", "country": "SE", "name": "Träslottsloppet", "date": "2027-08-15T00:00:00Z", "town": "Bollnäs", "area": null, "distanceSummary": "Barndistans, 9.0, 3.0 km", "distances_km": [3.0, 9.0], "categories": ["trail"], "url": "https://lopplistan.se/lopp/traslottsloppet/", "description": "", "estimated": true}}, {"type": "Feature", "geometry": {"type": "Point", "coordinates": [18.67934, 68.39819]}, "properties": {"id": "sea90104edb2a3", "country": "SE", "name": "Björkliden Arctic Mountain Marathon - BAMM", "date": "2027-08-15T00:00:00Z", "town": "Björkliden", "area": null, "distanceSummary": "70.0, 50.0, 30.0 km", "distances_km": [30.0, 50.0, 70.0], "categories": ["trail"], "url": "https://lopplistan.se/lopp/bjorkliden-arctic-mountain-marathon-bamm/", "description": "", "estimated": true}}, {"type": "Feature", "geometry": {"type": "Point", "coordinates": [13.51305, 59.38662]}, "properties": {"id": "se9d870b0ec141", "country": "SE", "name": "Karlstad Backyard", "date": "2027-08-15T00:00:00Z", "town": "Karlstad", "area": null, "distanceSummary": "Backyard ultra", "distances_km": [], "categories": ["trail"], "url": "https://lopplistan.se/lopp/karlstad-backyard/", "description": "", "estimated": true}}, {"type": "Feature", "geometry": {"type": "Point", "coordinates": [14.81173, 56.87942]}, "properties": {"id": "se4f2e45fc7221", "country": "SE", "name": "PRB - Personliga Rekordens Backyard", "date": "2027-08-15T00:00:00Z", "town": "Växjö", "area": null, "distanceSummary": "Backyard ultra", "distances_km": [], "categories": ["road"], "url": "https://lopplistan.se/lopp/prb-personliga-rekordens-backyard/", "description": "", "estimated": true}}, {"type": "Feature", "geometry": {"type": "Point", "coordinates": [16.20546, 58.99402]}, "properties": {"id": "se443cfcbbff4d", "country": "SE", "name": "KK-joggen", "date": "2027-08-15T00:00:00Z", "town": "Katrineholm", "area": null, "distanceSummary": "10.0, 5.1, 2.2, 1.1 km", "distances_km": [1.1, 2.2, 5.1, 10.0], "categories": ["road"], "url": "https://lopplistan.se/lopp/kk-joggen/", "description": "", "estimated": true}}, {"type": "Feature", "geometry": {"type": "Point", "coordinates": [15.82282, 64.2943]}, "properties": {"id": "se215c4a090acc", "country": "SE", "name": "Tåsjöflåset", "date": "2027-08-15T00:00:00Z", "town": "Tåsjö", "area": null, "distanceSummary": "7.0, 4.0 km", "distances_km": [4.0, 7.0], "categories": ["road"], "url": "https://lopplistan.se/lopp/tasjoflaset/", "description": "", "estimated": true}}, {"type": "Feature", "geometry": {"type": "Point", "coordinates": [15.10802, 59.69232]}, "properties": {"id": "se14cb5df11c01", "country": "SE", "name": "StripaStafetten", "date": "2027-08-15T00:00:00Z", "town": "Guldsmedshyttan", "area": null, "distanceSummary": "3 x 6 km", "distances_km": [3.0, 6.0], "categories": ["road"], "url": "https://lopplistan.se/lopp/stripastafetten/", "description": "", "estimated": true}}, {"type": "Feature", "geometry": {"type": "Point", "coordinates": [17.47055, 60.22375]}, "properties": {"id": "sefd7169a98dfc", "country": "SE", "name": "KÅVER & MELLIN Månkarbo Halvmarathon", "date": "2027-08-15T00:00:00Z", "town": "Månkarbo", "area": null, "distanceSummary": "21.1, 7.0, 2.5, 1.5 km", "distances_km": [1.5, 2.5, 7.0, 21.1], "categories": ["road"], "url": "https://lopplistan.se/lopp/kaver-mellin-mankarbo-halvmarathon/", "description": "", "estimated": true}}, {"type": "Feature", "geometry": {"type": "Point", "coordinates": [12.08924, 57.57686]}, "properties": {"id": "se7d217e93137e", "country": "SE", "name": "BBUT - Bunketorp Backyard Ultra Trail", "date": "2027-08-15T00:00:00Z", "town": "Lindome", "area": null, "distanceSummary": "Backyard ultra", "distances_km": [], "categories": ["trail"], "url": "https://lopplistan.se/lopp/bbut-bunketorp-backyard-ultra-trail/", "description": "", "estimated": true}}, {"type": "Feature", "geometry": {"type": "Point", "coordinates": [12.29255, 58.28584]}, "properties": {"id": "sebbd53b0e4e33", "country": "SE", "name": "Trollhättan City Trail", "date": "2027-08-15T00:00:00Z", "town": "Trollhättan", "area": null, "distanceSummary": "10.5 km", "distances_km": [10.5], "categories": ["trail"], "url": "https://lopplistan.se/lopp/trollhattan-city-trail/", "description": "", "estimated": true}}, {"type": "Feature", "geometry": {"type": "Point", "coordinates": [16.19869, 58.59869]}, "properties": {"id": "se9077c6ac5daf", "country": "SE", "name": "NKPG City Norrköpings Stadslopp", "date": "2027-08-15T00:00:00Z", "town": "Norrköping", "area": null, "distanceSummary": "10.0, 5.0, 1.0 km", "distances_km": [1.0, 5.0, 10.0], "categories": ["road"], "url": "https://lopplistan.se/lopp/nkpg-city-norrkopings-stadslopp/", "description": "", "estimated": true}}, {"type": "Feature", "geometry": {"type": "Point", "coordinates": [17.08305, 62.99733]}, "properties": {"id": "sefe04cf3093fc", "country": "SE", "name": "Järnforan Terräng", "date": "2027-08-15T00:00:00Z", "town": "Graninge", "area": null, "distanceSummary": "Barndistans, 14.0, 5.0 km", "distances_km": [5.0, 14.0], "categories": ["trail"], "url": "https://lopplistan.se/lopp/jarnforan-terrang/", "description": "", "estimated": true}}, {"type": "Feature", "geometry": {"type": "Point", "coordinates": [14.73719, 61.03152]}, "properties": {"id": "sed932b58b7161", "country": "SE", "name": "Vasastafetten", "date": "2027-08-15T00:00:00Z", "town": "Sälen-Mora", "area": null, "distanceSummary": "90.0 km", "distances_km": [90.0], "categories": ["trail"], "url": "https://lopplistan.se/lopp/vasastafetten/", "description": "", "estimated": true}}, {"type": "Feature", "geometry": {"type": "Point", "coordinates": [18.08176, 59.32456]}, "properties": {"id": "se7345f3cc2285", "country": "SE", "name": "Lidingöloppet - Testloppet", "date": "2027-08-15T00:00:00Z", "town": "Stockholm", "area": null, "distanceSummary": "22.0, 16.0 km", "distances_km": [16.0, 22.0], "categories": ["trail"], "url": "https://lopplistan.se/lopp/lidingoloppet-testloppet/", "description": "", "estimated": true}}, {"type": "Feature", "geometry": {"type": "Point", "coordinates": [18.07213, 59.32541]}, "properties": {"id": "seaf3f08a3a3f0", "country": "SE", "name": "Stockholm Trail", "date": "2027-08-15T00:00:00Z", "town": "Stockholm", "area": null, "distanceSummary": "21.0, 10.0, 5.0, 2.5, 0.6 km", "distances_km": [0.6, 2.5, 5.0, 10.0, 21.0], "categories": ["trail"], "url": "https://lopplistan.se/lopp/stockholm-trail/", "description": "", "estimated": true}}, {"type": "Feature", "geometry": {"type": "Point", "coordinates": [14.98096, 59.05004]}, "properties": {"id": "sed7d5c153662f", "country": "SE", "name": "Östansjöloppet", "date": "2027-08-15T00:00:00Z", "town": "Östansjö", "area": null, "distanceSummary": "10.0, 5.0, 3.0, 1.5, 0.5 km", "distances_km": [0.5, 1.5, 3.0, 5.0, 10.0], "categories": ["road"], "url": "https://lopplistan.se/lopp/ostansjoloppet/", "description": "", "estimated": true}}, {"type": "Feature", "geometry": {"type": "Point", "coordinates": [13.14817, 55.36641]}, "properties": {"id": "seed29b9cc0b58", "country": "SE", "name": "Trelleborgsloppet", "date": "2027-08-15T00:00:00Z", "town": "Trelleborg", "area": null, "distanceSummary": "10.0, 5.0 km", "distances_km": [5.0, 10.0], "categories": ["road"], "url": "https://lopplistan.se/lopp/trelleborgsloppet/", "description": "", "estimated": true}}, {"type": "Feature", "geometry": {"type": "Point", "coordinates": [18.07178, 59.32691]}, "properties": {"id": "sece390f71a7d2", "country": "SE", "name": "Saucony Djurgårdsvarvet 10K", "date": "2027-08-15T00:00:00Z", "town": "Stockholm", "area": null, "distanceSummary": "10.0 km", "distances_km": [10.0], "categories": ["road"], "url": "https://lopplistan.se/lopp/saucony-djurgardsvarvet-10k/", "description": "", "estimated": true}}, {"type": "Feature", "geometry": {"type": "Point", "coordinates": [14.58814, 56.05259]}, "properties": {"id": "se471c1bb4d771", "country": "SE", "name": "Backyard Ultra Sölvesborg", "date": "2027-08-15T00:00:00Z", "town": "Sölvesborg", "area": null, "distanceSummary": "Backyard ultra", "distances_km": [], "categories": ["trail"], "url": "https://lopplistan.se/lopp/backyard-ultra-solvesborg/", "description": "", "estimated": true}}, {"type": "Feature", "geometry": {"type": "Point", "coordinates": [18.0686, 59.32235]}, "properties": {"id": "seaeb682a3b548", "country": "SE", "name": "Adidas Stockholm Halvmarathon", "date": "2027-08-15T00:00:00Z", "town": "Stockholm", "area": null, "distanceSummary": "21.1 km", "distances_km": [21.1], "categories": ["road"], "url": "https://lopplistan.se/lopp/adidas-stockholm-halvmarathon/", "description": "", "estimated": true}}, {"type": "Feature", "geometry": {"type": "Point", "coordinates": [14.34016, 55.55621]}, "properties": {"id": "se7dd6791d3306", "country": "SE", "name": "Stafettmaran", "date": "2027-08-15T00:00:00Z", "town": "Simrishamn", "area": null, "distanceSummary": "42.2 km", "distances_km": [42.2], "categories": ["road"], "url": "https://lopplistan.se/lopp/stafettmaran/", "description": "", "estimated": true}}, {"type": "Feature", "geometry": {"type": "Point", "coordinates": [12.86507, 56.2414]}, "properties": {"id": "se0f54fae2fa85", "country": "SE", "name": "Anders Johnssons Minne 3000 m", "date": "2027-08-15T00:00:00Z", "town": "Ängelholm", "area": null, "distanceSummary": "3.0 km", "distances_km": [3.0], "categories": ["road"], "url": "https://lopplistan.se/lopp/anders-johnssons-minne-3000-m/", "description": "", "estimated": true}}, {"type": "Feature", "geometry": {"type": "Point", "coordinates": [13.07523, 56.95431]}, "properties": {"id": "se53d61545c3a8", "country": "SE", "name": "SpriT Frontyard Torup", "date": "2027-08-15T00:00:00Z", "town": "Torup", "area": null, "distanceSummary": "Frontyard", "distances_km": [], "categories": ["road"], "url": "https://lopplistan.se/lopp/sprit-frontyard-torup/", "description": "", "estimated": true}}, {"type": "Feature", "geometry": {"type": "Point", "coordinates": [12.2903, 62.13394]}, "properties": {"id": "sece578c3c1f28", "country": "SE", "name": "Grövelsjöns fjälllopp", "date": "2027-08-15T00:00:00Z", "town": "Grövelsjön", "area": null, "distanceSummary": "17.0, 10.0 km", "distances_km": [10.0, 17.0], "categories": ["trail"], "url": "https://lopplistan.se/lopp/grovelsjons-fjalllopp/", "description": "", "estimated": true}}, {"type": "Feature", "geometry": {"type": "Point", "coordinates": [20.26054, 63.82089]}, "properties": {"id": "se811ecf007609", "country": "SE", "name": "Tavelsjö Halvmarathon", "date": "2027-08-15T00:00:00Z", "town": "Umeå", "area": null, "distanceSummary": "21.1 km", "distances_km": [21.1], "categories": ["road"], "url": "https://lopplistan.se/lopp/tavelsjo-halvmarathon/", "description": "", "estimated": true}}, {"type": "Feature", "geometry": {"type": "Point", "coordinates": [11.96969, 57.6975]}, "properties": {"id": "sed91350fed858", "country": "SE", "name": "HUB Trail 200", "date": "2027-08-15T00:00:00Z", "town": "Västkusten", "area": null, "distanceSummary": "322.0 km", "distances_km": [322.0], "categories": ["trail"], "url": "https://lopplistan.se/lopp/hub-trail-200/", "description": "", "estimated": true}}, {"type": "Feature", "geometry": {"type": "Point", "coordinates": [11.96963, 57.69886]}, "properties": {"id": "se3796d58c23f9", "country": "SE", "name": "HUB Trail 100 miles", "date": "2027-08-15T00:00:00Z", "town": "Västkusten", "area": null, "distanceSummary": "161.0 km", "distances_km": [161.0], "categories": ["trail"], "url": "https://lopplistan.se/lopp/hub-trail-100-miles/", "description": "", "estimated": true}}, {"type": "Feature", "geometry": {"type": "Point", "coordinates": [11.97079, 57.68875]}, "properties": {"id": "seeb0c4a6c483c", "country": "SE", "name": "HUB Trail 100 KM", "date": "2027-08-15T00:00:00Z", "town": "Västkusten", "area": null, "distanceSummary": "100.0 km", "distances_km": [100.0], "categories": ["trail"], "url": "https://lopplistan.se/lopp/hub-trail-100-km/", "description": "", "estimated": true}}, {"type": "Feature", "geometry": {"type": "Point", "coordinates": [18.07005, 59.32486]}, "properties": {"id": "se8075246426c5", "country": "SE", "name": "Glädjeruset Täby", "date": "2027-08-15T00:00:00Z", "town": "Stockholm", "area": null, "distanceSummary": "10.0, 5.0, 2.5 km", "distances_km": [2.5, 5.0, 10.0], "categories": ["road"], "url": "https://lopplistan.se/lopp/gladjeruset-taby/", "description": "", "estimated": true}}, {"type": "Feature", "geometry": {"type": "Point", "coordinates": [17.64242, 59.84795]}, "properties": {"id": "se3ea821ee9c5e", "country": "SE", "name": "6 Sjöar", "date": "2027-08-15T00:00:00Z", "town": "Uppsala", "area": null, "distanceSummary": "42.0, 21.0, 10.0, 5.0 km", "distances_km": [5.0, 10.0, 21.0, 42.0], "categories": ["road"], "url": "https://lopplistan.se/lopp/6-sjoar/", "description": "", "estimated": true}}, {"type": "Feature", "geometry": {"type": "Point", "coordinates": [12.56678, 56.20005]}, "properties": {"id": "se1aeabd7f13b6", "country": "SE", "name": "Kullamilen", "date": "2027-08-15T00:00:00Z", "town": "Höganäs", "area": null, "distanceSummary": "10.0, 5.0, 2.5 km", "distances_km": [2.5, 5.0, 10.0], "categories": ["road"], "url": "https://lopplistan.se/lopp/kullamilen/", "description": "", "estimated": true}}, {"type": "Feature", "geometry": {"type": "Point", "coordinates": [12.93541, 57.72556]}, "properties": {"id": "se139960424b72", "country": "SE", "name": "Blodomloppet Borås", "date": "2027-08-15T00:00:00Z", "town": "Borås", "area": null, "distanceSummary": "10.0, 5.0 km", "distances_km": [5.0, 10.0], "categories": ["road"], "url": "https://lopplistan.se/lopp/blodomloppet-boras/", "description": "", "estimated": true}}, {"type": "Feature", "geometry": {"type": "Point", "coordinates": [14.17101, 61.11897]}, "properties": {"id": "se828c8770ba30", "country": "SE", "name": "Trailvasan 30", "date": "2027-08-15T00:00:00Z", "town": "Oxberg-Mora", "area": null, "distanceSummary": "30.0 km", "distances_km": [30.0], "categories": ["trail"], "url": "https://lopplistan.se/lopp/trailvasan-30/", "description": "", "estimated": true}}, {"type": "Feature", "geometry": {"type": "Point", "coordinates": [11.96439, 57.69863]}, "properties": {"id": "se558fca8b6d4c", "country": "SE", "name": "Kåsjön Trail", "date": "2027-08-15T00:00:00Z", "town": "Göteborg", "area": null, "distanceSummary": "21.0, 12.0, 6.0 km", "distances_km": [6.0, 12.0, 21.0], "categories": ["trail"], "url": "https://lopplistan.se/lopp/kasjon-trail/", "description": "", "estimated": true}}, {"type": "Feature", "geometry": {"type": "Point", "coordinates": [15.6307, 60.60235]}, "properties": {"id": "se59f1c84c57b5", "country": "SE", "name": "Stora Stöten Run", "date": "2027-08-15T00:00:00Z", "town": "Falun", "area": null, "distanceSummary": "21.6, 13.6, 5.6 km", "distances_km": [5.6, 13.6, 21.6], "categories": ["trail"], "url": "https://lopplistan.se/lopp/stora-stoten-run/", "description": "", "estimated": true}}, {"type": "Feature", "geometry": {"type": "Point", "coordinates": [16.77507, 60.62262]}, "properties": {"id": "se2d4f2550e859", "country": "SE", "name": "Sandviken Halvmaraton", "date": "2027-08-15T00:00:00Z", "town": "Sandviken", "area": null, "distanceSummary": "21.0 km", "distances_km": [21.0], "categories": ["road"], "url": "https://lopplistan.se/lopp/sandviken-halvmaraton/", "description": "", "estimated": true}}]}